algo,cluster_id,lat,long,n_points
dbscan,2.0,45.84120034939759,4.799387361445783,83.0
dbscan,3.0,45.69814461538461,4.941260538461539,13.0
dbscan,4.0,45.83138152511415,4.879024164383562,219.0
dbscan,5.0,45.731334957617406,4.734656293241696,873.0
dbscan,6.0,45.77922099248121,4.922833218045112,133.0
dbscan,7.0,45.705616,4.888630892857143,28.0
dbscan,8.0,45.81704144152744,4.895501792362769,419.0
dbscan,9.0,45.808383125,4.77962975,16.0
dbscan,10.0,45.7306444263904,4.951865455288986,3668.0
dbscan,11.0,45.699947438709685,4.766385077419356,465.0
dbscan,12.0,45.80217502083334,4.960094428571428,336.0
dbscan,13.0,45.80495838095239,4.938315267857143,168.0
dbscan,14.0,45.67388868072289,4.858698198795181,166.0
dbscan,15.0,45.72233846268657,4.761091104477612,67.0
dbscan,16.0,45.78234758333334,4.98861725,12.0
dbscan,17.0,45.779219777777776,4.979491722222223,72.0
dbscan,18.0,45.69897942168675,4.847232566265061,83.0
dbscan,19.0,45.68979062903226,4.786842677419354,62.0
dbscan,20.0,45.665954444444445,4.8412268888888885,18.0
dbscan,21.0,45.79821732352941,4.805543794117646,34.0
dbscan,22.0,45.726055,4.940006418181818,55.0
dbscan,23.0,45.69467316666667,4.8677266054421775,294.0
dbscan,24.0,45.8143115058548,4.766975388758782,427.0
dbscan,25.0,45.68763766666667,4.769887333333333,21.0
dbscan,26.0,45.73776906666667,4.7251233333333325,15.0
dbscan,27.0,45.785984223463686,4.731975681564245,179.0
dbscan,28.0,45.707417,4.753943214285714,14.0
dbscan,29.0,45.7715574,4.9693067,10.0
dbscan,30.0,45.81570865384616,4.81794625,52.0
dbscan,31.0,45.79246753125,4.9903414375,32.0
dbscan,32.0,45.73134148387097,4.783065870967742,31.0
dbscan,33.0,45.77247411111111,4.9569155,54.0
dbscan,34.0,45.84221088059702,4.9147212686567165,134.0
dbscan,35.0,45.7648389375,5.0037075625,32.0
dbscan,36.0,45.70944644,4.74558708,25.0
dbscan,37.0,45.81860220588235,4.864236558823529,34.0
dbscan,38.0,45.756982888888885,4.726543277777778,18.0
dbscan,39.0,45.72056596666666,4.9682821,30.0
dbscan,40.0,45.70982530434783,4.962496086956522,23.0
dbscan,41.0,45.71206604761905,4.835302190476191,21.0
dbscan,42.0,45.676731,4.89839747368421,19.0
dbscan,43.0,45.76651464705883,4.994478279411765,68.0
dbscan,44.0,45.73580561111111,4.931916444444444,36.0
dbscan,45.0,45.721379,4.749441,19.0
dbscan,46.0,45.81153792307692,4.914545076923077,13.0
dbscan,47.0,45.809387422018354,4.972082706422018,109.0
dbscan,48.0,45.8237470625,4.956272583333333,48.0
dbscan,49.0,45.807072,4.902461,154.0
dbscan,50.0,45.76679449567367,4.982913032138442,809.0
dbscan,51.0,45.66549978205128,4.88768141025641,78.0
dbscan,52.0,45.78900723076924,4.912695538461539,13.0
dbscan,53.0,45.78529719148936,5.003427872340426,47.0
dbscan,54.0,45.79858607407407,4.777957370370371,27.0
dbscan,55.0,45.812480461538456,4.794506307692308,13.0
dbscan,56.0,45.705263714285714,4.989578095238096,21.0
dbscan,57.0,45.70527,4.9170950625,16.0
dbscan,58.0,45.8225655,4.7975604,10.0
dbscan,1001.0,45.733795846153846,4.884633923076923,13.0
dbscan,1002.0,45.76239687535954,4.924610202301055,1043.0
dbscan,1003.0,45.73842762500001,4.893663208333334,24.0
dbscan,1004.0,45.7014162022472,4.809028550561798,89.0
dbscan,1005.0,45.75798558333333,4.909445416666666,12.0
dbscan,1006.0,45.784929,4.88717146875,32.0
dbscan,1007.0,45.78459911764706,4.881796450980392,51.0
dbscan,1008.0,45.72409705882353,4.880960470588235,17.0
dbscan,1009.0,45.79753215023474,4.831901892018779,426.0
dbscan,1010.0,45.7349836,4.857674950000001,20.0
dbscan,1011.0,45.73242615348837,4.864890623255814,215.0
dbscan,1012.0,45.70968891037736,4.873493778301887,212.0
dbscan,1013.0,45.77907615384615,4.881114538461539,13.0
dbscan,1014.0,45.73388720353982,4.872496,113.0
dbscan,1015.0,45.76767823076924,4.767034076923077,13.0
dbscan,1016.0,45.78497297727272,4.7939732954545455,44.0
dbscan,1017.0,45.73985522033898,4.915996983050847,59.0
dbscan,1018.0,45.71815046522235,4.894277941847206,877.0
dbscan,1019.0,45.78846968965517,4.878537724137932,29.0
dbscan,1020.0,45.73763796296296,4.805952296296296,27.0
dbscan,1021.0,45.727343075,4.9199495,40.0
dbscan,1022.0,45.7887515,4.77631775,12.0
dbscan,1023.0,45.71641727149321,4.810368552036199,221.0
dbscan,1024.0,45.76098815909091,4.778464727272728,176.0
dbscan,1025.0,45.794370820000005,4.84914936,50.0
dbscan,1026.0,45.766434302158274,4.906987525179856,139.0
dbscan,1027.0,45.75769988235294,4.899120470588236,17.0
dbscan,1028.0,45.76191766666667,4.901837538461538,39.0
dbscan,1029.0,45.75604619354839,4.798482129032259,62.0
dbscan,1030.0,45.78745377992278,4.796606405405405,259.0
dbscan,1031.0,45.7795014,4.761331266666668,15.0
dbscan,1032.0,45.76582853333333,4.793196044444445,45.0
dbscan,1033.0,45.765743215311005,4.763517755980861,418.0
dbscan,1034.0,45.78563153333333,4.894548053333333,75.0
dbscan,1035.0,45.77617849112426,4.768278130177515,169.0
dbscan,1036.0,45.7971174923339,4.8427555911413975,587.0
dbscan,1037.0,45.7384772,4.8873041,20.0
dbscan,1038.0,45.720767277486914,4.875823963350785,191.0
dbscan,1039.0,45.7427868,4.7994745000000005,10.0
dbscan,1040.0,45.736047875,4.8457262638888885,72.0
dbscan,1041.0,45.72536895588235,4.872916382352941,68.0
dbscan,1042.0,45.81574141304348,4.847683054347827,92.0
dbscan,1043.0,45.79239452941176,4.794783411764706,17.0
dbscan,1044.0,45.72072627272728,4.919196374331551,187.0
dbscan,1045.0,45.721006933333335,4.898043533333333,15.0
dbscan,1046.0,45.74873392307693,4.811601692307692,26.0
dbscan,1047.0,45.733074,4.78958,13.0
dbscan,1048.0,45.80339928571429,4.859498142857142,14.0
dbscan,1049.0,45.71590192857143,4.897812357142857,14.0
dbscan,1050.0,45.71317656666667,4.901315100000001,30.0
dbscan,1051.0,45.768365315789474,4.782061473684211,19.0
dbscan,1052.0,45.728766589473686,4.853685515789474,95.0
dbscan,1053.0,45.7567754893617,4.913416957446809,47.0
dbscan,1054.0,45.78509118181818,4.785132454545455,11.0
dbscan,1055.0,45.7815705,4.820709055555556,18.0
dbscan,1056.0,45.7757765,4.775589,10.0
dbscan,1057.0,45.74156693333334,4.907036933333334,15.0
dbscan,1058.0,45.73638957971014,4.797552101449275,69.0
dbscan,1059.0,45.717917467741934,4.833502645161291,62.0
dbscan,1060.0,45.7228666,4.9004465,10.0
dbscan,1061.0,45.707078,4.880526,11.0
dbscan,1062.0,45.7207155,4.911991071428572,14.0
dbscan,1063.0,45.78658566666667,4.8388290000000005,9.0
dbscan,1064.0,45.721114794117646,4.879435985294117,68.0
dbscan,1065.0,45.76079116666667,4.797651583333334,12.0
dbscan,1066.0,45.70465930769231,4.813169615384616,13.0
dbscan,1067.0,45.711798,4.869582,14.0
dbscan,1068.0,45.74215621052631,4.892064684210527,19.0
dbscan,1069.0,45.781549000000005,4.78334625,12.0
dbscan,1070.0,45.76484352941176,4.780659176470588,17.0
dbscan,1071.0,45.74057405,4.792592633333333,60.0
dbscan,1072.0,45.81136148214286,4.842202196428572,56.0
dbscan,1073.0,45.77160083333333,4.889702166666667,12.0
dbscan,1074.0,45.71467725,4.8828387,20.0
dbscan,1075.0,45.7771889375,4.7908185625,16.0
dbscan,1076.0,45.778171,4.786798,10.0
dbscan,1077.0,45.78506591666667,4.89957325,12.0
dbscan,1078.0,45.7669042,4.9127786,10.0
dbscan,1079.0,45.79054911111111,4.8463718333333325,18.0
dbscan,1080.0,45.798148,4.8662691538461536,13.0
dbscan,1081.0,45.81675809090909,4.840807272727273,11.0
dbscan,1082.0,45.757433,4.918956,43.0
dbscan,1084.0,45.78174833034648,4.873052657108722,3348.0
dbscan,1085.0,45.73885879411765,4.87606605882353,34.0
dbscan,1086.0,45.74523045479833,4.870517012517385,719.0
dbscan,1087.0,45.74915987700535,4.802896470588236,187.0
dbscan,1088.0,45.774559996633,4.8060092671156,891.0
dbscan,1089.0,45.73890716,4.82533548,25.0
dbscan,1090.0,45.77926925157233,4.877872940251573,318.0
dbscan,1091.0,45.72809628571429,4.830611807142857,420.0
dbscan,1092.0,45.73699541515151,4.838903293939394,330.0
dbscan,1093.0,45.745997826373625,4.842337276923077,455.0
dbscan,1094.0,45.72335698387096,4.824567661290323,62.0
dbscan,1095.0,45.75384,4.88931161111111,72.0
dbscan,1096.0,45.7679184729927,4.87940822189781,685.0
dbscan,1097.0,45.76416131097561,4.816110036585366,164.0
dbscan,1098.0,45.76301913738739,4.811750421171171,444.0
dbscan,1099.0,45.740144658536586,4.839052268292683,41.0
dbscan,1100.0,45.75245310674157,4.854927561797752,178.0
dbscan,1101.0,45.78030230769231,4.8036789846153845,65.0
dbscan,1102.0,45.77005264220183,4.862991119266056,109.0
dbscan,1103.0,45.749346323308274,4.859968943609022,266.0
dbscan,1104.0,45.77129545161291,4.869836677419355,31.0
dbscan,1105.0,45.74224921568628,4.880363019607843,102.0
dbscan,1106.0,45.76846124137931,4.875846393509128,493.0
dbscan,1107.0,45.773912296296295,4.803738555555555,27.0
dbscan,1108.0,45.77805668656716,4.867456,67.0
dbscan,1109.0,45.77217237984497,4.808387573643411,129.0
dbscan,1110.0,45.72424928525981,4.830751449628844,943.0
dbscan,1111.0,45.77934555675675,4.810003102702703,185.0
dbscan,1112.0,45.77277390322581,4.81642164516129,31.0
dbscan,1113.0,45.76798908988764,4.888008404494382,89.0
dbscan,1114.0,45.75596191326531,4.876689301020408,196.0
dbscan,1115.0,45.77093889705882,4.876271897058824,68.0
dbscan,1116.0,45.77463227272728,4.867908,33.0
dbscan,1117.0,45.733279715817694,4.833892426273459,373.0
dbscan,1118.0,45.747263833333335,4.87438735,60.0
dbscan,1119.0,45.76828883333334,4.805980285714286,42.0
dbscan,1120.0,45.75027683928571,4.864883,56.0
dbscan,1121.0,45.7858503,4.833372633333334,30.0
dbscan,1122.0,45.74969291666667,4.8878736875,48.0
dbscan,1123.0,45.7628877,4.80748525,20.0
dbscan,1124.0,45.78186146875,4.862539562499999,32.0
dbscan,1125.0,45.77198645098039,4.821527838235294,204.0
dbscan,1126.0,45.77785259210526,4.798363013157895,76.0
dbscan,1127.0,45.77728984444445,4.802832933333333,45.0
dbscan,1128.0,45.78190951219512,4.806868780487805,41.0
dbscan,1129.0,45.75422423463687,4.866808815642458,179.0
dbscan,1130.0,45.766119825,4.8739985,40.0
dbscan,1131.0,45.75480252380952,4.855970142857143,21.0
dbscan,1132.0,45.787697938271606,4.858382271604938,81.0
dbscan,1133.0,45.74536746666667,4.848316266666667,30.0
dbscan,1134.0,45.74872280555556,4.863235166666667,36.0
dbscan,1135.0,45.76828502348994,4.801920090604027,298.0
dbscan,1136.0,45.73129094945848,4.839795119133575,277.0
dbscan,1137.0,45.7443007016129,4.85470560483871,124.0
dbscan,1138.0,45.7752650212766,4.81636444680851,47.0
dbscan,1139.0,45.792776700000005,4.8201882,40.0
dbscan,1140.0,45.77459592105263,4.862903921052632,38.0
dbscan,1141.0,45.754954,4.812632368421053,38.0
dbscan,1142.0,45.74740164102564,4.865605435897436,39.0
dbscan,1143.0,45.77424983050848,4.812887322033898,59.0
dbscan,1144.0,45.78601942553191,4.8124419148936175,47.0
dbscan,1145.0,45.73991782142857,4.833142357142856,28.0
dbscan,1146.0,45.73353796062992,4.877839015748031,127.0
dbscan,1147.0,45.75639252941176,4.815648147058823,34.0
dbscan,1148.0,45.748511785714285,4.879123464285714,28.0
dbscan,1149.0,45.7257402,4.840742971428572,35.0
dbscan,1150.0,45.75788162068966,4.889549655172414,29.0
dbscan,1151.0,45.786087,4.831011,36.0
dbscan,1152.0,45.76843341666667,4.882667166666667,60.0
dbscan,1153.0,45.75424683999999,4.86160478,50.0
dbscan,1154.0,45.77386364102564,4.792990615384616,39.0
dbscan,1155.0,45.75247258536586,4.878006390243903,41.0
dbscan,1156.0,45.74778793548388,4.854758612903225,31.0
dbscan,1157.0,45.77124503636364,4.872625527272727,55.0
dbscan,1158.0,45.7742355,4.814951,2.0
dbscan,1159.0,45.77745016666667,4.824106333333334,36.0
dbscan,1160.0,45.757435,4.80864,123.0
dbscan,1161.0,45.75805658064516,4.812262451612903,31.0
dbscan,1162.0,45.76254348214286,4.8728634642857145,56.0
dbscan,1163.0,45.75742661702128,4.873655957446808,47.0
dbscan,1164.0,45.7397975,4.840639982142856,56.0
dbscan,1165.0,45.75147514705883,4.873478088235294,34.0
dbscan,1166.0,45.73175501010101,4.830872616161615,99.0
dbscan,1167.0,45.77652976190476,4.795798428571429,21.0
dbscan,1168.0,45.7302491875,4.82775675,16.0
dbscan,1169.0,45.7258609,4.83534485,20.0
dbscan,1170.0,45.79086971428571,4.860277904761905,21.0
dbscan,1171.0,45.7550066531792,4.8216443872832375,173.0
dbscan,1172.0,45.761507899416905,4.85459284329446,4116.0
dbscan,1174.0,45.75889336470588,4.867681647058824,85.0
dbscan,1176.0,45.74843996202532,4.82829082278481,79.0
dbscan,1177.0,45.76803493023256,4.855009325581396,43.0
dbscan,1178.0,45.76722265982405,4.859187076246335,341.0
dbscan,1179.0,45.75171470544554,4.842944334158416,404.0
dbscan,1180.0,45.76903376,4.817454000000001,25.0
dbscan,1181.0,45.77706996875,4.8594871953125,128.0
dbscan,1183.0,45.76939916541353,4.851062263157894,133.0
dbscan,1184.0,45.7533893814433,4.846556608247423,97.0
dbscan,1185.0,45.78406611959288,4.860630830788804,786.0
dbscan,1186.0,45.77660436666668,4.836444788888889,180.0
dbscan,1187.0,45.77187942857143,4.824754238095238,21.0
dbscan,1188.0,45.775309,4.858813217777778,225.0
dbscan,1189.0,45.77065992105263,4.84072552631579,38.0
dbscan,1190.0,45.76780886375322,4.818764349614396,389.0
dbscan,1191.0,45.772652046875,4.8408676875,64.0
dbscan,1192.0,45.753500085714286,4.840196542857143,35.0
dbscan,1193.0,45.72797313521127,4.815655656338028,355.0
dbscan,1194.0,45.76890121518987,4.84427046835443,79.0
dbscan,1195.0,45.771344139344265,4.845771549180329,122.0
dbscan,1196.0,45.72981985687904,4.82496299168975,1083.0
dbscan,1197.0,45.73237941427218,4.818682900221029,3167.0
dbscan,1198.0,45.76614196153847,4.845614371794872,78.0
dbscan,1199.0,45.75000352682927,4.849999621951219,410.0
dbscan,1200.0,45.77793452020202,4.827778272727273,198.0
dbscan,1201.0,45.77723513186813,4.833338197802198,91.0
dbscan,1202.0,45.7528537699115,4.822075982300885,113.0
dbscan,1203.0,45.754564243243244,4.841112216216216,37.0
dbscan,1204.0,45.73737879646018,4.8186649380530975,113.0
dbscan,1205.0,45.74706068333333,4.835801783333333,60.0
dbscan,1206.0,45.763776812500005,4.85961246875,32.0
dbscan,1207.0,45.74501046428571,4.836121035714286,28.0
dbscan,1208.0,45.76960584444444,4.814545688888889,45.0
dbscan,1209.0,45.77004394285714,4.812819857142856,70.0
dbscan,1210.0,45.76015459259259,4.845239074074073,27.0
dbscan,1211.0,45.75597755357143,4.853021232142857,56.0
dbscan,1212.0,45.78058039423077,4.8320201442307695,104.0
dbscan,1213.0,45.75745585714286,4.854117904761905,105.0
dbscan,1214.0,45.76720267647059,4.856917220588236,68.0
dbscan,1215.0,45.7507842027972,4.820039762237762,143.0
dbscan,1216.0,45.768048785714285,4.8228473,70.0
dbscan,1217.0,45.74590849999999,4.8311723125,48.0
dbscan,1218.0,45.7661034,4.856268633333333,30.0
dbscan,1219.0,45.77827545714285,4.831804857142857,35.0
dbscan,1220.0,45.77422987272727,4.841527981818182,55.0
dbscan,1221.0,45.77870345,4.84248615,20.0
dbscan,1222.0,45.7694438,4.849007885714286,35.0
dbscan,1223.0,45.72997616883117,4.815295545454545,77.0
dbscan,1224.0,45.75560093939394,4.827685545454545,33.0
dbscan,1225.0,45.76526665517242,4.850159189655172,58.0
dbscan,1226.0,45.7287338,4.82165305,20.0
dbscan,1227.0,45.75605778378378,4.817882027027028,37.0
dbscan,1228.0,45.76466955555556,4.830288777777778,9.0
dbscan,1229.0,45.765037444444445,4.861678296296296,27.0
dbscan,1230.0,45.76887122857144,4.821394485714285,70.0
dbscan,1231.0,45.75942728571429,4.865141551020408,49.0
dbscan,1232.0,45.74702285483871,4.827014201612903,124.0
dbscan,1233.0,45.749361078125,4.847220625,64.0
dbscan,1234.0,45.74590894117648,4.816344823529412,34.0
dbscan,1235.0,45.7708366,4.81437608,25.0
dbscan,1236.0,45.75732026470588,4.858676882352941,34.0
dbscan,1237.0,45.76895806666667,4.823132416666667,60.0
dbscan,1238.0,45.75482121875,4.858805,64.0
dbscan,1239.0,45.75086776086957,4.839659326086957,46.0
dbscan,1240.0,45.7650104516129,4.851485129032258,31.0
dbscan,1241.0,45.77827295238095,4.843722142857143,21.0
dbscan,1242.0,45.75782546969697,4.866029696969697,132.0
dbscan,1243.0,45.77868355882353,4.8401072058823535,34.0
dbscan,1244.0,45.756034500000005,4.847493266666667,30.0
dbscan,1245.0,45.755354319148935,4.823663531914893,94.0
dbscan,1246.0,45.77570642553191,4.84473185106383,47.0
dbscan,1247.0,45.768307348837205,4.849291720930233,43.0
dbscan,1248.0,45.76676263636364,4.854767121212121,33.0
dbscan,1249.0,45.750609705882354,4.830385911764706,34.0
dbscan,1250.0,45.745044,4.8232407017543855,57.0
dbscan,1251.0,45.763572333333336,4.843003912280702,57.0
dbscan,1252.0,45.780020625,4.828040166666667,24.0
dbscan,1253.0,45.75883951851852,4.816382111111111,27.0
dbscan,1254.0,45.77963608695652,4.835082173913044,23.0
dbscan,1255.0,45.7447634,4.8188964571428565,35.0
dbscan,1256.0,45.77050918181818,4.845740681818182,22.0
dbscan,1257.0,45.74752327777778,4.818051425925926,54.0
dbscan,1258.0,45.75060785,4.84822845,40.0
dbscan,1259.0,45.775512625,4.838156166666667,24.0
dbscan,1260.0,45.76911840625,4.85246590625,32.0
dbscan,1261.0,45.75562708333333,4.829230333333333,24.0
dbscan,1262.0,45.77702488888889,4.8349422777777775,18.0
dbscan,1263.0,45.777876344262296,4.8374826557377055,61.0
dbscan,1264.0,45.77139957692308,4.811643115384616,26.0
dbscan,1265.0,45.76264233333333,4.854772,3.0
dbscan,1266.0,45.77062927160494,4.811326160493827,81.0
dbscan,1267.0,45.75052741176471,4.832367911764706,34.0
dbscan,1268.0,45.77857693243243,4.837996445945946,74.0
dbscan,1269.0,45.76560500000001,4.849185,1686.0
dbscan,1270.0,45.73728695454545,4.8132114090909095,22.0
dbscan,1271.0,45.75687480952381,4.843427428571429,42.0
dbscan,1272.0,45.764648,4.860355,21.0
dbscan,1273.0,45.74836604761905,4.837574952380952,21.0
dbscan,1274.0,45.746067591836734,4.834939959183673,49.0
dbscan,1275.0,45.76323728571429,4.855071142857143,7.0
dbscan,1276.0,45.75711348,4.85152924,25.0
dbscan,1277.0,45.73960076190476,4.813026095238095,21.0
dbscan,1278.0,45.737907,4.813406142857143,7.0
dbscan,1279.0,45.74384885,4.83095365,20.0
dbscan,1280.0,45.774617722143866,4.835042449929478,709.0
dbscan,1283.0,45.75737874046185,4.839842183232932,1992.0
dbscan,1285.0,45.75148275757576,4.82320596969697,33.0
dbscan,1286.0,45.75472595454546,4.838212227272727,22.0
dbscan,1287.0,45.7586035287009,4.821229114803626,331.0
dbscan,1288.0,45.74975690526316,4.826709063157895,95.0
dbscan,1289.0,45.75982262907268,4.819882380952381,1596.0
dbscan,1290.0,45.75321581884058,4.829161905797101,138.0
dbscan,1291.0,45.75268520397112,4.836837866425992,554.0
dbscan,1292.0,45.75369434837093,4.827225711779448,399.0
dbscan,1293.0,45.77443787837838,4.831857978378379,370.0
dbscan,1294.0,45.76864272173913,4.839450313043479,115.0
dbscan,1295.0,45.75104082857143,4.835404062857142,175.0
dbscan,1296.0,45.75109886533666,4.8279091620947625,401.0
dbscan,1297.0,45.77243103703704,4.829261962962963,27.0
dbscan,1298.0,45.76849239393939,4.841101500000001,330.0
dbscan,1299.0,45.763202138888886,4.819265138888889,36.0
dbscan,1300.0,45.76379033457944,4.8403700112149535,535.0
dbscan,1301.0,45.76563756547619,4.83825955952381,168.0
dbscan,1302.0,45.75564598148148,4.830751907407408,54.0
dbscan,1303.0,45.77123573809524,4.828200261904762,42.0
dbscan,1304.0,45.76310721448469,4.834276512534819,359.0
dbscan,1305.0,45.76565353807107,4.840471505076142,394.0
dbscan,1306.0,45.76081380434783,4.842894913043478,46.0
dbscan,1307.0,45.76022582608696,4.838138608695652,46.0
dbscan,1308.0,45.76521904761905,4.823433904761905,42.0
dbscan,1309.0,45.77426155,4.8300225,20.0
dbscan,1310.0,45.77207184,4.82668788,50.0
dbscan,1311.0,45.76940236363636,4.825117845454545,110.0
dbscan,1312.0,45.75204419230769,4.827470123076924,130.0
dbscan,1313.0,45.748208657894736,4.833303605263158,38.0
dbscan,1314.0,45.76598374358974,4.83533141025641,39.0
dbscan,1315.0,45.77288922222223,4.828421666666667,27.0
dbscan,1316.0,45.75006541176471,4.825771382352942,34.0
dbscan,1317.0,45.76193332352941,4.840559568627451,102.0
dbscan,1318.0,45.748519377777775,4.825693261111111,180.0
dbscan,1319.0,45.75521513725491,4.842748196078431,51.0
dbscan,1320.0,45.773500000000006,4.8303015217391305,23.0
dbscan,1321.0,45.77353654545454,4.830805181818182,22.0
dbscan,1322.0,45.751397575,4.822536749999999,40.0
dbscan,1323.0,45.76102722222223,4.840388222222223,27.0
dbscan,1324.0,45.75426266666667,4.825802181818182,33.0
dbscan,1325.0,45.772945590909096,4.833951409090909,44.0
dbscan,1326.0,45.7531892739726,4.833985753424658,73.0
dbscan,1327.0,45.753264525,4.831210749999999,40.0
dbscan,1328.0,45.75589895238096,4.843526523809524,21.0
dbscan,1329.0,45.75477907407407,4.844506814814815,27.0
dbscan,1330.0,45.760508868421056,4.8423035,38.0
dbscan,1331.0,45.74814057894736,4.826045947368421,19.0
dbscan,1332.0,45.770291400000005,4.83237752,25.0
dbscan,1333.0,45.77421917142857,4.828801761904762,105.0
dbscan,1334.0,45.748306481481485,4.832144037037038,27.0
dbscan,1335.0,45.7658232,4.82440985,20.0
dbscan,1336.0,45.74937820289856,4.825087884057971,69.0
dbscan,1337.0,45.748970391304354,4.824223173913043,23.0
dbscan,1338.0,45.75073511538461,4.837202846153846,26.0
dbscan,1339.0,45.773784390243904,4.837122292682927,82.0
dbscan,1340.0,45.76105511764706,4.832386594771242,153.0
dbscan,1341.0,45.7477232972973,4.825065702702703,37.0
dbscan,1342.0,45.77446397142857,4.827549242857143,70.0
dbscan,1343.0,45.75309322222223,4.831780388888889,18.0
dbscan,1344.0,45.75350838297872,4.8320444680851065,94.0
dbscan,1345.0,45.766016692307694,4.825766230769231,13.0
dbscan,1346.0,45.77607956666667,4.8330854,30.0
dbscan,1347.0,45.759024205128206,4.841813153846154,39.0
dbscan,1348.0,45.75513403225806,4.838655741935485,31.0
dbscan,1349.0,45.7534475490196,4.833031,51.0
dbscan,1350.0,45.754435186915885,4.834218943925234,107.0
dbscan,1351.0,45.75793688461538,4.837216846153846,26.0
dbscan,1352.0,45.77059385416666,4.826938291666667,48.0
dbscan,1353.0,45.7597050826087,4.842205143478261,230.0
dbscan,1354.0,45.75770456521739,4.823166826086957,23.0
dbscan,1355.0,45.75215075,4.837612145833334,48.0
dbscan,1356.0,45.7495504742268,4.8343271443298965,97.0
dbscan,1357.0,45.76211103333333,4.834582666666666,30.0
dbscan,1358.0,45.770306672,4.825769224,125.0
dbscan,1359.0,45.754064,4.843801,23.0
dbscan,1360.0,45.75903214814815,4.833307259259259,27.0
dbscan,1361.0,45.76972412857143,4.826483385714286,70.0
dbscan,1362.0,45.75466083333333,4.845019375,24.0
dbscan,1363.0,45.7468404673913,4.823995739130435,92.0
dbscan,1364.0,45.7544495483871,4.827573612903226,31.0
dbscan,1365.0,45.77170769565218,4.827653913043478,23.0
dbscan,1366.0,45.773016857142856,4.827197333333333,42.0
dbscan,1367.0,45.751088333333335,4.836438733333334,15.0
dbscan,1368.0,45.76951823076923,4.8374010769230775,13.0
dbscan,1369.0,45.7520412173913,4.830586449275363,69.0
dbscan,1370.0,45.76615896875,4.82471696875,32.0
dbscan,1371.0,45.7693175,4.83766,8.0
dbscan,1372.0,45.77361740909091,4.828385272727273,22.0
dbscan,1373.0,45.75782066666667,4.829586625,24.0
dbscan,1374.0,45.754909,4.836279,23.0
dbscan,1375.0,45.7513182173913,4.837959695652174,23.0
dbscan,1376.0,45.75150474545455,4.827072927272727,110.0
dbscan,1377.0,45.7530825625,4.8269158125,16.0
dbscan,1378.0,45.7577631980198,4.841994039603961,202.0
dbscan,1379.0,45.75769038888889,4.821729611111111,18.0
dbscan,1380.0,45.77300027272727,4.835344727272728,22.0
dbscan,1381.0,45.76286566666666,4.841638285714287,21.0
dbscan,1382.0,45.76472515,4.826522,20.0
dbscan,1383.0,45.77515985,4.8301349,20.0
dbscan,1384.0,45.75952680952381,4.818480190476191,21.0
dbscan,1385.0,45.769128888888886,4.828372037037036,27.0
dbscan,1388.0,45.75720796947935,4.826230865350089,557.0
dbscan,1389.0,45.75927854225352,4.8269789014084505,142.0
dbscan,1390.0,45.760644832026536,4.829664691797346,3316.0
dbscan,1391.0,45.75984521327014,4.831751142180095,633.0
dbscan,1392.0,45.771921424,4.83170945890909,1375.0
dbscan,1393.0,45.77194756118144,4.8330590168776375,237.0
dbscan,1394.0,45.77042411418685,4.837244505190312,289.0
dbscan,1395.0,45.76546808450704,4.831165084507043,71.0
dbscan,1396.0,45.76476848256881,4.833365374311926,545.0
dbscan,1397.0,45.76614995833333,4.832849145833333,48.0
dbscan,1398.0,45.76596514878049,4.827371902439024,410.0
dbscan,1399.0,45.76646488510639,4.829091259574469,235.0
dbscan,1400.0,45.76022370476191,4.827961923809523,105.0
dbscan,1401.0,45.764899395161294,4.831430217741936,124.0
dbscan,1402.0,45.77003085185185,4.8303265,54.0
dbscan,1403.0,45.768852096,4.832466168,125.0
dbscan,1404.0,45.76888684782608,4.831180847826087,46.0
dbscan,1405.0,45.76916983802817,4.830421866197184,426.0
dbscan,1406.0,45.766621541666666,4.832511708333333,24.0
dbscan,1407.0,45.76003670689655,4.827280534482759,58.0
dbscan,1408.0,45.77223438125,4.8345457750000005,160.0
dbscan,1409.0,45.76327308235294,4.830572788235294,85.0
dbscan,1410.0,45.76922680952381,4.8358878333333335,42.0
dbscan,1411.0,45.77040256666667,4.836265783333333,60.0
dbscan,1412.0,45.77054954545454,4.830535954545455,44.0
dbscan,1413.0,45.77019637696336,4.833139356020943,382.0
dbscan,1414.0,45.75889644897959,4.826873285714286,49.0
dbscan,1415.0,45.768935142857146,4.836060885714286,35.0
dbscan,1416.0,45.76958608,4.82938476,75.0
dbscan,1417.0,45.75960158823529,4.8255107843137255,204.0
dbscan,1418.0,45.769443333333335,4.834073166666667,60.0
dbscan,1419.0,45.77046677142857,4.833902717857143,280.0
dbscan,1420.0,45.76663441496599,4.826893959183673,147.0
dbscan,1421.0,45.76032466666666,4.82561775,36.0
dbscan,1422.0,45.75899342857143,4.825409514285714,35.0
dbscan,1423.0,45.770994,4.83323445945946,37.0
dbscan,1424.0,45.77126894949495,4.835774818181818,99.0
dbscan,1425.0,45.769256765853655,4.833242585365854,205.0
dbscan,1426.0,45.770992625000005,4.8342597,40.0
dbscan,1427.0,45.76795448985507,4.827952649275362,690.0
dbscan,1428.0,45.76468573333334,4.82881212,75.0
dbscan,1429.0,45.76888591780822,4.8294266027397255,73.0
dbscan,1430.0,45.769640961538464,4.832616019230769,52.0
dbscan,1431.0,45.76565530555556,4.834313611111111,36.0
dbscan,1432.0,45.76318043119266,4.831491091743119,109.0
dbscan,1433.0,45.766841212500005,4.8299527875,80.0
dbscan,1434.0,45.76034022,4.8259821800000005,50.0
dbscan,1435.0,45.77018168965517,4.835213482758621,29.0
dbscan,1436.0,45.76589942168675,4.83104178313253,83.0
dbscan,1437.0,45.76828513740458,4.829836732824428,131.0
dbscan,1438.0,45.75885907142857,4.825993346938775,98.0
dbscan,1439.0,45.76482953333333,4.831732333333334,30.0
dbscan,1440.0,45.760210782608695,4.827537260869565,23.0
dbscan,1441.0,45.7604602826087,4.828208804347827,46.0
dbscan,1442.0,45.7727301641791,4.836185298507463,67.0
dbscan,1443.0,45.771938375000005,4.83544515,40.0
dbscan,1444.0,45.757358295454544,4.827484863636363,44.0
dbscan,1445.0,45.76918195,4.8314023,20.0
dbscan,1446.0,45.77092775384615,4.8328105230769225,65.0
dbscan,1447.0,45.76982652592592,4.833844,135.0
dbscan,1448.0,45.77103791666666,4.8305239166666665,24.0
dbscan,1449.0,45.76191965384616,4.828016115384616,26.0
dbscan,1450.0,45.76581593548387,4.826855935483871,31.0
dbscan,1451.0,45.76472425,4.83435959375,32.0
dbscan,1452.0,45.77015279166667,4.835494802083333,96.0
dbscan,1453.0,45.7715133125,4.8300031875,48.0
dbscan,1454.0,45.77138840909091,4.830353227272727,44.0
dbscan,1455.0,45.76600199999999,4.831896416666667,24.0
dbscan,1456.0,45.77201678947368,4.835772394736843,38.0
dbscan,1457.0,45.76861202702703,4.827934216216216,37.0
dbscan,1458.0,45.765904324324325,4.830707972972974,37.0
dbscan,1459.0,45.76438426086957,4.834709304347826,46.0
dbscan,1460.0,45.76771889393939,4.829235303030303,66.0
dbscan,1461.0,45.76233151162791,4.83172711627907,43.0
dbscan,1462.0,45.7712825,4.83085365625,64.0
dbscan,1463.0,45.762022238095234,4.831149571428571,63.0
dbscan,1464.0,45.76683866292135,4.836708483146068,89.0
dbscan,1465.0,45.7717606,4.8345522,20.0
dbscan,1466.0,45.769648942857145,4.835884971428571,35.0
dbscan,1467.0,45.76957357446808,4.834717340425532,47.0
dbscan,1468.0,45.76909414285714,4.832179428571429,21.0
dbscan,1469.0,45.759245709677415,4.826094516129033,31.0
dbscan,1470.0,45.75869582142857,4.823434714285715,28.0
dbscan,1471.0,45.76793625,4.8307166666666665,36.0
dbscan,1472.0,45.76499040740741,4.828022740740741,27.0
dbscan,1473.0,45.75771251162791,4.82602723255814,43.0
dbscan,1474.0,45.76558808,4.831996,25.0
dbscan,1475.0,45.75788365116279,4.827843023255814,43.0
dbscan,1476.0,45.764289000000005,4.83149785,20.0
dbscan,1477.0,45.7636228,4.8331974,20.0
dbscan,1478.0,45.75721157692308,4.824751461538461,26.0
dbscan,1479.0,45.757993290322574,4.824878451612903,62.0
dbscan,1480.0,45.77116838983051,4.837430050847457,59.0
dbscan,1481.0,45.77083780769231,4.830791865384615,52.0
dbscan,1482.0,45.76962316,4.8320598,25.0
dbscan,1483.0,45.76697612903226,4.82925570967742,31.0
dbscan,1484.0,45.765048923076925,4.833917538461538,26.0
dbscan,1485.0,45.76996758974359,4.834565794871795,39.0
dbscan,1486.0,45.76977274509804,4.831741686274509,51.0
dbscan,1487.0,45.77144888461539,4.837449115384615,26.0
dbscan,1488.0,45.76614281981982,4.828265036036036,111.0
dbscan,1489.0,45.76377604761905,4.826278142857143,21.0
dbscan,1490.0,45.770435,4.83287375,32.0
dbscan,1491.0,45.764994,4.8319437894736845,57.0
dbscan,1492.0,45.77022495,4.8310077,20.0
dbscan,1493.0,45.7609180625,4.8282766875,32.0
dbscan,1494.0,45.769184142857135,4.831557857142856,7.0
dbscan,1495.0,45.76264338461538,4.828045230769231,13.0
dbscan,1496.0,45.758667333333335,4.8266315833333335,24.0
dbscan,1497.0,45.7704623877551,4.837508163265306,98.0
dbscan,1498.0,45.76630725,4.8305521,20.0
dbscan,1499.0,45.76465217391304,4.831933391304347,23.0
dbscan,1500.0,45.7703672,4.8368446,20.0
dbscan,1501.0,45.76248706451613,4.8287666451612905,31.0
dbscan,1502.0,45.76860825827814,4.835683221854304,302.0
dbscan,1503.0,45.770306,4.837477,31.0
dbscan,1504.0,45.77043415189873,4.836635924050633,79.0
dbscan,1505.0,45.767322,4.836575,31.0
dbscan,1506.0,45.77142871428571,4.82936919047619,21.0
dbscan,1507.0,45.7627742051282,4.831274153846154,39.0
dbscan,1508.0,45.769177523809525,4.83082919047619,21.0
dbscan,1509.0,45.76731066666667,4.829280916666667,24.0
dbscan,1510.0,45.7692310952381,4.829561666666667,21.0
dbscan,1511.0,45.75963142857143,4.8326309047619045,21.0
dbscan,1512.0,45.765312413793104,4.831584,29.0
dbscan,1513.0,45.75810243478261,4.82819947826087,23.0
dbscan,1514.0,45.76222661904762,4.828497047619048,21.0
dbscan,1515.0,45.77008563636363,4.828965090909091,22.0
dbscan,1516.0,45.76861013333333,4.8378318,15.0
dbscan,1517.0,45.7661534,4.826734849999999,20.0
dbscan,1518.0,45.76244616,4.82822236,25.0
dbscan,1519.0,45.76501888888889,4.827653259259258,54.0
dbscan,1520.0,45.76093663636364,4.828704272727273,22.0
dbscan,1521.0,45.77306818181818,4.836406227272727,22.0
dbscan,1522.0,45.7700119,4.834756799999999,20.0
dbscan,1523.0,45.760244761904765,4.830831285714286,21.0
dbscan,1524.0,45.765579,4.828035,23.0
dbscan,1525.0,45.75877982758621,4.824455620689655,29.0
dbscan,1526.0,45.770875,4.832096,65.0
dbscan,1527.0,45.758685758620686,4.828850344827587,29.0
dbscan,1528.0,45.763242090909095,4.825884,22.0
dbscan,1529.0,45.7683192,4.830849649999999,20.0
dbscan,1530.0,45.7713163,4.834198649999999,20.0
dbscan,1531.0,45.76467261111111,4.833972611111111,18.0
dbscan,1532.0,45.76560286363636,4.832887181818181,22.0
dbscan,1533.0,45.770217,4.829907,21.0
dbscan,1534.0,45.76636373076924,4.827809038461539,26.0
dbscan,1535.0,45.77141128571429,4.832168095238095,21.0
dbscan,1536.0,45.7720676,4.83518804,25.0
dbscan,1538.0,45.837493,4.827284,184.0
dbscan,1539.0,45.849317,4.854943,35.0
dbscan,1540.0,45.84469,4.837546,20.0
dbscan,1541.0,45.844556,4.839906,159.0
dbscan,1542.0,45.834753,4.83349,46.0
dbscan,1543.0,45.844391,4.836688,129.0
dbscan,1544.0,45.84786909671533,4.851973543795621,548.0
dbscan,1545.0,45.822653,4.829099,23.0
dbscan,1546.0,45.840759,4.835918,38.0
dbscan,1547.0,45.840835,4.83528,157.0
dbscan,1548.0,45.83741,4.827525,717.0
dbscan,1549.0,45.837739,4.825605,31.0
dbscan,1550.0,45.837222,4.827222,582.0
dbscan,1551.0,45.83749990384615,4.826944073076923,260.0
dbscan,1552.0,45.837223446428574,4.826714910714286,56.0
dbscan,1553.0,45.83722336842105,4.826388010526316,95.0
dbscan,1554.0,45.83727695454545,4.826107681818183,22.0
dbscan,1555.0,45.83720255,4.82593985,20.0
dbscan,1556.0,45.757600227272725,4.832040409090909,44.0
dbscan,1557.0,45.76443853333333,4.836465566666666,30.0
dbscan,1558.0,45.76055668161435,4.833541051569507,446.0
dbscan,1559.0,45.7584728,4.836793900000001,20.0
dbscan,1560.0,45.76064110344828,4.835608827586206,29.0
dbscan,1561.0,45.758023050000006,4.832057900000001,20.0
dbscan,1562.0,45.757569195121945,4.832740073170732,41.0
dbscan,1563.0,45.75680398387097,4.831751963709677,248.0
dbscan,1564.0,45.76535435714286,4.835776,28.0
dbscan,1565.0,45.75886265217391,4.83689147826087,23.0
dbscan,1566.0,45.757863688,4.832160445333333,375.0
dbscan,1567.0,45.75798855,4.831796183333333,60.0
dbscan,1568.0,45.75747135483872,4.833320419354839,31.0
dbscan,1569.0,45.757615003517,4.83196396014068,853.0
dbscan,1570.0,45.76097424242424,4.835533212121212,33.0
dbscan,1571.0,45.758811613333336,4.83082306,150.0
dbscan,1572.0,45.75778884821428,4.8319519375,112.0
dbscan,1573.0,45.75794198130841,4.832202813084113,107.0
dbscan,1574.0,45.75792845833334,4.833926,24.0
dbscan,1575.0,45.757673,4.833394,26.0
dbscan,1576.0,45.76086399999999,4.836964,92.0
dbscan,1577.0,45.76043666666666,4.833763958333333,24.0
dbscan,1578.0,45.757006,4.832439,33.0
dbscan,1579.0,45.760527843478265,4.835639913043478,115.0
dbscan,1580.0,45.760583184210525,4.83553025,76.0
dbscan,1581.0,45.76059482857143,4.833688685714286,35.0
dbscan,1582.0,45.75787685714285,4.833214714285715,28.0
dbscan,1583.0,45.7576581060606,4.832055363636364,66.0
dbscan,1584.0,45.75952645454545,4.836189,22.0
dbscan,1585.0,45.75788364150943,4.8320097169811325,106.0
dbscan,1586.0,45.76426377272728,4.836367090909091,22.0
dbscan,1587.0,45.757802184615386,4.831710846153847,65.0
dbscan,1588.0,45.764,4.835666522727272,132.0
dbscan,1589.0,45.75768699999999,4.83348,23.0
dbscan,1590.0,45.75774205555555,4.832420074074075,54.0
dbscan,1591.0,45.75766628,4.8326666,25.0
dbscan,1592.0,45.75764682142857,4.831851321428572,28.0
dbscan,1593.0,45.758179815384615,4.831968130769231,130.0
dbscan,1594.0,45.76404117424242,4.835658318181817,132.0
dbscan,1595.0,45.758077,4.833952,33.0
dbscan,1596.0,45.76347276068376,4.835860948717949,117.0
dbscan,1597.0,45.76447357692307,4.836365884615384,26.0
dbscan,1598.0,45.763494,4.836462,21.0
dbscan,1599.0,45.76072263333333,4.835541566666667,30.0
dbscan,1600.0,45.757807,4.831337,53.0
dbscan,1601.0,45.758915,4.83083,39.0
dbscan,1602.0,45.75732699999999,4.834632,23.0
dbscan,1603.0,45.76401321568627,4.836307803921568,51.0
dbscan,1604.0,45.760559625,4.83333384375,32.0
dbscan,1605.0,45.75802818181818,4.831347772727272,22.0
dbscan,1606.0,45.75772258333333,4.831933375,72.0
dbscan,1607.0,45.765536,4.835997,34.0
dbscan,1608.0,45.7604449,4.83568605,20.0
dbscan,1609.0,45.7576796,4.8322643,20.0
dbscan,1610.0,45.75774152631578,4.832305105263157,38.0
dbscan,1611.0,45.76042936363637,4.833577681818182,22.0
dbscan,1612.0,45.75774026086957,4.831994608695652,23.0
dbscan,1613.0,45.75661709090909,4.833607636363636,22.0
dbscan,1614.0,45.76033427272728,4.83552909090909,22.0
dbscan,1615.0,45.76126042857143,4.835743,21.0
dbscan,1616.0,45.7604315862069,4.833665103448276,29.0
dbscan,1617.0,45.756187,4.834657999999999,22.0
dbscan,1618.0,45.757502,4.835288,107.0
dbscan,1619.0,45.75860800000001,4.834349,93.0
dbscan,1620.0,45.7605066,4.8354703,20.0
dbscan,1621.0,45.75790106666667,4.836191833333333,30.0
dbscan,1622.0,45.76384,4.837138,30.0
dbscan,1623.0,45.75808299999999,4.831355,26.0
dbscan,1624.0,45.837545,4.82613,2681.0
dbscan,1626.0,45.837645936,4.826173047999999,125.0
dbscan,1627.0,45.83747172477064,4.826614100917432,109.0
dbscan,1628.0,45.83740999999999,4.826248,52.0
dbscan,1629.0,45.837432625,4.826504750000001,24.0
dbscan,1630.0,45.837544882352944,4.826592058823529,102.0
dbscan,1631.0,45.837463,4.826053,53.0
dbscan,1632.0,45.837410006355256,4.826163015570385,3147.0
dbscan,1633.0,45.837478,4.826238,29.0
dbscan,1634.0,45.8375858747698,4.826513152854512,543.0
dbscan,1635.0,45.837611,4.826577,28.0
dbscan,1636.0,45.83744,4.826388,584.0
dbscan,1637.0,45.776914,4.854937,28.0
dbscan,1638.0,45.78415,4.852502,33.0
dbscan,1639.0,45.774224,4.851118,30.0
dbscan,1640.0,45.784367,4.851515,38.0
dbscan,1641.0,45.777865,4.846494,28.0
dbscan,1642.0,45.785074,4.853661,757.0
dbscan,1643.0,45.779269,4.848798,21.0
dbscan,1644.0,45.784344,4.852405,24.0
dbscan,1645.0,45.785182,4.854862,24.0
dbscan,1646.0,45.784868048951054,4.854657979020979,143.0
dbscan,1647.0,45.77919617272727,4.853596172727273,110.0
dbscan,1648.0,45.785149,4.852384,94.0
dbscan,1649.0,45.779762,4.852285,24.0
dbscan,1650.0,45.785167666666666,4.855184888888889,27.0
dbscan,1651.0,45.776899,4.844648,20.0
dbscan,1652.0,45.785747,4.854311,59.0
dbscan,1653.0,45.785291,4.854937,31.0
dbscan,1654.0,45.77594,4.855195,40.0
dbscan,1655.0,45.780805,4.850302,25.0
dbscan,1656.0,45.77541609523809,4.856391238095238,21.0
dbscan,1657.0,45.77745999999999,4.845485,27.0
dbscan,1658.0,45.783252,4.849809,139.0
dbscan,1659.0,45.780555285714286,4.854166285714286,35.0
dbscan,1660.0,45.7819,4.850741,34.0
dbscan,1661.0,45.77779,4.855938,88.0
dbscan,1662.0,45.785221,4.857586,71.0
dbscan,1663.0,45.782369,4.851815,20.0
dbscan,1664.0,45.786903,4.854369,31.0
dbscan,1665.0,45.77704915384615,4.85408994871795,39.0
dbscan,1666.0,45.779092,4.853264,21.0
dbscan,1667.0,45.781209,4.85704,21.0
dbscan,1668.0,45.777728,4.846145,23.0
dbscan,1669.0,45.774355,4.856106761904762,21.0
dbscan,1670.0,45.784234,4.852416,37.0
dbscan,1671.0,45.776974,4.85245,27.0
dbscan,1672.0,45.78416588888889,4.852500092592593,54.0
dbscan,1673.0,45.78388799999999,4.8525,23.0
dbscan,1674.0,45.778643,4.853103,53.0
dbscan,1675.0,45.785401,4.857886,46.0
dbscan,1676.0,45.777071,4.854712,56.0
dbscan,1677.0,45.784225,4.852448,56.0
dbscan,1678.0,45.773644,4.856085,82.0
dbscan,1679.0,45.778375,4.852569,27.0
dbscan,1680.0,45.777176,4.851418,56.0
dbscan,1681.0,45.77775200000001,4.856761,91.0
dbscan,1682.0,45.773135,4.854712,25.0
dbscan,1683.0,45.780099,4.848618,50.0
dbscan,1684.0,45.77767,4.857051,20.0
dbscan,1685.0,45.775548,4.85718,21.0
dbscan,1686.0,45.760588,4.826259,247.0
dbscan,1687.0,45.760996,4.826656,80.0
dbscan,1688.0,45.760797,4.826684,25.0
dbscan,1689.0,45.762888,4.827117,69.0
dbscan,1690.0,45.760171,4.82657,26.0
dbscan,1691.0,45.761249,4.827089,29.0
dbscan,1692.0,45.76083287878788,4.826999939393939,66.0
dbscan,1693.0,45.760891,4.826822,34.0
dbscan,1694.0,45.76166678571429,4.827166785714286,42.0
dbscan,1695.0,45.760927,4.826936,38.0
dbscan,1696.0,45.761833,4.8275,21.0
dbscan,1697.0,45.760741,4.827588999999999,28.0
dbscan,1698.0,45.762792,4.825487,22.0
dbscan,1699.0,45.761,4.826499238095239,21.0
dbscan,1700.0,45.760891,4.827139,30.0
dbscan,1701.0,45.76096613043479,4.826592,23.0
dbscan,1702.0,45.761833,4.826833,32.0
dbscan,1703.0,45.76097299999999,4.826495,49.0
dbscan,1704.0,45.760659,4.827708,55.0
dbscan,1705.0,45.762,4.8275,22.0
dbscan,1706.0,45.760884,4.827096,53.0
dbscan,1707.0,45.760955,4.826742019417476,103.0
dbscan,1708.0,45.761,4.8275,21.0
dbscan,1709.0,45.760958,4.826802,25.0
dbscan,1710.0,45.761924,4.827268,57.0
dbscan,1711.0,45.762083,4.827283,20.0
dbscan,1712.0,45.763055139534885,4.828055139534883,43.0
dbscan,1713.0,45.761538,4.827263,23.0
dbscan,1714.0,45.762276,4.826195,51.0
dbscan,1715.0,45.762179,4.827278,37.0
dbscan,1716.0,45.764087,4.827536,53.0
dbscan,1717.0,45.76209099999999,4.827327,45.0
dbscan,1718.0,45.761033,4.826581,25.0
dbscan,1719.0,45.760963,4.826202,27.0
dbscan,1720.0,45.761005,4.826202,21.0
dbscan,1721.0,45.761939,4.826946,70.0
dbscan,1722.0,45.761018,4.82657,75.0
dbscan,1723.0,45.76400399999999,4.827631,23.0
dbscan,1724.0,45.760555,4.826944,20.0
dbscan,1725.0,45.762867,4.828308,32.0
dbscan,1726.0,45.760966,4.82688,22.0
dbscan,1727.0,45.760854,4.827053,104.0
dbscan,1728.0,45.761018,4.826055,45.0
dbscan,1729.0,45.762074,4.827096,114.0
dbscan,1730.0,45.760786,4.8273,22.0
dbscan,1731.0,45.760178,4.826509,20.0
dbscan,1732.0,45.765141,4.827184,27.0
dbscan,1733.0,45.761111,4.826666,20.0
dbscan,1734.0,45.765162,4.827311,38.0
dbscan,1735.0,45.762096,4.826828,61.0
dbscan,1736.0,45.76402,4.827332,28.0
dbscan,1737.0,45.76203,4.827038,33.0
dbscan,1738.0,45.760921,4.827085,30.0
dbscan,1739.0,45.760599,4.827611,28.0
dbscan,1740.0,45.766901,4.833565,29.0
dbscan,1741.0,45.768241,4.836387,31.0
dbscan,1742.0,45.767519,4.83327,30.0
dbscan,1743.0,45.767204,4.833524,36.0
dbscan,1744.0,45.76757899999999,4.833555,48.0
dbscan,1745.0,45.767747,4.835035,22.0
dbscan,1746.0,45.767276,4.832787,24.0
dbscan,1747.0,45.76729994366197,4.834328915492958,71.0
dbscan,1748.0,45.767522,4.833555,32.0
dbscan,1749.0,45.766856,4.833576,35.0
dbscan,1750.0,45.767414,4.833469,69.0
dbscan,1751.0,45.767811,4.836586,31.0
dbscan,1752.0,45.766855,4.833662000000001,55.0
dbscan,1753.0,45.767726,4.836533,44.0
dbscan,1754.0,45.76711815625001,4.833544,32.0
dbscan,1755.0,45.767754,4.835679,40.0
dbscan,1756.0,45.767493,4.833394,73.0
dbscan,1757.0,45.767478,4.833421,109.0
dbscan,1758.0,45.768376,4.83717,36.0
dbscan,1759.0,45.767695,4.835078,28.0
dbscan,1760.0,45.76826302325581,4.836795,43.0
dbscan,1761.0,45.7675,4.833333,32.0
dbscan,1762.0,45.767493,4.833415,23.0
dbscan,1763.0,45.767519,4.833394,32.0
dbscan,1764.0,45.76759,4.833383,38.0
dbscan,1765.0,45.768273,4.836142,63.0
dbscan,1766.0,45.768406,4.837253,20.0
dbscan,1767.0,45.767522,4.833447,37.0
dbscan,1768.0,45.76748,4.833486942857143,35.0
dbscan,1769.0,45.767672,4.835175,37.0
dbscan,1770.0,45.767586,4.833816,28.0
dbscan,1771.0,45.767874,4.836399,52.0
dbscan,1772.0,45.767148,4.833501,30.0
dbscan,1773.0,45.76756000000001,4.833383,61.0
dbscan,1774.0,45.76729173584906,4.834261,53.0
dbscan,1775.0,45.767575,4.833447,36.0
dbscan,1776.0,45.767575,4.834025,21.0
dbscan,1777.0,45.766624,4.833641,53.0
dbscan,1778.0,45.76756,4.833415,213.0
dbscan,1779.0,45.767111,4.833179,37.0
dbscan,1780.0,45.76752700000001,4.833863,28.0
dbscan,1781.0,45.767644,4.833472,20.0
dbscan,1782.0,45.767844,4.833436,30.0
dbscan,1783.0,45.766647,4.833587,89.0
dbscan,1784.0,45.76754499999999,4.833608,54.0
dbscan,1785.0,45.766632,4.834112,26.0
dbscan,1786.0,45.766894,4.834101,34.0
dbscan,1787.0,45.766752,4.832932,26.0
dbscan,1788.0,45.76655,4.83379,22.0
dbscan,1789.0,45.767702,4.836108,25.0
dbscan,1790.0,45.766351,4.833555,49.0
dbscan,1791.0,45.7676,4.834272,34.0
dbscan,1792.0,45.767672,4.835067,30.0
dbscan,1793.0,45.766594000000005,4.833683,120.0
dbscan,1794.0,45.762366,4.823631,59.0
dbscan,1795.0,45.762313,4.8223,26.0
dbscan,1796.0,45.762119,4.823572,28.0
dbscan,1797.0,45.762283,4.822032,22.0
dbscan,1798.0,45.761966,4.822311,37.0
dbscan,1799.0,45.763217,4.823395,63.0
dbscan,1800.0,45.762396,4.822249,35.0
dbscan,1801.0,45.763002,4.821689,32.0
dbscan,1802.0,45.762295,4.822697,20.0
dbscan,1803.0,45.761961,4.823279,26.0
dbscan,1804.0,45.762433,4.822783,81.0
dbscan,1805.0,45.762441,4.822161,112.0
dbscan,1806.0,45.762407,4.822332,24.0
dbscan,1807.0,45.762366,4.822493,71.0
dbscan,1808.0,45.76237299999999,4.822815,28.0
dbscan,1809.0,45.762288,4.822435,30.0
dbscan,1810.0,45.762268,4.822558,20.0
dbscan,1811.0,45.762291,4.822268,20.0
dbscan,1812.0,45.762327,4.822544,20.0
dbscan,1813.0,45.762366,4.822494,53.0
dbscan,1814.0,45.762358,4.822268,61.0
dbscan,1815.0,45.762208,4.822622,40.0
dbscan,1816.0,45.761273,4.822075,22.0
dbscan,1817.0,45.762515,4.822193,74.0
dbscan,1818.0,45.762356,4.822347,62.0
dbscan,1819.0,45.762298,4.82228,22.0
dbscan,1820.0,45.761999,4.821302,122.0
dbscan,1821.0,45.76233,4.822493,25.0
dbscan,1822.0,45.762363,4.822216,38.0
dbscan,1823.0,45.762134,4.822847,30.0
dbscan,1824.0,45.762697,4.822664,27.0
dbscan,1825.0,45.762272,4.823181000000001,111.0
dbscan,1826.0,45.76234,4.822354,21.0
dbscan,1827.0,45.762358,4.822043,28.0
dbscan,1828.0,45.761782,4.822558,20.0
dbscan,1829.0,45.762333,4.822166,51.0
dbscan,1830.0,45.762,4.822129,20.0
dbscan,1831.0,45.762453,4.822618,23.0
dbscan,1832.0,45.762235,4.821676,29.0
dbscan,1833.0,45.762351,4.822686,76.0
dbscan,1834.0,45.76241099999999,4.822032,108.0
dbscan,1835.0,45.762727000000005,4.823052,24.0
dbscan,1836.0,45.7623,4.822459,34.0
dbscan,1837.0,45.761789,4.822397,24.0
dbscan,1838.0,45.762328,4.822525,76.0
dbscan,1839.0,45.762283,4.822601,32.0
dbscan,1840.0,45.762538,4.822171,49.0
dbscan,1841.0,45.762288,4.822363,23.0
dbscan,1842.0,45.762152,4.822783,22.0
dbscan,1843.0,45.762669,4.822897,43.0
dbscan,1844.0,45.736765,4.815123,104.0
dbscan,1845.0,45.740895,4.814286,20.0
dbscan,1846.0,45.736913,4.815002,33.0
dbscan,1847.0,45.737892,4.814693,58.0
dbscan,1848.0,45.742011,4.817247,28.0
dbscan,1849.0,45.741007,4.817419,47.0
dbscan,1850.0,45.738491,4.814329,20.0
dbscan,1851.0,45.737099,4.814908,65.0
dbscan,1852.0,45.73644,4.814994,75.0
dbscan,1853.0,45.743007,4.815906,38.0
dbscan,1854.0,45.742535,4.819607,32.0
dbscan,1855.0,45.740447,4.818681,29.0
dbscan,1856.0,45.73701599999999,4.814962,59.0
dbscan,1857.0,45.740378,4.819318,44.0
dbscan,1858.0,45.737144,4.814983,37.0
dbscan,1859.0,45.73703,4.815037,81.0
dbscan,1860.0,45.741187,4.816743,85.0
dbscan,1861.0,45.741508,4.822369,77.0
dbscan,1862.0,45.741322,4.816775,75.0
dbscan,1863.0,45.737175,4.815016,32.0
dbscan,1864.0,45.741067,4.821496,29.0
dbscan,1865.0,45.742472,4.81968,41.0
dbscan,1866.0,45.741486,4.822483,57.0
dbscan,1867.0,45.739167,4.814521,21.0
dbscan,1868.0,45.73459,4.815572,21.0
dbscan,1869.0,45.741758,4.820797,21.0
dbscan,1870.0,45.741936,4.815648,40.0
dbscan,1871.0,45.837448,4.826248,4976.0
kmean,0.0,45.767332405152224,4.859240992974239,427.0
kmean,1.0,45.77021830619169,4.833637776929601,1176.0
kmean,2.0,45.83746243437078,4.826227343407006,13302.0
kmean,3.0,45.7310935678733,4.951237688348416,1768.0
kmean,4.0,45.741194360632186,4.819290231321839,696.0
kmean,5.0,45.77629895953757,4.768333526011561,173.0
kmean,6.0,45.72066725510204,4.875794663265306,196.0
kmean,7.0,45.79979869444445,4.941647861111111,36.0
kmean,8.0,45.73135030857143,4.734651472000002,875.0
kmean,9.0,45.75387006493506,4.826905327922078,616.0
kmean,10.0,45.78876573529412,4.8785005,34.0
kmean,11.0,45.78439404162437,4.852393363451776,985.0
kmean,12.0,45.75993329411765,4.923664022058824,136.0
kmean,13.0,45.765221121351765,4.981658359447004,651.0
kmean,14.0,45.75991489488244,4.830040861687413,723.0
kmean,15.0,45.77382671428571,4.806317,441.0
kmean,16.0,45.75340119512195,4.85639643902439,123.0
kmean,17.0,45.69994743870968,4.766385077419354,465.0
kmean,18.0,45.73333904221954,4.818703667068758,829.0
kmean,19.0,45.81904647474747,4.904695616161616,99.0
kmean,20.0,45.667758625,4.854240375,16.0
kmean,21.0,45.77379262962963,4.883846,27.0
kmean,22.0,45.76239463026087,4.823129648,2875.0
kmean,23.0,45.80606194117647,4.773840270588235,85.0
kmean,24.0,45.757609744966445,4.842185221476511,300.0
kmean,25.0,45.75029027722772,4.8786114851485145,101.0
kmean,26.0,45.84788924734983,4.851965333922261,566.0
kmean,27.0,45.73128062633452,4.839853145907473,281.0
kmean,28.0,45.71818875058275,4.89486017016317,429.0
kmean,29.0,45.79703179812206,4.8330641596244135,213.0
kmean,30.0,45.76666866739846,4.833601627332602,1822.0
kmean,31.0,45.69474255,4.8676668266666665,300.0
kmean,32.0,45.705054,4.823145,14.0
kmean,33.0,45.765609960177,4.849225907632744,1808.0
kmean,34.0,45.78522739868421,4.857148775,760.0
kmean,35.0,45.77682921489622,4.854791515262515,819.0
kmean,36.0,45.78653843835617,4.730958835616439,146.0
kmean,37.0,45.80398645348837,4.959848507751937,258.0
kmean,38.0,45.72374801601424,4.832186129893239,562.0
kmean,39.0,45.83148156410256,4.879630082051282,195.0
kmean,40.0,45.72065666666667,4.919072635897436,195.0
kmean,41.0,45.74932882159624,4.802848830985916,213.0
kmean,42.0,45.78093332323232,4.8707631616161615,198.0
kmean,43.0,45.77781284593024,4.846432069767442,688.0
kmean,44.0,45.76951696420582,4.8256687785234895,447.0
kmean,45.0,45.758090576200416,4.834599435281837,958.0
kmean,46.0,45.73675797773973,4.815005879280822,1168.0
kmean,47.0,45.78098138095238,4.805036849206349,126.0
kmean,48.0,45.83441570588235,4.840141029411765,34.0
kmean,49.0,45.74915238434164,4.834210604982206,281.0
kmean,50.0,45.74748929059829,4.844213008547008,117.0
kmean,51.0,45.76580172979215,4.763616572748267,433.0
kmean,52.0,45.760913535079794,4.826651284251732,3321.0
kmean,53.0,45.736127510204085,4.86998587755102,49.0
kmean,54.0,45.76360408219178,4.810504337899544,219.0
kmean,55.0,45.75404947031964,4.867017703196347,219.0
kmean,56.0,45.83679393333333,4.803152466666667,15.0
kmean,57.0,45.66549978205128,4.88768141025641,78.0
kmean,58.0,45.76865977960527,4.875900449013158,608.0
kmean,59.0,45.707109,4.961243809523809,21.0
kmean,60.0,45.7683121681736,4.837337723327305,553.0
kmean,61.0,45.84194638732394,4.914429908450704,142.0
kmean,62.0,45.81827684615384,4.76136717948718,39.0
kmean,63.0,45.796749035928144,4.841707758483034,501.0
kmean,64.0,45.7578538275862,4.898160586206896,29.0
kmean,65.0,45.75987075446429,4.855589058035714,224.0
kmean,66.0,45.77718959047619,4.991152561904762,105.0
kmean,67.0,45.77461913455149,4.834697348837209,603.0
kmean,68.0,45.722338462686565,4.761091104477612,67.0
kmean,69.0,45.71658274358975,4.810687991452991,117.0
kmean,70.0,45.72986806654991,4.8249837189141855,1142.0
kmean,71.0,45.767121458333335,4.782305375,48.0
kmean,72.0,45.76525972727273,4.841331040909091,424.0
kmean,73.0,45.77455694230769,4.8303524,260.0
kmean,74.0,45.82493388888889,4.852938777777778,9.0
kmean,75.0,45.84316706451613,4.835869564516129,62.0
kmean,76.0,45.76447027597403,4.827445395021645,924.0
kmean,77.0,45.74521025900277,4.870544716066482,722.0
kmean,78.0,45.82260342222222,4.819371222222222,45.0
kmean,79.0,45.67834246153846,4.789988,13.0
kmean,80.0,45.77892380508474,4.923977644067796,118.0
kmean,81.0,45.77710973913044,4.958099521739131,23.0
kmean,82.0,45.818272,4.885138599999999,10.0
kmean,83.0,45.68265209090909,4.9193620909090905,11.0
kmean,84.0,45.75107555144033,4.8231220781893,243.0
kmean,85.0,45.7666334,4.90733345625,160.0
kmean,86.0,45.78694571747212,4.795613765799256,269.0
kmean,87.0,45.82411626923077,4.955809403846154,52.0
kmean,88.0,45.757656486202364,4.832009370827858,3805.0
kmean,89.0,45.73072869767442,4.781562837209303,43.0
kmean,90.0,45.73201939207048,4.864850259911894,227.0
kmean,91.0,45.74158526315789,4.906441631578947,19.0
kmean,92.0,45.736016346153846,4.845758705128205,78.0
kmean,93.0,45.70434003030303,4.8523440909090905,33.0
kmean,94.0,45.76808405067218,4.8279405480868665,967.0
kmean,95.0,45.76818463283582,4.801904916417911,335.0
kmean,96.0,45.785256958762886,4.895560082474227,97.0
kmean,97.0,45.76363780306193,4.836101710508003,1416.0
kmean,98.0,45.75619498828125,4.8760174375,256.0
kmean,99.0,45.79785253658537,4.805560317073171,41.0
kmean,100.0,45.78362024779542,4.876322797178131,1134.0
kmean,101.0,45.76799835357143,4.817527221428572,280.0
kmean,102.0,45.76050012630015,4.833573196136701,1346.0
kmean,103.0,45.74988980597015,4.887290104477612,67.0
kmean,104.0,45.783100525,4.818545675,40.0
kmean,105.0,45.75933836659436,4.819310657266811,461.0
kmean,106.0,45.75183826285714,4.845169634285714,175.0
kmean,107.0,45.70466126086957,4.988569304347826,23.0
kmean,108.0,45.80798607042254,4.973320309859155,71.0
kmean,109.0,45.70069032758621,4.811235965517241,58.0
kmean,110.0,45.74274978685613,4.815751859680284,565.0
kmean,111.0,45.75296701807229,4.8374510080321285,498.0
kmean,112.0,45.76481077142857,4.922686847619048,105.0
kmean,113.0,45.72825571309772,4.815426758835758,481.0
kmean,114.0,45.76079508395062,4.858297054320988,405.0
kmean,115.0,45.807053703225804,4.9024076645161285,155.0
kmean,116.0,45.70988743722944,4.873188073593074,231.0
kmean,117.0,45.7372359,4.7954717,20.0
kmean,118.0,45.75175784347826,4.853784286956522,115.0
kmean,119.0,45.76649178899083,4.879550516055046,436.0
kmean,120.0,45.733696520689655,4.83428001724138,290.0
kmean,121.0,45.77332794188862,4.854537268765133,413.0
kmean,122.0,45.780278361607145,4.832013299107143,223.0
kmean,123.0,45.7841283096624,4.860578841676368,859.0
kmean,124.0,45.7619680174216,4.850922519163763,298.0
kmean,125.0,45.7531311,4.7262274,20.0
kmean,126.0,45.77543338095238,4.856531664399093,441.0
kmean,127.0,45.740330838235295,4.876300794117647,68.0
kmean,128.0,45.75817617372881,4.824642241525424,708.0
kmean,129.0,45.72048721052632,4.942426157894737,19.0
kmean,130.0,45.74885729063097,4.82552096749522,523.0
kmean,131.0,45.709935,4.744758185185185,27.0
kmean,132.0,45.76871442231076,4.842806011952192,251.0
kmean,133.0,45.75649679520697,4.839722540305011,1377.0
kmean,134.0,45.6666024,4.841674866666667,15.0
kmean,135.0,45.705616,4.888630892857143,28.0
kmean,136.0,45.731143887323945,4.853163154929577,71.0
kmean,137.0,45.732672,4.9790082,10.0
kmean,138.0,45.73602513513514,4.931968945945946,37.0
kmean,139.0,45.76324286619718,4.831354899647887,568.0
kmean,140.0,45.80339977777778,4.858961666666667,18.0
kmean,141.0,45.770833711370265,4.830125909620992,686.0
kmean,142.0,45.6924735,4.9390773333333335,6.0
kmean,143.0,45.78523208333333,5.0033088125,48.0
kmean,144.0,45.81214849275362,4.842044188405797,69.0
kmean,145.0,45.7678118968254,4.888479515873016,126.0
kmean,146.0,45.779486985,4.810083415,200.0
kmean,147.0,45.7822517027027,4.784713297297297,37.0
kmean,148.0,45.7760228,4.795867966666666,30.0
kmean,149.0,45.74298540740741,4.85892637037037,27.0
kmean,150.0,45.75207810526316,4.910986315789474,19.0
kmean,151.0,45.73387999324324,4.877981263513513,148.0
kmean,152.0,45.696106416666666,4.842418583333333,12.0
kmean,153.0,45.76293046015936,4.827589721779549,1506.0
kmean,154.0,45.77925208571428,4.979750542857143,70.0
kmean,155.0,45.74154523076923,4.750909307692308,13.0
kmean,156.0,45.728140706976745,4.8305890209302325,430.0
kmean,157.0,45.72960524439197,4.953757147579694,847.0
kmean,158.0,45.75643620987654,4.798418271604938,81.0
kmean,159.0,45.766195098591545,4.99436261971831,71.0
kmean,160.0,45.78129851694915,4.850709875706214,354.0
kmean,161.0,45.78203811034483,4.866520068965517,145.0
kmean,162.0,45.800548862068965,4.764084103448276,29.0
kmean,163.0,45.73830789285714,4.887616,28.0
kmean,164.0,45.75361247586207,4.833264834482758,435.0
kmean,165.0,45.74514242056075,4.830977149532711,107.0
kmean,166.0,45.77791973881674,4.856759694083694,693.0
kmean,167.0,45.77917420289855,4.878033455072464,345.0
kmean,168.0,45.79226772222222,4.821237319444444,72.0
kmean,169.0,45.76131432234957,4.853431967048711,690.0
kmean,170.0,45.799661,4.850461642857143,56.0
kmean,171.0,45.7480369009009,4.817641963963964,111.0
kmean,172.0,45.71528123880597,4.80316323880597,67.0
kmean,173.0,45.72255856,4.82429338,100.0
kmean,174.0,45.77828525407166,4.827805973941368,308.0
kmean,175.0,45.77319994117647,4.841178524064171,187.0
kmean,176.0,45.818922475,4.8654046,40.0
kmean,177.0,45.76309864664311,4.840728374558304,589.0
kmean,178.0,45.73933804347826,4.916178985507246,69.0
kmean,179.0,45.77250463218391,4.820079172413793,87.0
kmean,180.0,45.73697908411215,4.8375214392523365,107.0
kmean,181.0,45.717969515625,4.83354725,64.0
kmean,182.0,45.75089910416667,4.861384541666666,96.0
kmean,183.0,45.76083889556962,4.835804243670886,1575.0
kmean,184.0,45.820552767676766,4.766473762626263,198.0
kmean,185.0,45.76797542048136,4.836190648419065,2110.0
kmean,186.0,45.77431761538462,4.811870782051282,78.0
kmean,187.0,45.74107580994152,4.814792035087719,343.0
kmean,188.0,45.75983740944882,4.847859,254.0
kmean,189.0,45.75122949798116,4.827647913862719,743.0
kmean,190.0,45.76732202464789,4.855608915492958,284.0
kmean,191.0,45.72495564885496,4.828653786259542,393.0
kmean,192.0,45.76362946846847,4.872966198198198,111.0
kmean,193.0,45.7453853090379,4.841730513119534,343.0
kmean,194.0,45.757263761290325,4.808644096774193,155.0
kmean,195.0,45.792237,4.990346787878788,33.0
kmean,196.0,45.769306448504985,4.850776215946844,301.0
kmean,197.0,45.71958133333333,4.967737194444444,36.0
kmean,198.0,45.763408036199095,4.850937751131222,658.0
kmean,199.0,45.85163211111112,4.865995222222223,18.0
kmean,200.0,45.80849334782609,4.943997826086957,23.0
kmean,201.0,45.67394082692308,4.857984817307693,104.0
kmean,202.0,45.842172352941176,4.798556823529411,68.0
kmean,203.0,45.76754487121867,4.834110020743301,1158.0
kmean,204.0,45.761770496161226,4.828953257197696,1042.0
kmean,205.0,45.812463,4.793578733333334,15.0
kmean,206.0,45.76492171153846,4.867651230769231,52.0
kmean,207.0,45.765558668591225,4.831544209006928,866.0
kmean,208.0,45.78692216363636,4.854432896969697,165.0
kmean,209.0,45.73258389873418,4.8213633459915615,474.0
kmean,210.0,45.732304166666665,5.001024833333333,6.0
kmean,211.0,45.789186916666665,4.912191666666667,12.0
kmean,212.0,45.76885151690025,4.830335659521847,1213.0
kmean,213.0,45.75837717295597,4.866587965408805,318.0
kmean,214.0,45.76081792142857,4.779592607142857,140.0
kmean,215.0,45.7413426259947,4.822671190981432,377.0
kmean,216.0,45.75782668421053,4.890401280701754,57.0
kmean,217.0,45.758984946983546,4.826690009140768,547.0
kmean,218.0,45.77778358695653,4.833839358695652,189.0
kmean,219.0,45.81772923333333,4.8973186,60.0
kmean,220.0,45.84865347058823,4.829372764705882,51.0
kmean,221.0,45.7648389375,5.0037075625,32.0
kmean,222.0,45.785641488,4.811303344,125.0
kmean,223.0,45.77090769711538,4.83176309375,832.0
kmean,224.0,45.78500092832996,4.854069049357674,1479.0
kmean,225.0,45.77090550632912,4.8459221856540085,237.0
kmean,226.0,45.75861343907563,4.82151850210084,476.0
kmean,227.0,45.70617511111111,4.916720111111111,18.0
kmean,228.0,45.78416697619048,4.887555738095238,42.0
kmean,229.0,45.76604720370371,4.793584462962963,54.0
kmean,230.0,45.69248,4.787599684210527,38.0
kmean,231.0,45.757417263788966,4.836747597122302,417.0
kmean,232.0,45.72264657142857,4.909893028571429,35.0
kmean,233.0,45.69553508333333,4.904213666666667,12.0
kmean,234.0,45.77471005882353,4.863049588235294,51.0
kmean,235.0,45.7551201409396,4.822612268456376,298.0
kmean,236.0,45.692952375,4.96566375,8.0
kmean,237.0,45.83254258666667,4.847460306666666,75.0
kmean,238.0,45.76854959722223,4.822494018518518,216.0
kmean,239.0,45.72791914285715,4.919694938775511,49.0
kmean,240.0,45.83505128703704,4.834510944444444,108.0
kmean,241.0,45.68588692307692,4.7709445384615385,26.0
kmean,242.0,45.779870909375,4.8483952468750005,320.0
kmean,243.0,45.77395588122605,4.826754659003831,261.0
kmean,244.0,45.82582464285714,4.894061404761905,42.0
kmean,245.0,45.78691089285714,4.7739202857142855,28.0
kmean,246.0,45.75978437189055,4.831814947761194,804.0
kmean,247.0,45.84443592528736,4.840106057471265,174.0
kmean,248.0,45.774851570071256,4.832246738717339,418.0
kmean,249.0,45.812737875,4.889305291666666,96.0
kmean,250.0,45.67829566666666,4.898425666666666,15.0
kmean,251.0,45.77220711720227,4.835782544423441,526.0
kmean,252.0,45.797365052631584,4.958995815789474,38.0
kmean,253.0,45.771278405660375,4.871610424528302,106.0
kmean,254.0,45.80720707142857,4.752201035714286,28.0
kmean,255.0,45.761313666666666,4.962356555555556,9.0
kmean,256.0,45.76486086221294,4.833481213987474,958.0
kmean,257.0,45.76683114285714,4.731828285714285,14.0
kmean,258.0,45.72534110714286,4.841029446428571,56.0
kmean,259.0,45.76015737745098,4.862373529411765,204.0
kmean,260.0,45.81557950943397,4.817931849056603,53.0
kmean,261.0,45.770170081632656,4.812814034013606,294.0
kmean,262.0,45.82412920930233,4.828588651162791,43.0
kmean,263.0,45.78063779246376,4.872403611594203,1725.0
kmean,264.0,45.75930672532189,4.927956570815451,233.0
kmean,265.0,45.7860452,4.832584086956522,115.0
kmean,266.0,45.718110184035474,4.893686166297117,451.0
kmean,267.0,45.77881476515152,4.838308212121213,263.0
kmean,268.0,45.72238074418605,4.854378209302325,43.0
kmean,269.0,45.75714042528735,4.853169659003831,261.0
kmean,270.0,45.76133016068516,4.830737696574225,1226.0
kmean,271.0,45.71468677777778,4.934253666666667,9.0
kmean,272.0,45.76241454219949,4.821422354646207,1173.0
kmean,273.0,45.73675368472907,4.840374793103448,203.0
kmean,274.0,45.72546167142857,4.872977757142857,70.0
kmean,275.0,45.79968025,4.86661305,20.0
kmean,276.0,45.77408785483871,4.851693403225807,248.0
kmean,277.0,45.75535464285714,4.830627367346938,196.0
kmean,278.0,45.748778785714286,4.768643428571429,14.0
kmean,279.0,45.75501768949772,4.8437150456621,219.0
kmean,280.0,45.77019544534413,4.879271655870445,247.0
kmean,281.0,45.7801546,4.76216195,20.0
kmean,282.0,45.72848970124481,4.819030941908713,241.0
kmean,283.0,45.78328957735849,4.849368169811321,265.0
kmean,284.0,45.760609102348994,4.827625840604027,1192.0
kmean,285.0,45.79133304545454,4.8653936363636365,22.0
kmean,286.0,45.687837521739134,4.8473756086956525,23.0
kmean,287.0,45.74493405325444,4.854721562130178,169.0
kmean,288.0,45.76566277702703,4.845408668918918,148.0
kmean,289.0,45.78164519047619,4.856166363636364,462.0
kmean,290.0,45.837401468628535,4.827336169905608,1801.0
kmean,291.0,45.7377507014218,4.818544018957346,211.0
kmean,292.0,45.7210671,4.74955485,20.0
kmean,293.0,45.779207093253966,4.853429369047619,504.0
kmean,294.0,45.75175958701299,4.8425084,385.0
kmean,295.0,45.76995657450077,4.835584605222734,645.0
kmean,296.0,45.714451,4.883005371428571,35.0
kmean,297.0,45.76417034730539,4.816141988023952,167.0
kmean,298.0,45.675857625,4.832486375,8.0
kmean,299.0,45.66373455555556,4.825562333333333,9.0
kmean,300.0,45.81593831067961,4.847525281553399,103.0
kmean,301.0,45.79925863333333,4.7784911,30.0
kmean,302.0,45.76299114390244,4.838030514634147,429.0
kmean,303.0,45.762907615606935,4.857555228323699,346.0
kmean,304.0,45.74302964150944,4.809034528301887,53.0
kmean,305.0,45.73697276470588,4.7989566029411765,68.0
kmean,306.0,45.73412825471698,4.815357693396226,424.0
kmean,307.0,45.81251771428571,4.9148223571428575,14.0
kmean,308.0,45.78306886111111,4.735962361111112,36.0
kmean,309.0,45.725129,4.796801833333333,12.0
kmean,310.0,45.8336776,4.7876118,10.0
kmean,311.0,45.76272754166666,4.901537375,48.0
kmean,312.0,45.748665625,4.874402110294118,136.0
kmean,313.0,45.75480835820896,4.812859985074627,67.0
kmean,314.0,45.7388805882353,4.724759529411765,17.0
kmean,315.0,45.79740416981132,4.829312144654088,159.0
kmean,316.0,45.75977090909091,4.758937681818182,22.0
kmean,317.0,45.76078570588235,4.774449960784314,51.0
kmean,318.0,45.728993555555554,4.938729333333334,36.0
kmean,319.0,45.7452793,4.9706806,10.0
kmean,320.0,45.75914382642089,4.836475884792627,650.0
kmean,321.0,45.75733409530293,4.833265247787611,1469.0
kmean,322.0,45.77000266666666,4.86371012,150.0
kmean,323.0,45.74971051219512,4.810851487804878,41.0
kmean,324.0,45.77349478571429,4.9692425,14.0
kmean,325.0,45.759994502358495,4.842331646226415,426.0
kmean,326.0,45.74590211111112,4.835943328282828,198.0
kmean,327.0,45.79793978333333,4.8469119166666665,60.0
kmean,328.0,45.8120057368421,4.969770342105263,38.0
kmean,329.0,45.7455994,4.8661173692307695,65.0
kmean,330.0,45.798679038461536,4.9678583846153845,26.0
kmean,331.0,45.75917908,4.88095012,25.0
kmean,332.0,45.75996818336673,4.826014472945892,998.0
kmean,333.0,45.77669969318182,4.822883295454545,88.0
kmean,334.0,45.74872194358974,4.859277312820513,195.0
kmean,335.0,45.7387689568528,4.814423803299492,789.0
kmean,336.0,45.73216021452145,4.953033389438944,303.0
kmean,337.0,45.70299517857143,4.807095946428571,56.0
kmean,338.0,45.76577945251397,4.823930039106145,179.0
kmean,339.0,45.75772145890411,4.859221479452055,146.0
kmean,340.0,45.74148206038648,4.817088586956522,830.0
kmean,341.0,45.714086625,4.900330479166667,48.0
kmean,342.0,45.75603265217392,4.7889988695652175,23.0
kmean,343.0,45.80305805882353,4.821697470588235,17.0
kmean,344.0,45.65771185714286,4.900095714285714,7.0
kmean,345.0,45.7936194137931,4.793453931034483,29.0
kmean,346.0,45.78062094594595,4.863499481081081,185.0
kmean,347.0,45.76418062331839,4.828604328475336,892.0
kmean,348.0,45.7028699,4.84316425,20.0
kmean,349.0,45.67083636363636,4.921809090909091,11.0
kmean,350.0,45.78940976744186,4.859335023255814,86.0
kmean,351.0,45.76192226287554,4.827182342274679,1864.0
kmean,352.0,45.759402514792896,4.840171424556213,677.0
kmean,353.0,45.77723908666667,4.859445866666666,150.0
kmean,354.0,45.75710853846154,4.826688413298566,767.0
kmean,355.0,45.76857045642202,4.840423623853211,436.0
kmean,356.0,45.79128249056604,4.848186962264151,53.0
kmean,357.0,45.77596635483871,4.777071967741936,31.0
kmean,358.0,45.74215721848739,4.8810025126050425,119.0
kmean,359.0,45.73129728985507,4.833222101449276,69.0
kmean,360.0,45.738560441860464,4.860667069767442,43.0
kmean,361.0,45.772553057471264,4.831786727969349,1042.0
kmean,362.0,45.73121642181818,4.948909476363636,275.0
kmean,363.0,45.76934144117647,4.955571205882353,34.0
kmean,364.0,45.76609231034483,4.827354558247903,1073.0
kmean,365.0,45.74009918095238,4.839936247619048,105.0
kmean,366.0,45.76250464552239,4.8258714788557215,804.0
kmean,367.0,45.76916742137404,4.832572815267175,655.0
kmean,368.0,45.76672279063361,4.829435042699725,726.0
kmean,369.0,45.77652986290322,4.867655903225806,124.0
kmean,370.0,45.75390776666666,4.8893313888888885,90.0
kmean,371.0,45.76812248,4.882600253333334,75.0
kmean,372.0,45.75998918043304,4.820018609462711,1247.0
kmean,373.0,45.75780298076923,4.918857596153845,52.0
kmean,374.0,45.76180919852941,4.855843990196078,408.0
kmean,375.0,45.75930804637681,4.82879057004831,1035.0
kmean,376.0,45.77350977129338,4.856258223974764,634.0
kmean,377.0,45.77688782424242,4.844219869696969,331.0
kmean,378.0,45.83464288888889,4.813840333333333,9.0
kmean,379.0,45.731097858333335,4.817610786111112,360.0
kmean,380.0,45.74428786647727,4.817556267045455,346.0
kmean,381.0,45.77689414062501,4.852968768229166,384.0
kmean,382.0,45.77668581856541,4.836665801687764,237.0
kmean,383.0,45.75057392857143,4.82008337244898,196.0
kmean,384.0,45.74068890769231,4.792439569230769,65.0
kmean,385.0,45.79436432,4.95299712,25.0
kmean,386.0,45.74862505263158,4.900280789473684,19.0
kmean,387.0,45.7375076,4.806444975,40.0
kmean,388.0,45.78182683333333,4.915369,18.0
kmean,389.0,45.81297108333333,4.937916833333333,36.0
kmean,390.0,45.70575752941176,4.753942823529412,17.0
kmean,391.0,45.72598839534884,4.835747418604651,43.0
kmean,392.0,45.730329375,4.9630731875,16.0
kmean,393.0,45.749423416666666,4.831218594444445,180.0
kmean,394.0,45.80378571428572,4.9842062857142855,7.0
kmean,395.0,45.73242644520548,4.83090695890411,146.0
kmean,396.0,45.75475492727273,4.859953515151515,165.0
kmean,397.0,45.7181069375,4.815796604166667,48.0
kmean,398.0,45.81600898039216,4.769462725490196,51.0
kmean,399.0,45.765620855932205,4.838878101694915,358.0
kmean,400.0,45.75604816985951,4.835307850574712,783.0
kmean,401.0,45.76502046345029,4.836165644736842,676.0
kmean,402.0,45.75581172413793,4.81859067816092,87.0
kmean,403.0,45.714370217391306,4.823977652173913,23.0
kmean,404.0,45.72171124705882,4.879740882352941,85.0
kmean,405.0,45.77572368131868,4.802435164835165,91.0
kmean,406.0,45.72954887473002,4.951516585313176,463.0
kmean,407.0,45.6932028,4.8847877,10.0
kmean,408.0,45.67574772,4.86217462,50.0
kmean,409.0,45.77432676923077,4.792082307692308,65.0
kmean,410.0,45.81594066666666,4.803447666666667,6.0
kmean,411.0,45.71662378571428,4.845413285714286,14.0
kmean,412.0,45.73158496296296,4.886323296296297,27.0
kmean,413.0,45.77457563366337,4.816025504950495,101.0
kmean,414.0,45.70618128571429,4.879405809523809,21.0
kmean,415.0,45.782077,4.938266333333333,6.0
kmean,416.0,45.802838298701296,4.93526609090909,77.0
kmean,417.0,45.75365740384616,4.882221384615384,52.0
kmean,418.0,45.84920023809524,4.836538428571429,21.0
kmean,419.0,45.76323367028986,4.834257398550725,552.0
kmean,420.0,45.74974858474576,4.847568957627119,118.0
kmean,421.0,45.691077538461535,4.829335615384616,13.0
kmean,422.0,45.7842612881356,4.881837966101695,59.0
kmean,423.0,45.76415925,4.8608617109375,128.0
kmean,424.0,45.76237122578084,4.82233340682901,3778.0
kmean,425.0,45.789278125,4.8160278906250005,64.0
kmean,426.0,45.75280862702703,4.830037483783784,370.0
kmean,427.0,45.77106822222222,4.747328333333334,9.0
kmean,428.0,45.74391090909091,4.742310909090909,11.0
kmean,429.0,45.7720950739726,4.833792136986301,720.0
kmean,430.0,45.74947313888889,4.86447975,108.0
kmean,431.0,45.68670227586207,4.7840050000000005,29.0
kmean,432.0,45.77145345890411,4.827268489726027,292.0
kmean,433.0,45.73297326086957,4.873750086956522,69.0
kmean,434.0,45.74607626244344,4.823589828054299,221.0
kmean,435.0,45.7718584691358,4.822803969135802,162.0
kmean,436.0,45.78466095890411,4.872591684931507,73.0
kmean,437.0,45.71206604761905,4.83530219047619,21.0
kmean,438.0,45.84900681690141,4.85497961971831,71.0
kmean,439.0,45.76055059437751,4.86014175502008,498.0
kmean,440.0,45.78276201183432,4.85261050887574,338.0
kmean,441.0,45.76131199065421,4.845879247663551,214.0
kmean,442.0,45.68156355555556,4.9485104444444445,9.0
kmean,443.0,45.72335386486487,4.898367216216216,37.0
kmean,444.0,45.77060651383875,4.83727680866426,839.0
kmean,445.0,45.7682430617284,4.8068928395061725,81.0
kmean,446.0,45.77748602614379,4.850648460784313,306.0
kmean,447.0,45.73254348883049,4.818096482260184,1522.0
kmean,448.0,45.77511332991804,4.8056432254098365,488.0
kmean,449.0,45.75158421338912,4.836023615062762,478.0
kmean,450.0,45.73881266666667,4.763478888888889,9.0
kmean,451.0,45.757099016666665,4.9125684666666665,60.0
kmean,452.0,45.733204,4.7896974,15.0
kmean,453.0,45.76309313068182,4.849197619318182,178.0
kmean,454.0,45.73988885714286,4.893344142857143,49.0
kmean,455.0,45.74748277732794,4.827645307692308,247.0
kmean,456.0,45.84242947619048,4.853597857142857,21.0
kmean,457.0,45.83056870833333,4.874101083333333,24.0
kmean,458.0,45.669539,4.9013489,10.0
kmean,459.0,45.75828790568863,4.830785865269461,668.0
kmean,460.0,45.7600182,4.9439524,5.0
kmean,461.0,45.84456008585859,4.836813095959596,198.0
kmean,462.0,45.77301113043478,4.8936785217391305,23.0
kmean,463.0,45.75830817094017,4.815037196581197,117.0
kmean,464.0,45.73940185542169,4.834058626506024,83.0
kmean,465.0,45.784867,4.7527805,8.0
kmean,466.0,45.81783316666667,4.892918428571429,42.0
kmean,467.0,45.79957205454546,4.8359756727272725,55.0
kmean,468.0,45.80537018181818,4.880093545454545,11.0
kmean,469.0,45.74371764473684,4.849270171052631,76.0
kmean,470.0,45.82525946153846,4.7975031538461534,13.0
kmean,471.0,45.767609067924525,4.835277776100629,795.0
kmean,472.0,45.77399416786571,4.836845712230216,437.0
kmean,473.0,45.71875058333333,4.788999166666667,12.0
kmean,474.0,45.72197131428572,4.929144971428571,35.0
kmean,475.0,45.76181721996304,4.832638475046211,541.0
kmean,476.0,45.79369333333333,4.873804083333333,24.0
kmean,477.0,45.763874725043785,4.923847788091068,571.0
kmean,478.0,45.70117530769231,4.939548923076923,13.0
kmean,479.0,45.76258107392996,4.812420556420234,257.0
kmean,480.0,45.78807168421053,4.800193973684211,38.0
kmean,481.0,45.767502289215685,4.819996720588235,204.0
kmean,482.0,45.75437066666667,4.840589205673759,141.0
kmean,483.0,45.70464878571429,4.832193642857143,14.0
kmean,484.0,45.65650457142857,4.8375897142857145,7.0
kmean,485.0,45.752852366666666,4.82196896,150.0
kmean,486.0,45.76066246875,4.8855968125,64.0
kmean,487.0,45.75474492248062,4.84728696124031,129.0
kmean,488.0,45.767498065260384,4.833354342452208,3034.0
kmean,489.0,45.84079095544554,4.835341653465346,202.0
kmean,490.0,45.77509719924812,4.858863966165414,266.0
kmean,491.0,45.73417421428572,4.857647928571429,28.0
kmean,492.0,45.77788622727272,4.798559306818182,88.0
kmean,493.0,45.80048827272727,4.769797545454545,22.0
kmean,494.0,45.7500152872807,4.850043486842105,456.0
kmean,495.0,45.76833206153846,4.982966476923077,65.0
kmean,496.0,45.74963943478261,4.839269017391304,115.0
kmean,497.0,45.772183197183104,4.808488457746479,142.0
kmean,498.0,45.77344402076125,4.828621612456748,290.0
kmean,499.0,45.81428726315789,4.893596671052632,76.0
hdbscan,0.0,45.705263714285714,4.9895780952380955,21.0
hdbscan,1.0,45.665821190476194,4.888725095238095,21.0
hdbscan,2.0,45.66568421276596,4.886050489361701,47.0
hdbscan,3.0,45.82411626923077,4.955809403846154,52.0
hdbscan,4.0,45.772060214285716,4.956991642857143,56.0
hdbscan,5.0,45.801825981651376,4.937704724770642,109.0
hdbscan,6.0,45.81162285106383,4.939809936170213,47.0
hdbscan,7.0,45.79230290322581,4.990258935483871,31.0
hdbscan,8.0,45.785232083333334,5.003308812499999,48.0
hdbscan,9.0,45.77925208571428,4.9797505428571425,70.0
hdbscan,10.0,45.7648389375,5.0037075625,32.0
hdbscan,11.0,45.76611386153846,4.9941720307692306,65.0
hdbscan,12.0,45.776702130434785,4.991545195652174,92.0
hdbscan,13.0,45.79675410344827,4.958377965517241,29.0
hdbscan,14.0,45.80383129268293,4.963223658536585,41.0
hdbscan,15.0,45.80707417647059,4.973197509803922,51.0
hdbscan,16.0,45.81200454166666,4.970434333333333,24.0
hdbscan,17.0,45.803888,4.959372,70.0
hdbscan,18.0,45.803888,4.959166,137.0
hdbscan,19.0,45.76811676666667,4.981669066666667,30.0
hdbscan,20.0,45.7321521375948,4.734357608884074,923.0
hdbscan,21.0,45.78785303846154,4.731152519230769,52.0
hdbscan,22.0,45.78559892647059,4.730454617647059,68.0
hdbscan,23.0,45.76468220481927,4.9804226024096385,83.0
hdbscan,24.0,45.72247682352941,4.761123294117647,68.0
hdbscan,25.0,45.699947438709685,4.766385077419356,465.0
hdbscan,26.0,45.68763766666667,4.769887333333333,21.0
hdbscan,27.0,45.71998527272727,4.749822590909091,22.0
hdbscan,28.0,45.70902083870968,4.746699774193549,31.0
hdbscan,29.0,45.69227348387097,4.787381935483871,31.0
hdbscan,30.0,45.68640565217391,4.784995652173913,23.0
hdbscan,31.0,45.8392014893617,4.798945840425532,94.0
hdbscan,32.0,45.84237245864662,4.914671714285714,133.0
hdbscan,33.0,45.807072,4.902461,154.0
hdbscan,34.0,45.82723299999999,4.892772,26.0
hdbscan,35.0,45.81800795238095,4.905186357142857,42.0
hdbscan,36.0,45.81589619230769,4.904373230769231,26.0
hdbscan,37.0,45.765167000000005,4.9821247500000005,20.0
hdbscan,38.0,45.7653,4.982085,66.0
hdbscan,39.0,45.765299488372094,4.9817655116279065,86.0
hdbscan,40.0,45.76530296666667,4.981897383333333,60.0
hdbscan,41.0,45.81866590909091,4.864056878787879,33.0
hdbscan,42.0,45.83104304545454,4.874119045454545,22.0
hdbscan,43.0,45.76521486956522,4.981685869565218,23.0
hdbscan,44.0,45.765222,4.981731,85.0
hdbscan,45.0,45.675706545454545,4.86159515909091,44.0
hdbscan,46.0,45.67381086138614,4.858038574257426,101.0
hdbscan,47.0,45.81789381944444,4.894807111111111,72.0
hdbscan,48.0,45.815569,4.893314,48.0
hdbscan,49.0,45.81268867441861,4.887926372093023,43.0
hdbscan,50.0,45.81287119047619,4.889619142857143,21.0
hdbscan,51.0,45.81237608000001,4.89155496,25.0
hdbscan,52.0,45.831548962025316,4.879793810126582,79.0
hdbscan,53.0,45.8316514,4.879296,20.0
hdbscan,54.0,45.831263324324325,4.879442432432432,37.0
hdbscan,55.0,45.77837413333334,4.9248616,60.0
hdbscan,56.0,45.779415625,4.923268656249999,32.0
hdbscan,57.0,45.701957109375,4.847682828125,64.0
hdbscan,58.0,45.694712033898305,4.867691359322034,295.0
hdbscan,59.0,45.81570865384616,4.81794625,52.0
hdbscan,60.0,45.823710052631576,4.828764684210527,38.0
hdbscan,61.0,45.822220289473684,4.8198215,38.0
hdbscan,62.0,45.84925232258065,4.854879709677419,62.0
hdbscan,63.0,45.72056596666666,4.9682821,30.0
hdbscan,64.0,45.84912155,4.82945845,40.0
hdbscan,65.0,45.832619183098586,4.8473817746478876,71.0
hdbscan,66.0,45.73275372727273,4.9479845454545455,22.0
hdbscan,67.0,45.728993555555554,4.938729333333333,36.0
hdbscan,68.0,45.84783371739131,4.851833782608696,46.0
hdbscan,69.0,45.731058114285716,4.782924171428572,35.0
hdbscan,70.0,45.73115400763359,4.9486108244274805,131.0
hdbscan,71.0,45.728314,4.953095,67.0
hdbscan,72.0,45.838070900000005,4.8249018999999995,20.0
hdbscan,73.0,45.844556,4.839906,159.0
hdbscan,74.0,45.83774579411765,4.825603235294118,34.0
hdbscan,75.0,45.840759,4.835918,38.0
hdbscan,76.0,45.840835,4.83528,157.0
hdbscan,77.0,45.83741,4.827525,717.0
hdbscan,78.0,45.837493,4.827284,184.0
hdbscan,79.0,45.83722180445969,4.827221638078902,583.0
hdbscan,80.0,45.733209810810806,4.951925513513513,37.0
hdbscan,81.0,45.836070645161286,4.835657806451613,31.0
hdbscan,82.0,45.83471549056603,4.833575490566038,53.0
hdbscan,83.0,45.79858607407407,4.777957370370371,27.0
hdbscan,84.0,45.84466685714286,4.837541380952381,21.0
hdbscan,85.0,45.84506835135135,4.836827189189189,37.0
hdbscan,86.0,45.84315030952381,4.836181619047619,42.0
hdbscan,87.0,45.84438512121212,4.836691272727272,132.0
hdbscan,88.0,45.800769095238095,4.769799333333333,21.0
hdbscan,89.0,45.79998560869565,4.764564304347826,23.0
hdbscan,90.0,45.80524209230769,4.773229723076923,65.0
hdbscan,91.0,45.73081982352941,4.949347911764706,68.0
hdbscan,92.0,45.731644675675675,4.949867243243243,37.0
hdbscan,93.0,45.81756753571428,4.7620314285714285,28.0
hdbscan,94.0,45.72970151078167,4.9538239824797845,742.0
hdbscan,95.0,45.837500157088115,4.826943965517241,261.0
hdbscan,96.0,45.816977875,4.769374375,32.0
hdbscan,97.0,45.819180949999996,4.76713025,20.0
hdbscan,98.0,45.72987435,4.9512523,20.0
hdbscan,99.0,45.729498293233085,4.951550115288221,399.0
hdbscan,100.0,45.73566674285715,4.931785485714286,35.0
hdbscan,101.0,45.820821,4.766499,51.0
hdbscan,102.0,45.82046512244897,4.766473346938776,49.0
hdbscan,103.0,45.82044605769231,4.766162846153846,52.0
hdbscan,104.0,45.732307730769236,4.952668961538462,26.0
hdbscan,105.0,45.73279736923077,4.953259723076923,65.0
hdbscan,106.0,45.71206604761905,4.835302190476191,21.0
hdbscan,107.0,45.731027404255315,4.9517534255319156,47.0
hdbscan,108.0,45.73144567741935,4.951839064516129,31.0
hdbscan,109.0,45.798053172413795,4.804539172413794,29.0
hdbscan,110.0,45.731123590909085,4.953366363636364,22.0
hdbscan,111.0,45.73107345652174,4.952876673913043,46.0
hdbscan,112.0,45.73095875,4.952284388888889,36.0
hdbscan,113.0,45.73110772807018,4.952376710526316,114.0
hdbscan,114.0,45.731153,4.952387,22.0
hdbscan,115.0,45.731168,4.951078,96.0
hdbscan,116.0,45.7310938701923,4.95096907051282,624.0
hdbscan,117.0,45.73116879545454,4.9512496022727275,88.0
hdbscan,118.0,45.73101845225225,4.951164718918919,555.0
hdbscan,119.0,45.730880704545456,4.951174318181819,44.0
hdbscan,120.0,45.84783315384615,4.851998846153847,156.0
hdbscan,121.0,45.84791166666667,4.851988666666666,27.0
hdbscan,122.0,45.847882740740744,4.851997018518518,54.0
hdbscan,123.0,45.701771375,4.807965125,32.0
hdbscan,124.0,45.70037065714286,4.811088171428572,35.0
hdbscan,125.0,45.811004,4.842233791666667,24.0
hdbscan,126.0,45.81167741935484,4.84217764516129,31.0
hdbscan,127.0,45.705616,4.888630892857143,28.0
hdbscan,128.0,45.776878439024394,4.767113073170732,41.0
hdbscan,129.0,45.77596001587301,4.768685642857142,126.0
hdbscan,130.0,45.73983693442623,4.916097196721311,61.0
hdbscan,131.0,45.76578147099767,4.763612088167053,431.0
hdbscan,132.0,45.837222404494376,4.826388528089887,89.0
hdbscan,133.0,45.81558568965517,4.847409551724138,29.0
hdbscan,134.0,45.815633,4.8475968571428565,28.0
hdbscan,135.0,45.83728195238095,4.8261165238095245,21.0
hdbscan,136.0,45.83723258695652,4.826712826086957,46.0
hdbscan,137.0,45.727184928571425,4.920037,42.0
hdbscan,138.0,45.837468132352946,4.8260465588235295,68.0
hdbscan,139.0,45.83754506956845,4.826130013020833,2688.0
hdbscan,140.0,45.837645515625,4.826173796875,128.0
hdbscan,141.0,45.837410041560915,4.826163001903554,3152.0
hdbscan,142.0,45.83740999999999,4.826248,52.0
hdbscan,143.0,45.720947,4.919155,86.0
hdbscan,144.0,45.720416,4.919519,76.0
hdbscan,145.0,45.837448,4.826248,4978.0
hdbscan,146.0,45.837478,4.826238,29.0
hdbscan,147.0,45.70992732173913,4.873219882608696,230.0
hdbscan,148.0,45.760771,4.780157,98.0
hdbscan,149.0,45.761169571428574,4.777473214285714,28.0
hdbscan,150.0,45.76062948275862,4.774866034482758,29.0
hdbscan,151.0,45.83743989509306,4.826388297800338,591.0
hdbscan,152.0,45.83761068965517,4.826577965517242,29.0
hdbscan,153.0,45.83743939393939,4.8265036666666665,33.0
hdbscan,154.0,45.837544925233644,4.82659223364486,107.0
hdbscan,155.0,45.83747087401575,4.826611346456693,127.0
hdbscan,156.0,45.8374973,4.826668100000001,20.0
hdbscan,157.0,45.83758586422019,4.826513053211009,545.0
hdbscan,158.0,45.83753016666667,4.826460119047619,42.0
hdbscan,159.0,45.71469842857143,4.882985000000001,21.0
hdbscan,160.0,45.75674563265306,4.9134596938775505,49.0
hdbscan,161.0,45.757433,4.918956,43.0
hdbscan,162.0,45.71317656666667,4.901315100000001,30.0
hdbscan,163.0,45.71878781481482,4.890973000000001,27.0
hdbscan,164.0,45.76491245679013,4.9234091481481475,81.0
hdbscan,165.0,45.760905794871796,4.922363615384616,39.0
hdbscan,166.0,45.759259,4.924407,34.0
hdbscan,167.0,45.75914361290322,4.924181903225807,31.0
hdbscan,168.0,45.76388858974359,4.923607717948718,39.0
hdbscan,169.0,45.76407821052632,4.923476596491228,57.0
hdbscan,170.0,45.764166,4.923611,112.0
hdbscan,171.0,45.763887425,4.923887525,120.0
hdbscan,172.0,45.71815272,4.89553644,25.0
hdbscan,173.0,45.7188147735849,4.895238641509434,53.0
hdbscan,174.0,45.71885611111111,4.894581814814814,27.0
hdbscan,175.0,45.763640605263156,4.923872421052631,38.0
hdbscan,176.0,45.763608,4.923952,30.0
hdbscan,177.0,45.763593218749996,4.923925,32.0
hdbscan,178.0,45.7636,4.923899714285715,21.0
hdbscan,179.0,45.75941164864865,4.927773567567567,37.0
hdbscan,180.0,45.784633666666664,4.794086512820512,39.0
hdbscan,181.0,45.759067825,4.927776775,80.0
hdbscan,182.0,45.7590102,4.92824195,40.0
hdbscan,183.0,45.763576571428565,4.923865742857143,35.0
hdbscan,184.0,45.763583,4.923866,20.0
hdbscan,185.0,45.787334782222224,4.7960712533333325,225.0
hdbscan,186.0,45.78844542307692,4.800683,26.0
hdbscan,187.0,45.74057405,4.792592633333333,60.0
hdbscan,188.0,45.717750419354836,4.894940096774194,62.0
hdbscan,189.0,45.73608385416667,4.798375520833333,48.0
hdbscan,190.0,45.7372359,4.7954717,20.0
hdbscan,191.0,45.766457,4.907292,61.0
hdbscan,192.0,45.76633178787879,4.907344090909091,33.0
hdbscan,193.0,45.7855852875,4.8947400125,80.0
hdbscan,194.0,45.71803033527697,4.894014303206997,343.0
hdbscan,195.0,45.71804431034482,4.894686668965518,145.0
hdbscan,196.0,45.718172714285714,4.894624285714285,21.0
hdbscan,197.0,45.73978220408163,4.893199857142857,49.0
hdbscan,198.0,45.76573061538461,4.792623025641025,39.0
hdbscan,199.0,45.721114794117646,4.879435985294117,68.0
hdbscan,200.0,45.72330035714286,4.853827392857142,28.0
hdbscan,201.0,45.72082810714285,4.876014500000001,28.0
hdbscan,202.0,45.720499,4.87618,83.0
hdbscan,203.0,45.72094136363636,4.875272242424242,33.0
hdbscan,204.0,45.721369124999995,4.875725375,24.0
hdbscan,205.0,45.76062683928571,4.900933017857143,56.0
hdbscan,206.0,45.732170870588234,4.854634752941177,85.0
hdbscan,207.0,45.725409941176466,4.873007102941177,68.0
hdbscan,208.0,45.75588337037037,4.79805362962963,54.0
hdbscan,209.0,45.74933291397849,4.803233408602151,93.0
hdbscan,210.0,45.74896067469879,4.802560698795181,83.0
hdbscan,211.0,45.71657963333334,4.811540016666667,120.0
hdbscan,212.0,45.714645374999996,4.804352275,40.0
hdbscan,213.0,45.71794611111111,4.83346907936508,63.0
hdbscan,214.0,45.78845474999999,4.8784458214285715,28.0
hdbscan,215.0,45.79517479411765,4.848470323529412,34.0
hdbscan,216.0,45.80002068292683,4.850244048780488,41.0
hdbscan,217.0,45.7991734516129,4.846101419354839,31.0
hdbscan,218.0,45.78499403225806,4.887116258064516,31.0
hdbscan,219.0,45.7978525106383,4.843076382978723,47.0
hdbscan,220.0,45.79741783870967,4.843791161290322,31.0
hdbscan,221.0,45.795718040000004,4.8292620799999995,25.0
hdbscan,222.0,45.79652575,4.8313430740740735,108.0
hdbscan,223.0,45.798520326923075,4.82952,52.0
hdbscan,224.0,45.79721024324324,4.841917837837838,37.0
hdbscan,225.0,45.796684454545456,4.834388818181818,22.0
hdbscan,226.0,45.797833835820896,4.833482462686567,67.0
hdbscan,227.0,45.79667230232558,4.841196976744186,86.0
hdbscan,228.0,45.79682413612565,4.841364706806282,191.0
hdbscan,229.0,45.73871154166667,4.845154208333333,24.0
hdbscan,230.0,45.73383725,4.845274555555555,36.0
hdbscan,231.0,45.73907717241379,4.860304103448277,29.0
hdbscan,232.0,45.737752071428574,4.805989714285714,28.0
hdbscan,233.0,45.784619078431376,4.881753117647059,51.0
hdbscan,234.0,45.74873392307693,4.811601692307692,26.0
hdbscan,235.0,45.749826267857145,4.887736321428571,56.0
hdbscan,236.0,45.75386424657535,4.889309273972602,73.0
hdbscan,237.0,45.75785866666667,4.889594866666667,30.0
hdbscan,238.0,45.758487,4.8862122857142865,21.0
hdbscan,239.0,45.792718904761905,4.820185190476191,42.0
hdbscan,240.0,45.7335829389313,4.877857450381679,131.0
hdbscan,241.0,45.73878619512195,4.876392121951219,41.0
hdbscan,242.0,45.734043299999996,4.8736376,40.0
hdbscan,243.0,45.73111068181818,4.873541818181818,22.0
hdbscan,244.0,45.7738892,4.793024375,40.0
hdbscan,245.0,45.77785259210526,4.7983630131578945,76.0
hdbscan,246.0,45.776480791666664,4.79595,24.0
hdbscan,247.0,45.73253048275862,4.86507751724138,29.0
hdbscan,248.0,45.732949480769236,4.864435903846154,52.0
hdbscan,249.0,45.742893476190474,4.878686619047619,21.0
hdbscan,250.0,45.74187516393443,4.8812654262295085,61.0
hdbscan,251.0,45.78590713333333,4.833372266666667,30.0
hdbscan,252.0,45.786087,4.831011,36.0
hdbscan,253.0,45.757446717741935,4.808635282258064,124.0
hdbscan,254.0,45.725533925,4.840992675,40.0
hdbscan,255.0,45.76799026086957,4.888029,23.0
hdbscan,256.0,45.768195999999996,4.888073391304348,23.0
hdbscan,257.0,45.75360279411765,4.881622823529412,34.0
hdbscan,258.0,45.752488533333334,4.878002577777778,45.0
hdbscan,259.0,45.75737376086956,4.873653652173913,46.0
hdbscan,260.0,45.75567459493671,4.875811734177215,79.0
hdbscan,261.0,45.75608118348624,4.877256412844036,109.0
hdbscan,262.0,45.77459592105263,4.862903921052632,38.0
hdbscan,263.0,45.73900234615385,4.825365230769231,26.0
hdbscan,264.0,45.73191938947369,4.83886312631579,95.0
hdbscan,265.0,45.73068723728814,4.840541288135594,59.0
hdbscan,266.0,45.73137664285714,4.840764071428572,28.0
hdbscan,267.0,45.768121,4.801775999999999,56.0
hdbscan,268.0,45.768413,4.802002,33.0
hdbscan,269.0,45.76828700000001,4.801967,192.0
hdbscan,270.0,45.75141791428572,4.873510057142856,35.0
hdbscan,271.0,45.747274196721314,4.874423081967214,61.0
hdbscan,272.0,45.74864902777778,4.878489277777778,36.0
hdbscan,273.0,45.7697353,4.866452,20.0
hdbscan,274.0,45.774405021739135,4.867639173913044,46.0
hdbscan,275.0,45.7649025,4.8682036153846155,26.0
hdbscan,276.0,45.76254348214286,4.8728634642857145,56.0
hdbscan,277.0,45.76617414285714,4.874053166666666,42.0
hdbscan,278.0,45.768499049999996,4.875833,20.0
hdbscan,279.0,45.76846,4.875848,30.0
hdbscan,280.0,45.768459,4.875848,441.0
hdbscan,281.0,45.77093889705882,4.876271897058824,68.0
hdbscan,282.0,45.77129266666667,4.869712037037037,27.0
hdbscan,283.0,45.77114645454546,4.872391545454545,44.0
hdbscan,284.0,45.768451644067795,4.8826394576271195,59.0
hdbscan,285.0,45.74533840625,4.8483810625,32.0
hdbscan,286.0,45.785391452054796,4.8126501095890415,73.0
hdbscan,287.0,45.772138764705886,4.879379803921569,51.0
hdbscan,288.0,45.768270785714286,4.877559,28.0
hdbscan,289.0,45.739870068965516,4.833130620689655,29.0
hdbscan,290.0,45.769021692307696,4.880192076923077,26.0
hdbscan,291.0,45.76946154054054,4.8794395945945945,37.0
hdbscan,292.0,45.76979719148936,4.878950787234043,47.0
hdbscan,293.0,45.769572,4.878613,25.0
hdbscan,294.0,45.723361172413796,4.824685396551724,58.0
hdbscan,295.0,45.74023728947368,4.839022631578947,38.0
hdbscan,296.0,45.739859,4.840642679245283,53.0
hdbscan,297.0,45.725184,4.828931,168.0
hdbscan,298.0,45.72580604761905,4.828718396825397,63.0
hdbscan,299.0,45.73179464893617,4.830918031914893,94.0
hdbscan,300.0,45.76670268181818,4.880302954545455,22.0
hdbscan,301.0,45.724349875,4.829707916666666,24.0
hdbscan,302.0,45.735321269230774,4.835303115384615,26.0
hdbscan,303.0,45.73829577419355,4.835238516129032,31.0
hdbscan,304.0,45.73789482857143,4.837472028571429,35.0
hdbscan,305.0,45.731271240740746,4.833104148148148,54.0
hdbscan,306.0,45.735859863636364,4.838542818181818,44.0
hdbscan,307.0,45.727379400000004,4.8305159,20.0
hdbscan,308.0,45.736529,4.840142,25.0
hdbscan,309.0,45.736881152173915,4.8404,138.0
hdbscan,310.0,45.7674666,4.87951192,25.0
hdbscan,311.0,45.767358181818175,4.8795372424242425,33.0
hdbscan,312.0,45.7340886,4.832897028571429,35.0
hdbscan,313.0,45.733683769230765,4.8321661538461536,26.0
hdbscan,314.0,45.727906708333336,4.830574958333334,48.0
hdbscan,315.0,45.728266,4.830561,236.0
hdbscan,316.0,45.728176500000004,4.830726074074073,54.0
hdbscan,317.0,45.72337906578947,4.832121184210527,76.0
hdbscan,318.0,45.72448119047619,4.828309619047619,21.0
hdbscan,319.0,45.724068675675674,4.828333162162162,37.0
hdbscan,320.0,45.72406242105263,4.832236578947368,114.0
hdbscan,321.0,45.73369593877551,4.834604918367347,49.0
hdbscan,322.0,45.733399,4.834424,115.0
hdbscan,323.0,45.723794,4.832154965909091,88.0
hdbscan,324.0,45.723806,4.832117000000001,53.0
hdbscan,325.0,45.723819166666665,4.832207947916666,96.0
hdbscan,326.0,45.72377093478261,4.83223852173913,46.0
hdbscan,327.0,45.747780870967745,4.854769903225806,31.0
hdbscan,328.0,45.74421988775511,4.8549363061224495,98.0
hdbscan,329.0,45.766643574074074,4.879544,54.0
hdbscan,330.0,45.766183956521736,4.87951836231884,69.0
hdbscan,331.0,45.790819750000004,4.86018685,20.0
hdbscan,332.0,45.768603680851065,4.806297425531915,47.0
hdbscan,333.0,45.78184525641026,4.806876333333333,39.0
hdbscan,334.0,45.74742057894736,4.8655685,38.0
hdbscan,335.0,45.74980503614457,4.864307638554217,83.0
hdbscan,336.0,45.746430972972966,4.868737594594594,37.0
hdbscan,337.0,45.77830567105263,4.809444486842105,76.0
hdbscan,338.0,45.77403808695652,4.803869043478261,23.0
hdbscan,339.0,45.78054165384616,4.803571403846154,52.0
hdbscan,340.0,45.777142612903226,4.803234258064516,31.0
hdbscan,341.0,45.780454,4.810456,34.0
hdbscan,342.0,45.780276,4.81015845,20.0
hdbscan,343.0,45.772324206896556,4.808121034482759,29.0
hdbscan,344.0,45.772105,4.8084,85.0
hdbscan,345.0,45.75053022857143,4.861670571428571,35.0
hdbscan,346.0,45.776129,4.806497,27.0
hdbscan,347.0,45.772841535714285,4.8163027142857135,28.0
hdbscan,348.0,45.74570556521739,4.868989,23.0
hdbscan,349.0,45.748271725806454,4.860123564516129,62.0
hdbscan,350.0,45.749285421875,4.858617828125,64.0
hdbscan,351.0,45.74511575,4.8713971166666665,60.0
hdbscan,352.0,45.77381580952381,4.8061319523809525,63.0
hdbscan,353.0,45.774166,4.806111,21.0
hdbscan,354.0,45.77412532,4.80578556,50.0
hdbscan,355.0,45.77479,4.805737818181818,22.0
hdbscan,356.0,45.74554548076923,4.869897019230769,52.0
hdbscan,357.0,45.774490926829266,4.805820414634146,41.0
hdbscan,358.0,45.774477136363636,4.805678909090909,22.0
hdbscan,359.0,45.77802989230769,4.867423061538461,65.0
hdbscan,360.0,45.775148,4.805673,92.0
hdbscan,361.0,45.775023276595746,4.8056807659574465,47.0
hdbscan,362.0,45.77386,4.806407307692307,39.0
hdbscan,363.0,45.774133,4.8066757,20.0
hdbscan,364.0,45.774186,4.80668,21.0
hdbscan,365.0,45.77514451923077,4.805559692307693,52.0
hdbscan,366.0,45.77034875609756,4.862611024390244,41.0
hdbscan,367.0,45.76921163157895,4.863056289473684,38.0
hdbscan,368.0,45.775067,4.805594,21.0
hdbscan,369.0,45.77508176315789,4.8055654210526315,38.0
hdbscan,370.0,45.778343428571425,4.877937321428571,28.0
hdbscan,371.0,45.78186566666667,4.862573727272728,33.0
hdbscan,372.0,45.77915244354839,4.878534806451613,124.0
hdbscan,373.0,45.77896887755102,4.878761857142857,49.0
hdbscan,374.0,45.77988500000001,4.876534,50.0
hdbscan,375.0,45.779725,4.877102,51.0
hdbscan,376.0,45.773707,4.806638,50.0
hdbscan,377.0,45.773688,4.806649,44.0
hdbscan,378.0,45.74501424137931,4.870381482758621,29.0
hdbscan,379.0,45.75480252380952,4.855970142857143,21.0
hdbscan,380.0,45.745298600000005,4.870497292307693,65.0
hdbscan,381.0,45.75327722222222,4.856396083333333,72.0
hdbscan,382.0,45.77752353333334,4.824086466666667,30.0
hdbscan,383.0,45.74502420289855,4.870805724637681,69.0
hdbscan,384.0,45.75203925,4.854622833333334,36.0
hdbscan,385.0,45.75176169047619,4.853293976190476,42.0
hdbscan,386.0,45.745117,4.8707301,30.0
hdbscan,387.0,45.74511,4.870719,76.0
hdbscan,388.0,45.7801658974359,4.862855564102564,39.0
hdbscan,389.0,45.78230822077922,4.8662124025974025,77.0
hdbscan,390.0,45.78070889705882,4.864608117647059,68.0
hdbscan,391.0,45.78104824,4.8671606800000005,25.0
hdbscan,392.0,45.754322568,4.866735528,125.0
hdbscan,393.0,45.753800085106384,4.867012382978723,47.0
hdbscan,394.0,45.78079739597315,4.870962791946309,149.0
hdbscan,395.0,45.78353585714286,4.874793591836735,49.0
hdbscan,396.0,45.78342965346535,4.8752343564356435,101.0
hdbscan,397.0,45.780473607594935,4.871974047468354,316.0
hdbscan,398.0,45.78359056923077,4.876073969230768,65.0
hdbscan,399.0,45.78365677189781,4.876459204379562,548.0
hdbscan,400.0,45.78367755223881,4.876782910447761,268.0
hdbscan,401.0,45.780573,4.87264,355.0
hdbscan,402.0,45.78092108,4.872299173333333,150.0
hdbscan,403.0,45.78066263636364,4.872617844155844,154.0
hdbscan,404.0,45.78070755408388,4.872392754966887,453.0
hdbscan,405.0,45.780621,4.87243,36.0
hdbscan,406.0,45.78055500000001,4.8725,25.0
hdbscan,407.0,45.78051299999999,4.872479,99.0
hdbscan,408.0,45.75446871052632,4.8616425526315785,38.0
hdbscan,409.0,45.75502148275862,4.812567448275862,29.0
hdbscan,410.0,45.77442865957447,4.812751127659575,47.0
hdbscan,411.0,45.77506311538461,4.8163874230769235,26.0
hdbscan,412.0,45.76294545161291,4.810575709677419,31.0
hdbscan,413.0,45.76243589655172,4.81105924137931,29.0
hdbscan,414.0,45.76390515,4.81007185,20.0
hdbscan,415.0,45.76445535087719,4.810977789473684,57.0
hdbscan,416.0,45.7631020952381,4.811584539682539,63.0
hdbscan,417.0,45.7622,4.81255718,100.0
hdbscan,418.0,45.76313092307692,4.812676961538461,26.0
hdbscan,419.0,45.76194616666667,4.8160515833333335,24.0
hdbscan,420.0,45.763285136363635,4.814867863636364,22.0
hdbscan,421.0,45.76391543333333,4.8161686,30.0
hdbscan,422.0,45.765026666666664,4.817149285714286,42.0
hdbscan,423.0,45.78771971428571,4.859284142857143,28.0
hdbscan,424.0,45.78751913888889,4.857512750000001,36.0
hdbscan,425.0,45.7714706,4.8200507,20.0
hdbscan,426.0,45.74785036,4.844067280000001,25.0
hdbscan,427.0,45.746937230769234,4.8452596923076925,39.0
hdbscan,428.0,45.771169349999994,4.82247225,20.0
hdbscan,429.0,45.74586809259259,4.83112174074074,54.0
hdbscan,430.0,45.74389433333334,4.8309196666666665,21.0
hdbscan,431.0,45.771751,4.822525,31.0
hdbscan,432.0,45.771683,4.822547000000001,31.0
hdbscan,433.0,45.74517266363636,4.841832327272727,110.0
hdbscan,434.0,45.746374347826084,4.8424065217391306,23.0
hdbscan,435.0,45.74632601694915,4.8418687796610165,59.0
hdbscan,436.0,45.77080475925926,4.811410925925926,108.0
hdbscan,437.0,45.77004695238095,4.812827253968254,63.0
hdbscan,438.0,45.769605520000006,4.81450568,25.0
hdbscan,439.0,45.77079204347827,4.8143139565217385,23.0
hdbscan,440.0,45.75603285365854,4.817895414634147,41.0
hdbscan,441.0,45.766135686746985,4.84566556626506,83.0
hdbscan,442.0,45.76884514772727,4.848975318181818,88.0
hdbscan,443.0,45.76907603225806,4.852421838709677,31.0
hdbscan,444.0,45.769364,4.850807,77.0
hdbscan,445.0,45.769447517857145,4.85141325,56.0
hdbscan,446.0,45.77989347169812,4.827439018867924,53.0
hdbscan,447.0,45.77813281147541,4.827917204918033,122.0
hdbscan,448.0,45.77758877464789,4.827503450704225,71.0
hdbscan,449.0,45.74821023076923,4.837598038461538,26.0
hdbscan,450.0,45.75612218181818,4.847473606060606,33.0
hdbscan,451.0,45.74752327777778,4.818051425925926,54.0
hdbscan,452.0,45.770509181818184,4.845740681818182,22.0
hdbscan,453.0,45.77144753571429,4.845749571428572,28.0
hdbscan,454.0,45.771309,4.845818,86.0
hdbscan,455.0,45.75889653488372,4.867689418604651,86.0
hdbscan,456.0,45.728703095238096,4.821667428571429,21.0
hdbscan,457.0,45.72799996875,4.81551903125,32.0
hdbscan,458.0,45.727924085714285,4.815717914285714,35.0
hdbscan,459.0,45.727982572953735,4.8156611814946615,281.0
hdbscan,460.0,45.7312501875,4.8248108125,32.0
hdbscan,461.0,45.746067591836734,4.834939959183673,49.0
hdbscan,462.0,45.749998656174334,4.8499990556900725,413.0
hdbscan,463.0,45.73736466101695,4.818598754237288,118.0
hdbscan,464.0,45.750625361111105,4.848197916666667,36.0
hdbscan,465.0,45.74944828571429,4.8467842,35.0
hdbscan,466.0,45.74921041666667,4.8478731250000004,24.0
hdbscan,467.0,45.72987020833333,4.8243813541666665,96.0
hdbscan,468.0,45.729565909090915,4.825101886363637,44.0
hdbscan,469.0,45.72937934042553,4.825143085106383,47.0
hdbscan,470.0,45.72929210756972,4.825165282868526,251.0
hdbscan,471.0,45.729709647058826,4.824990088235293,68.0
hdbscan,472.0,45.72998448739496,4.825143016806722,119.0
hdbscan,473.0,45.730233,4.82503995,40.0
hdbscan,474.0,45.730111,4.825011,66.0
hdbscan,475.0,45.73000827450981,4.824903745098039,51.0
hdbscan,476.0,45.747076983333336,4.835776933333333,60.0
hdbscan,477.0,45.74510215625,4.83615459375,32.0
hdbscan,478.0,45.72992663265307,4.824997612244898,49.0
hdbscan,479.0,45.729888,4.824944,22.0
hdbscan,480.0,45.729865,4.824939,50.0
hdbscan,481.0,45.75499369060773,4.8216333038674035,181.0
hdbscan,482.0,45.75598378947368,4.853003315789473,57.0
hdbscan,483.0,45.737505999999996,4.8133178,20.0
hdbscan,484.0,45.76815166666667,4.861272380952381,21.0
hdbscan,485.0,45.73070508333333,4.814812041666666,24.0
hdbscan,486.0,45.7292065862069,4.815645137931035,29.0
hdbscan,487.0,45.74598203225807,4.816367967741936,31.0
hdbscan,488.0,45.7589355,4.81621435,40.0
hdbscan,489.0,45.73299494444444,4.822629138888889,36.0
hdbscan,490.0,45.73273437142857,4.8231500857142855,35.0
hdbscan,491.0,45.7415078875,4.822367425,80.0
hdbscan,492.0,45.74162413793103,4.822460275862069,29.0
hdbscan,493.0,45.741486,4.822483,57.0
hdbscan,494.0,45.73938138095238,4.817939,21.0
hdbscan,495.0,45.77984188888889,4.836811592592593,27.0
hdbscan,496.0,45.77958119047619,4.835080666666666,21.0
hdbscan,497.0,45.7331214,4.82156976,25.0
hdbscan,498.0,45.72907584615385,4.818403897435898,39.0
hdbscan,499.0,45.72848924175825,4.818513923076923,91.0
hdbscan,500.0,45.73191484848485,4.816110136363636,66.0
hdbscan,501.0,45.742471595238094,4.819680595238095,42.0
hdbscan,502.0,45.742534303030304,4.819607666666667,33.0
hdbscan,503.0,45.732047,4.821195788235294,85.0
hdbscan,504.0,45.75942728571429,4.8651415510204075,49.0
hdbscan,505.0,45.75782546969697,4.866029696969697,132.0
hdbscan,506.0,45.76499039285714,4.861685821428572,28.0
hdbscan,507.0,45.75498985869565,4.858840402173913,92.0
hdbscan,508.0,45.757427472222226,4.858543166666667,36.0
hdbscan,509.0,45.76340828888889,4.8456638,45.0
hdbscan,510.0,45.74112358,4.82155982,50.0
hdbscan,511.0,45.75713091111112,4.851600266666667,45.0
hdbscan,512.0,45.76676263636364,4.854767121212121,33.0
hdbscan,513.0,45.76804380952381,4.855020857142857,42.0
hdbscan,514.0,45.74179661363636,4.8209468636363635,44.0
hdbscan,515.0,45.76560781930547,4.84918502295468,1699.0
hdbscan,516.0,45.76615475,4.856319714285715,28.0
hdbscan,517.0,45.78055647368421,4.831941578947369,76.0
hdbscan,518.0,45.780555,4.832222,21.0
hdbscan,519.0,45.767217913793104,4.8569347931034486,58.0
hdbscan,520.0,45.730370896551726,4.818250465517242,58.0
hdbscan,521.0,45.7681205625,4.858825604166666,48.0
hdbscan,522.0,45.750828325581395,4.839708372093023,43.0
hdbscan,523.0,45.77066971428572,4.840706514285714,35.0
hdbscan,524.0,45.765186096774194,4.851375935483871,31.0
hdbscan,525.0,45.73287847014925,4.820194089552239,134.0
hdbscan,526.0,45.730820208333334,4.81783375,24.0
hdbscan,527.0,45.74454574074074,4.8160797777777775,27.0
hdbscan,528.0,45.745038592592586,4.8232707962962955,54.0
hdbscan,529.0,45.731160095238096,4.81771180952381,21.0
hdbscan,530.0,45.767245415384615,4.859708030769231,65.0
hdbscan,531.0,45.74388895,4.816068974999999,40.0
hdbscan,532.0,45.73130605,4.8181817,20.0
hdbscan,533.0,45.75745923958333,4.854156572916667,96.0
hdbscan,534.0,45.76713016216216,4.859066432432432,37.0
hdbscan,535.0,45.76669631578948,4.859116824561404,57.0
hdbscan,536.0,45.760148208333334,4.845185625,24.0
hdbscan,537.0,45.7440485,4.8173058636363635,22.0
hdbscan,538.0,45.75393414705883,4.846883735294118,34.0
hdbscan,539.0,45.75270234090909,4.846209954545454,44.0
hdbscan,540.0,45.7405470909091,4.8154414090909095,22.0
hdbscan,541.0,45.76463739130435,4.860311434782609,23.0
hdbscan,542.0,45.777203063829795,4.859594425531915,47.0
hdbscan,543.0,45.776960388888895,4.859417680555556,72.0
hdbscan,544.0,45.75108546808511,4.844199489361702,47.0
hdbscan,545.0,45.75186237837838,4.843412135135136,37.0
hdbscan,546.0,45.751785628691984,4.8424455949367085,237.0
hdbscan,547.0,45.7336523,4.819198133333333,30.0
hdbscan,548.0,45.74339294594595,4.816956324324324,37.0
hdbscan,549.0,45.75052441176471,4.832396676470588,34.0
hdbscan,550.0,45.76494637037037,4.8500292592592595,27.0
hdbscan,551.0,45.76561622222222,4.850257148148148,27.0
hdbscan,552.0,45.7507472264151,4.819786188679244,53.0
hdbscan,553.0,45.74264234883721,4.815011139534883,43.0
hdbscan,554.0,45.75074140740741,4.820311037037037,27.0
hdbscan,555.0,45.750998304347824,4.820118304347826,23.0
hdbscan,556.0,45.734396476190476,4.815982857142857,21.0
hdbscan,557.0,45.77266468627451,4.840822215686274,51.0
hdbscan,558.0,45.774238,4.841493265306123,49.0
hdbscan,559.0,45.74108836956521,4.8148474782608695,46.0
hdbscan,560.0,45.74086955263158,4.814265657894737,38.0
hdbscan,561.0,45.74293116666667,4.817884833333333,30.0
hdbscan,562.0,45.731898869565214,4.818156043478261,23.0
hdbscan,563.0,45.73516719047619,4.815035,21.0
hdbscan,564.0,45.76173380555556,4.845948694444445,36.0
hdbscan,565.0,45.73332060869566,4.818620652173913,46.0
hdbscan,566.0,45.73342925757576,4.8187034242424245,66.0
hdbscan,567.0,45.77531160714286,4.858802477678572,224.0
hdbscan,568.0,45.73599790909091,4.815536545454545,22.0
hdbscan,569.0,45.784613,4.860547,25.0
hdbscan,570.0,45.759280272727274,4.847357681818182,22.0
hdbscan,571.0,45.784411,4.860525,38.0
hdbscan,572.0,45.784238666666674,4.860673824242425,165.0
hdbscan,573.0,45.78391570351759,4.860977447236181,199.0
hdbscan,574.0,45.73456083333333,4.815421545454545,66.0
hdbscan,575.0,45.734119285714286,4.815327,21.0
hdbscan,576.0,45.76083728,4.84635272,25.0
hdbscan,577.0,45.760626359999996,4.84644916,25.0
hdbscan,578.0,45.73578115151515,4.815121171717172,99.0
hdbscan,579.0,45.75290538392857,4.822124857142858,112.0
hdbscan,580.0,45.78405642372881,4.860150694915254,59.0
hdbscan,581.0,45.784119,4.860733,29.0
hdbscan,582.0,45.784098468085105,4.860495106382979,47.0
hdbscan,583.0,45.75996968,4.84734204,25.0
hdbscan,584.0,45.76030254237288,4.847896525423729,59.0
hdbscan,585.0,45.784019818181825,4.860579545454545,22.0
hdbscan,586.0,45.78395323076923,4.8606943846153845,39.0
hdbscan,587.0,45.73883081081081,4.814698371621622,148.0
hdbscan,588.0,45.78393181818182,4.860342763636363,55.0
hdbscan,589.0,45.783822029411766,4.860368823529412,34.0
hdbscan,590.0,45.740603053763444,4.81942552688172,93.0
hdbscan,591.0,45.740342642857144,4.819319742857142,70.0
hdbscan,592.0,45.74018059090909,4.819556454545454,22.0
hdbscan,593.0,45.73789864383562,4.814689191780822,73.0
hdbscan,594.0,45.74139411363637,4.819177431818182,44.0
hdbscan,595.0,45.73227718518518,4.818188925925925,27.0
hdbscan,596.0,45.73968327272727,4.814199454545455,22.0
hdbscan,597.0,45.738393699999996,4.814360885714286,70.0
hdbscan,598.0,45.73826180487805,4.814729195121951,41.0
hdbscan,599.0,45.742509964285716,4.816922821428571,28.0
hdbscan,600.0,45.732097317073176,4.818013024390244,82.0
hdbscan,601.0,45.74092233333334,4.818351746666666,75.0
hdbscan,602.0,45.74045670588235,4.818684823529412,34.0
hdbscan,603.0,45.74142557142857,4.815533042857143,70.0
hdbscan,604.0,45.75839040625,4.85999328125,32.0
hdbscan,605.0,45.73927785,4.814175233333333,60.0
hdbscan,606.0,45.7391772,4.8144993454545455,55.0
hdbscan,607.0,45.74299959090909,4.815917954545454,44.0
hdbscan,608.0,45.76146568181818,4.849863090909091,22.0
hdbscan,609.0,45.74213913114754,4.8173318524590165,61.0
hdbscan,610.0,45.77866212121212,4.840103212121212,33.0
hdbscan,611.0,45.73245637931034,4.817799413793104,29.0
hdbscan,612.0,45.732442600000006,4.81766992,25.0
hdbscan,613.0,45.74201532323232,4.815717282828283,99.0
hdbscan,614.0,45.74107074193549,4.817005935483871,31.0
hdbscan,615.0,45.73645563636364,4.815027327272728,110.0
hdbscan,616.0,45.74139016455696,4.817418620253164,79.0
hdbscan,617.0,45.74100787323944,4.817417633802817,71.0
hdbscan,618.0,45.742751500000004,4.8163708846153845,26.0
hdbscan,619.0,45.74250822916667,4.816060604166666,48.0
hdbscan,620.0,45.77570642553191,4.84473185106383,47.0
hdbscan,621.0,45.73265740740741,4.818450592592592,27.0
hdbscan,622.0,45.73703341489361,4.81504135106383,94.0
hdbscan,623.0,45.73714744897959,4.81497581632653,49.0
hdbscan,624.0,45.73717623529412,4.815017264705882,34.0
hdbscan,625.0,45.73676574336283,4.815124814159292,113.0
hdbscan,626.0,45.74136525,4.81650928125,32.0
hdbscan,627.0,45.74143698076924,4.816818769230769,52.0
hdbscan,628.0,45.74132253846153,4.816772897435897,78.0
hdbscan,629.0,45.74118732558139,4.816742127906977,86.0
hdbscan,630.0,45.73315514814814,4.818501296296296,27.0
hdbscan,631.0,45.7368995,4.815167546875,64.0
hdbscan,632.0,45.73709822077922,4.814908,77.0
hdbscan,633.0,45.73323141666666,4.818432791666667,24.0
hdbscan,634.0,45.733264999999996,4.81847,24.0
hdbscan,635.0,45.73701561290322,4.8149612903225805,62.0
hdbscan,636.0,45.736945769230765,4.814998307692308,26.0
hdbscan,637.0,45.73690933333334,4.815004025641025,39.0
hdbscan,638.0,45.73225388888889,4.817949250000001,36.0
hdbscan,639.0,45.73295865909091,4.818272931818182,44.0
hdbscan,640.0,45.7329450625,4.818191,32.0
hdbscan,641.0,45.756881,4.843446775,40.0
hdbscan,642.0,45.73293337254902,4.818592235294117,51.0
hdbscan,643.0,45.732525310344826,4.818260034482759,29.0
hdbscan,644.0,45.76027132692308,4.861999019230769,52.0
hdbscan,645.0,45.76037625714286,4.862840057142857,35.0
hdbscan,646.0,45.76028764516129,4.8546142258064515,31.0
hdbscan,647.0,45.732779625,4.81834975,24.0
hdbscan,648.0,45.732828999999995,4.81826787037037,54.0
hdbscan,649.0,45.732926639999995,4.8183776,25.0
hdbscan,650.0,45.7331296923077,4.818293884615384,26.0
hdbscan,651.0,45.732480758620696,4.818034793103448,29.0
hdbscan,652.0,45.732679879310346,4.818171275862069,58.0
hdbscan,653.0,45.732973199999996,4.8183725,20.0
hdbscan,654.0,45.73302565625,4.8183385625,32.0
hdbscan,655.0,45.733085783783785,4.8183227027027025,37.0
hdbscan,656.0,45.763145483870964,4.849553032258064,31.0
hdbscan,657.0,45.7630541,4.8493457,20.0
hdbscan,658.0,45.76892922807018,4.823149122807017,57.0
hdbscan,659.0,45.76805558333333,4.822856616666667,60.0
hdbscan,660.0,45.76017073170732,4.85651756097561,41.0
hdbscan,661.0,45.73256260416667,4.8181380208333335,48.0
hdbscan,662.0,45.73258577272727,4.81806340909091,22.0
hdbscan,663.0,45.73267229411764,4.818127,51.0
hdbscan,664.0,45.732654,4.818059999999999,27.0
hdbscan,665.0,45.732649357142854,4.818086857142857,28.0
hdbscan,666.0,45.76326779245283,4.857981886792453,53.0
hdbscan,667.0,45.73265,4.817955,26.0
hdbscan,668.0,45.732654,4.817975,34.0
hdbscan,669.0,45.73263602,4.81797615,100.0
hdbscan,670.0,45.76882074603175,4.821449047619048,63.0
hdbscan,671.0,45.76046508,4.85576428,25.0
hdbscan,672.0,45.76757448192771,4.820321373493976,83.0
hdbscan,673.0,45.762184973684214,4.851303763157895,38.0
hdbscan,674.0,45.753510694444444,4.840183249999999,36.0
hdbscan,675.0,45.76808692,4.81885646,50.0
hdbscan,676.0,45.76750097368421,4.818314052631579,38.0
hdbscan,677.0,45.76800829577465,4.8177059859154925,71.0
hdbscan,678.0,45.76809320588235,4.816934470588236,34.0
hdbscan,679.0,45.761774,4.856193,43.0
hdbscan,680.0,45.761779,4.856117000000001,59.0
hdbscan,681.0,45.76136177777778,4.854317916666667,36.0
hdbscan,682.0,45.76236493478261,4.8506951521739134,46.0
hdbscan,683.0,45.76148688235294,4.855853964705882,85.0
hdbscan,684.0,45.761790454545455,4.855789863636364,22.0
hdbscan,685.0,45.761347474999994,4.852813925,80.0
hdbscan,686.0,45.777877844827586,4.837521120689655,58.0
hdbscan,687.0,45.77857693243243,4.837996445945946,74.0
hdbscan,688.0,45.761501596774195,4.8536216129032255,62.0
hdbscan,689.0,45.761146875,4.853283333333333,24.0
hdbscan,690.0,45.76124793939394,4.857871,33.0
hdbscan,691.0,45.76094453571428,4.8539324285714285,28.0
hdbscan,692.0,45.76106333333333,4.8535393749999995,24.0
hdbscan,693.0,45.76106724489795,4.853735551020408,49.0
hdbscan,694.0,45.7630575,4.850511227272727,22.0
hdbscan,695.0,45.759910584905654,4.860226433962263,53.0
hdbscan,696.0,45.76345041346154,4.850409192307692,104.0
hdbscan,697.0,45.77350169014085,4.85173861971831,71.0
hdbscan,698.0,45.77422967741935,4.851128516129031,31.0
hdbscan,699.0,45.76232884615384,4.856850192307692,26.0
hdbscan,700.0,45.7622783255814,4.857304627906977,43.0
hdbscan,701.0,45.760567125,4.858317125,40.0
hdbscan,702.0,45.78109593043478,4.8560396695652175,115.0
hdbscan,703.0,45.781220423076924,4.857037,26.0
hdbscan,704.0,45.763009720930235,4.851071790697675,43.0
hdbscan,705.0,45.762742590909085,4.850924409090909,22.0
hdbscan,706.0,45.7633984065934,4.850869296703297,91.0
hdbscan,707.0,45.76354536666667,4.850891866666667,30.0
hdbscan,708.0,45.76058339285714,4.8594632142857135,28.0
hdbscan,709.0,45.74839511267606,4.828309338028169,71.0
hdbscan,710.0,45.78044032608695,4.851517130434783,46.0
hdbscan,711.0,45.74668192857143,4.826504952380953,42.0
hdbscan,712.0,45.74718108333333,4.8274277,60.0
hdbscan,713.0,45.760621345454545,4.8589284,55.0
hdbscan,714.0,45.76098776,4.858969279999999,25.0
hdbscan,715.0,45.78326282352941,4.849815934640522,153.0
hdbscan,716.0,45.76081911904762,4.859922714285714,42.0
hdbscan,717.0,45.76046422727273,4.859935272727273,22.0
hdbscan,718.0,45.76048581132075,4.8600978679245275,53.0
hdbscan,719.0,45.755605100000004,4.827659733333333,30.0
hdbscan,720.0,45.777200217391304,4.833496420289856,69.0
hdbscan,721.0,45.778218807692305,4.831674230769231,26.0
hdbscan,722.0,45.7688636,4.844357233333333,60.0
hdbscan,723.0,45.78212363829787,4.855478340425532,47.0
hdbscan,724.0,45.78312125862069,4.8557704482758615,58.0
hdbscan,725.0,45.77490335714286,4.85203075,28.0
hdbscan,726.0,45.77587010714286,4.836609892857142,28.0
hdbscan,727.0,45.776658727272725,4.837072863636364,22.0
hdbscan,728.0,45.776481823529416,4.835922313725491,51.0
hdbscan,729.0,45.777163782608696,4.836201586956522,46.0
hdbscan,730.0,45.77467453125,4.853261875,32.0
hdbscan,731.0,45.77924986956522,4.8487860000000005,23.0
hdbscan,732.0,45.763584333333334,4.8429832444444445,45.0
hdbscan,733.0,45.78311110344827,4.854556896551724,29.0
hdbscan,734.0,45.779762,4.852285,24.0
hdbscan,735.0,45.78055923255814,4.854192209302326,43.0
hdbscan,736.0,45.7777376,4.84991108,50.0
hdbscan,737.0,45.77809421917808,4.8515066986301365,73.0
hdbscan,738.0,45.77971747826087,4.854128260869565,23.0
hdbscan,739.0,45.75065742857142,4.830403107142857,28.0
hdbscan,740.0,45.778403600000004,4.852644219999999,50.0
hdbscan,741.0,45.77863855555556,4.853102592592593,54.0
hdbscan,742.0,45.7791938974359,4.853591264957265,117.0
hdbscan,743.0,45.77902837333333,4.85309616,75.0
hdbscan,744.0,45.78494649019608,4.858817333333333,51.0
hdbscan,745.0,45.777635818181814,4.847731090909091,22.0
hdbscan,746.0,45.77554517857143,4.857144857142857,28.0
hdbscan,747.0,45.77480374358974,4.8568109999999995,39.0
hdbscan,748.0,45.77336620833333,4.854282958333333,24.0
hdbscan,749.0,45.77446023809524,4.85569080952381,21.0
hdbscan,750.0,45.77717205,4.85141475,60.0
hdbscan,751.0,45.77340911711712,4.856644117117117,111.0
hdbscan,752.0,45.77700471052631,4.851935368421053,38.0
hdbscan,753.0,45.776983758620695,4.852446655172414,29.0
hdbscan,754.0,45.77365558974359,4.856022846153846,117.0
hdbscan,755.0,45.78018382857143,4.849685257142856,35.0
hdbscan,756.0,45.78253130434782,4.853123304347826,23.0
hdbscan,757.0,45.774134700000005,4.8560607000000005,20.0
hdbscan,758.0,45.77435637837838,4.856121891891892,37.0
hdbscan,759.0,45.77594325531915,4.855173127659574,47.0
hdbscan,760.0,45.7731519516129,4.855959,62.0
hdbscan,761.0,45.77321754545454,4.856194363636363,22.0
hdbscan,762.0,45.78009296153846,4.848618269230769,52.0
hdbscan,763.0,45.779783120000005,4.84822104,25.0
hdbscan,764.0,45.77760103030303,4.857620151515151,33.0
hdbscan,765.0,45.755419756410255,4.823575487179488,78.0
hdbscan,766.0,45.77944585,4.8475367,20.0
hdbscan,767.0,45.77936832142858,4.84797525,28.0
hdbscan,768.0,45.77546604166667,4.856340875,48.0
hdbscan,769.0,45.77541296153846,4.856390846153847,26.0
hdbscan,770.0,45.77613940909091,4.8540705,22.0
hdbscan,771.0,45.780892238095234,4.850460507936508,63.0
hdbscan,772.0,45.78186149275363,4.850665231884058,69.0
hdbscan,773.0,45.77626752830189,4.8546215283018865,53.0
hdbscan,774.0,45.7731425,4.854787916666667,24.0
hdbscan,775.0,45.77313589285715,4.854713714285714,28.0
hdbscan,776.0,45.77824427272727,4.857261681818182,22.0
hdbscan,777.0,45.78688180392157,4.854393019607843,51.0
hdbscan,778.0,45.783110554054055,4.8527008783783785,74.0
hdbscan,779.0,45.76310886764706,4.819764029411765,68.0
hdbscan,780.0,45.75785,4.8419,40.0
hdbscan,781.0,45.75783,4.842017,40.0
hdbscan,782.0,45.757714,4.842018,121.0
hdbscan,783.0,45.78570619047619,4.856415238095238,21.0
hdbscan,784.0,45.77775312149533,4.856752588785046,107.0
hdbscan,785.0,45.786202214285716,4.85449,56.0
hdbscan,786.0,45.778011596153846,4.856559634615385,52.0
hdbscan,787.0,45.778170318181814,4.856849863636364,22.0
hdbscan,788.0,45.777676279999994,4.85705172,25.0
hdbscan,789.0,45.777837899999994,4.857211,20.0
hdbscan,790.0,45.77874535483871,4.847193387096774,31.0
hdbscan,791.0,45.78238925925926,4.851815481481482,27.0
hdbscan,792.0,45.782705974358976,4.851859871794872,39.0
hdbscan,793.0,45.7523065,4.823855038461539,26.0
hdbscan,794.0,45.77722816901409,4.853100366197183,71.0
hdbscan,795.0,45.77680532,4.853670439999999,25.0
hdbscan,796.0,45.77738084,4.8559166,25.0
hdbscan,797.0,45.77778652040816,4.855935744897959,98.0
hdbscan,798.0,45.751430588235294,4.822539147058824,34.0
hdbscan,799.0,45.751492125,4.8232082499999995,32.0
hdbscan,800.0,45.78574317647059,4.854316573529411,68.0
hdbscan,801.0,45.78454523809524,4.856867523809524,21.0
hdbscan,802.0,45.77682744827586,4.855739724137931,29.0
hdbscan,803.0,45.77722395238095,4.85536319047619,21.0
hdbscan,804.0,45.78514878125,4.852384302083333,96.0
hdbscan,805.0,45.78438648,4.8515465,50.0
hdbscan,806.0,45.777336518518524,4.853904074074074,27.0
hdbscan,807.0,45.776895764705884,4.844652470588236,34.0
hdbscan,808.0,45.78539729787234,4.857887404255319,47.0
hdbscan,809.0,45.77772169047619,4.846177857142857,42.0
hdbscan,810.0,45.777844972222226,4.846569074074074,108.0
hdbscan,811.0,45.78475974285714,4.853008942857143,105.0
hdbscan,812.0,45.78507582375479,4.853658964240102,783.0
hdbscan,813.0,45.777178,4.8449475652173914,23.0
hdbscan,814.0,45.7541187631579,4.84369897368421,38.0
hdbscan,815.0,45.78486070391062,4.85467830726257,179.0
hdbscan,816.0,45.784270088235296,4.8518341176470585,34.0
hdbscan,817.0,45.78488835135135,4.854262540540541,37.0
hdbscan,818.0,45.78463704918033,4.85424437704918,61.0
hdbscan,819.0,45.75474376363636,4.844700454545455,55.0
hdbscan,820.0,45.777439781609196,4.845502563218391,87.0
hdbscan,821.0,45.77715335,4.845557,20.0
hdbscan,822.0,45.7551954375,4.842755708333333,48.0
hdbscan,823.0,45.75588890909091,4.843514136363637,22.0
hdbscan,824.0,45.7770483877551,4.854089571428571,49.0
hdbscan,825.0,45.78518282142857,4.8548475,28.0
hdbscan,826.0,45.78528863636364,4.854941181818181,33.0
hdbscan,827.0,45.785172,4.8551845,34.0
hdbscan,828.0,45.777161525,4.854372125,40.0
hdbscan,829.0,45.785054114285714,4.856305142857143,105.0
hdbscan,830.0,45.776875357142856,4.854368321428572,28.0
hdbscan,831.0,45.78387630434782,4.852774304347826,23.0
hdbscan,832.0,45.74891286956522,4.831045086956522,23.0
hdbscan,833.0,45.77686468131868,4.854975461538462,91.0
hdbscan,834.0,45.777071359375,4.854709609375,64.0
hdbscan,835.0,45.78389451851852,4.85250462962963,27.0
hdbscan,836.0,45.78517492198581,4.857301666666667,141.0
hdbscan,837.0,45.785220621621626,4.857586648648649,74.0
hdbscan,838.0,45.7468404673913,4.823995739130435,92.0
hdbscan,839.0,45.78415,4.852502,33.0
hdbscan,840.0,45.78416588888889,4.852500092592593,54.0
hdbscan,841.0,45.784300249999994,4.852431900000001,20.0
hdbscan,842.0,45.784344,4.852405,24.0
hdbscan,843.0,45.78426438095238,4.8523881428571425,21.0
hdbscan,844.0,45.78422570689655,4.852448086206897,58.0
hdbscan,845.0,45.784234225,4.852415475,40.0
hdbscan,846.0,45.74899825,4.824102107142857,28.0
hdbscan,847.0,45.75203895833333,4.8305873888888895,72.0
hdbscan,848.0,45.753212248587566,4.829334717514124,177.0
hdbscan,849.0,45.75202725362319,4.827456427536232,138.0
hdbscan,850.0,45.75150177477478,4.827073216216216,111.0
hdbscan,851.0,45.75004051724138,4.825749793103448,29.0
hdbscan,852.0,45.749373507692304,4.825074261538461,65.0
hdbscan,853.0,45.75445247474748,4.834202060606061,99.0
hdbscan,854.0,45.75318503921569,4.833985784313725,51.0
hdbscan,855.0,45.75342964102564,4.833037743589744,39.0
hdbscan,856.0,45.75425476666667,4.825827200000001,30.0
hdbscan,857.0,45.75443803571428,4.827577892857143,28.0
hdbscan,858.0,45.75326333333333,4.831281051282051,39.0
hdbscan,859.0,45.7497666,4.826665769230769,65.0
hdbscan,860.0,45.753513509433965,4.831968320754717,53.0
hdbscan,861.0,45.753463,4.832128,21.0
hdbscan,862.0,45.74777766666667,4.825102541666666,24.0
hdbscan,863.0,45.7491055625,4.8261578125,32.0
hdbscan,864.0,45.748302583333334,4.82552390625,96.0
hdbscan,865.0,45.750415818181814,4.827435727272728,22.0
hdbscan,866.0,45.75386109523809,4.826851952380952,21.0
hdbscan,867.0,45.75365314563107,4.827328087378641,103.0
hdbscan,868.0,45.753684830357145,4.827182241071428,112.0
hdbscan,869.0,45.75372456,4.8272756,25.0
hdbscan,870.0,45.75369665,4.827247099999999,20.0
hdbscan,871.0,45.75155642307693,4.828160384615385,52.0
hdbscan,872.0,45.77602173469387,4.833200448979592,49.0
hdbscan,873.0,45.759024205128206,4.841813153846154,39.0
hdbscan,874.0,45.751151719999996,4.82794972,75.0
hdbscan,875.0,45.751027657894745,4.8277062105263155,38.0
hdbscan,876.0,45.75084572413793,4.827766137931034,29.0
hdbscan,877.0,45.75970665065502,4.842204567685589,229.0
hdbscan,878.0,45.75132009090909,4.837945772727273,22.0
hdbscan,879.0,45.76043630769231,4.842329884615385,26.0
hdbscan,880.0,45.76078746428572,4.8429370714285715,28.0
hdbscan,881.0,45.77399471428571,4.826270142857143,21.0
hdbscan,882.0,45.771431575757575,4.828045151515152,66.0
hdbscan,883.0,45.77195438461539,4.826821813186813,91.0
hdbscan,884.0,45.74830742857143,4.83215675,28.0
hdbscan,885.0,45.765222785714286,4.823440785714286,42.0
hdbscan,886.0,45.768638045045044,4.839449261261261,111.0
hdbscan,887.0,45.75547225,4.830653453125,64.0
hdbscan,888.0,45.76860370666667,4.841958733333334,75.0
hdbscan,889.0,45.76842495454545,4.825762863636363,22.0
hdbscan,890.0,45.77060141860465,4.826976581395349,43.0
hdbscan,891.0,45.75073511538461,4.837202846153846,26.0
hdbscan,892.0,45.76965517857143,4.826477321428571,56.0
hdbscan,893.0,45.769434422222226,4.8250723777777775,90.0
hdbscan,894.0,45.770311789915965,4.8257714117647055,119.0
hdbscan,895.0,45.768122956521744,4.840743086956522,23.0
hdbscan,896.0,45.76846294736842,4.840842175438596,57.0
hdbscan,897.0,45.76603537037037,4.8246592222222215,54.0
hdbscan,898.0,45.761315651162796,4.822046441860465,43.0
hdbscan,899.0,45.763910558823525,4.822326735294118,34.0
hdbscan,900.0,45.7632329,4.8233874,70.0
hdbscan,901.0,45.7724910625,4.82927353125,32.0
hdbscan,902.0,45.774460257142856,4.827552671428571,70.0
hdbscan,903.0,45.75898708333333,4.821695483333333,60.0
hdbscan,904.0,45.77308423636364,4.827232509090909,55.0
hdbscan,905.0,45.75970867391304,4.820578478260869,46.0
hdbscan,906.0,45.75875704310345,4.819618327586207,116.0
hdbscan,907.0,45.77295715,4.82832025,20.0
hdbscan,908.0,45.75866667164179,4.821184567164179,67.0
hdbscan,909.0,45.75901566666666,4.820671303030303,33.0
hdbscan,910.0,45.75809079310345,4.82114798275862,58.0
hdbscan,911.0,45.75835225,4.821769958333333,24.0
hdbscan,912.0,45.77422112048193,4.828797301204819,83.0
hdbscan,913.0,45.77359537931034,4.828453551724137,29.0
hdbscan,914.0,45.76300420588235,4.821689617647059,34.0
hdbscan,915.0,45.76023636,4.83811588,50.0
hdbscan,916.0,45.7616069,4.823952650000001,20.0
hdbscan,917.0,45.76306445454546,4.822215,22.0
hdbscan,918.0,45.76167238461539,4.823633,26.0
hdbscan,919.0,45.754922384615384,4.836298884615385,26.0
hdbscan,920.0,45.75938148888889,4.819956422222223,45.0
hdbscan,921.0,45.76040894642857,4.819904267857143,56.0
hdbscan,922.0,45.760450204081636,4.8201792857142856,49.0
hdbscan,923.0,45.76025404,4.82048554,50.0
hdbscan,924.0,45.76041274193548,4.82029435483871,31.0
hdbscan,925.0,45.760383000000004,4.8203545199999995,25.0
hdbscan,926.0,45.760368717948715,4.819536512820513,39.0
hdbscan,927.0,45.75997508333333,4.819256383333333,60.0
hdbscan,928.0,45.76254648148148,4.82346962962963,27.0
hdbscan,929.0,45.75963367857143,4.819483392857143,28.0
hdbscan,930.0,45.76179089655172,4.822397965517241,29.0
hdbscan,931.0,45.759864178571426,4.819972428571428,28.0
hdbscan,932.0,45.759819812500005,4.8201433125,32.0
hdbscan,933.0,45.75964155102041,4.820100653061225,49.0
hdbscan,934.0,45.76179923076923,4.822561769230769,26.0
hdbscan,935.0,45.75979993617021,4.819640276595745,47.0
hdbscan,936.0,45.75981963888889,4.819764972222222,36.0
hdbscan,937.0,45.759768853658535,4.819725073170732,41.0
hdbscan,938.0,45.759713954545454,4.8196975,22.0
hdbscan,939.0,45.75977923809524,4.819835476190476,21.0
hdbscan,940.0,45.75972203571428,4.819998642857143,84.0
hdbscan,941.0,45.7597033877551,4.819881510204081,49.0
hdbscan,942.0,45.759687761904765,4.819774047619047,21.0
hdbscan,943.0,45.76196658333333,4.823270555555556,36.0
hdbscan,944.0,45.748328055555554,4.833328333333333,36.0
hdbscan,945.0,45.76214915384615,4.821385730769231,26.0
hdbscan,946.0,45.76199976642336,4.821302248175183,137.0
hdbscan,947.0,45.762418,4.823633571428571,21.0
hdbscan,948.0,45.76236532786885,4.823631573770491,61.0
hdbscan,949.0,45.76197687755102,4.822318959183674,49.0
hdbscan,950.0,45.76200573076923,4.8225007692307695,26.0
hdbscan,951.0,45.773529,4.830485217391304,46.0
hdbscan,952.0,45.75903566666666,4.833345925925926,27.0
hdbscan,953.0,45.7621999,4.8236678,20.0
hdbscan,954.0,45.76213958333334,4.823550535714285,84.0
hdbscan,955.0,45.76217861904762,4.82326480952381,21.0
hdbscan,956.0,45.76226958730159,4.823179468253968,126.0
hdbscan,957.0,45.752153666666665,4.8376091458333335,48.0
hdbscan,958.0,45.74978323913044,4.8343486521739125,46.0
hdbscan,959.0,45.74934583333334,4.8342856,30.0
hdbscan,960.0,45.762688142857144,4.822487333333333,21.0
hdbscan,961.0,45.76261415384616,4.822350846153847,26.0
hdbscan,962.0,45.761998885714284,4.822127542857142,35.0
hdbscan,963.0,45.75346098,4.83771008,50.0
hdbscan,964.0,45.751389120000006,4.8355514799999995,50.0
hdbscan,965.0,45.75079484375,4.83521659375,32.0
hdbscan,966.0,45.75253947619048,4.835407428571428,42.0
hdbscan,967.0,45.75222478676471,4.8364085073529415,136.0
hdbscan,968.0,45.762742631578945,4.8343977763157895,76.0
hdbscan,969.0,45.75282820930233,4.837225666666667,129.0
hdbscan,970.0,45.75302327777778,4.837108611111111,36.0
hdbscan,971.0,45.763291708333334,4.834260416666667,48.0
hdbscan,972.0,45.76343568421053,4.834113673684211,95.0
hdbscan,973.0,45.76260590322581,4.821927161290323,31.0
hdbscan,974.0,45.775161250000004,4.83038405,20.0
hdbscan,975.0,45.76198593939394,4.822851343434343,99.0
hdbscan,976.0,45.76276924,4.82277828,25.0
hdbscan,977.0,45.7610115,4.832470666666667,48.0
hdbscan,978.0,45.76108638095238,4.832307571428571,42.0
hdbscan,979.0,45.761059826086964,4.832402608695652,23.0
hdbscan,980.0,45.76270908910892,4.822654712871287,101.0
hdbscan,981.0,45.762589999999996,4.822846362068966,58.0
hdbscan,982.0,45.7579256,4.837217,25.0
hdbscan,983.0,45.76250304347826,4.822502956521738,23.0
hdbscan,984.0,45.76223197142857,4.821692828571429,70.0
hdbscan,985.0,45.762454625000004,4.82261775,32.0
hdbscan,986.0,45.7627867,4.82288665,20.0
hdbscan,987.0,45.762836,4.822985380952381,42.0
hdbscan,988.0,45.762388880597015,4.821494358208955,67.0
hdbscan,989.0,45.76266822916667,4.8228970625,48.0
hdbscan,990.0,45.754916,4.838419903225806,31.0
hdbscan,991.0,45.76277709523809,4.822971428571428,21.0
hdbscan,992.0,45.76272764864864,4.823052594594595,37.0
hdbscan,993.0,45.76277568965517,4.823053172413792,29.0
hdbscan,994.0,45.76264406896552,4.82308224137931,29.0
hdbscan,995.0,45.76267214285714,4.823031357142857,28.0
hdbscan,996.0,45.76263080327869,4.823022393442622,61.0
hdbscan,997.0,45.7618610625,4.840505671875,64.0
hdbscan,998.0,45.762172312500006,4.822037833333334,48.0
hdbscan,999.0,45.76215139534884,4.822787534883721,43.0
hdbscan,1000.0,45.76213338235294,4.822847088235295,34.0
hdbscan,1001.0,45.76220996,4.82262398,50.0
hdbscan,1002.0,45.762386847222224,4.821841347222222,72.0
hdbscan,1003.0,45.76241444117647,4.821770058823529,34.0
hdbscan,1004.0,45.76253882352941,4.822170215686274,51.0
hdbscan,1005.0,45.762433,4.822783375,88.0
hdbscan,1006.0,45.76230954545454,4.822847818181819,22.0
hdbscan,1007.0,45.762312244444445,4.822798711111111,45.0
hdbscan,1008.0,45.762372766666665,4.822814500000001,30.0
hdbscan,1009.0,45.762515,4.822193,74.0
hdbscan,1010.0,45.7622836,4.82203284,25.0
hdbscan,1011.0,45.76222328125,4.8225065625,32.0
hdbscan,1012.0,45.76244136521739,4.822161086956522,115.0
hdbscan,1013.0,45.76247173913043,4.822168826086957,23.0
hdbscan,1014.0,45.765556315789475,4.838346513157894,76.0
hdbscan,1015.0,45.766106060606056,4.838482484848485,33.0
hdbscan,1016.0,45.7599765,4.841007884615385,26.0
hdbscan,1017.0,45.76481733333333,4.8414347,30.0
hdbscan,1018.0,45.76361085964912,4.838631894736841,57.0
hdbscan,1019.0,45.76010018181818,4.839236163636364,55.0
hdbscan,1020.0,45.76241099122807,4.822032192982457,114.0
hdbscan,1021.0,45.76565463978495,4.840988924731183,186.0
hdbscan,1022.0,45.765591163793104,4.839743137931035,116.0
hdbscan,1023.0,45.76240420370371,4.821953740740741,54.0
hdbscan,1024.0,45.756844212765955,4.838202212765958,94.0
hdbscan,1025.0,45.763598632352945,4.8396471911764705,68.0
hdbscan,1026.0,45.75957540740741,4.840015444444445,27.0
hdbscan,1027.0,45.76004366666667,4.840231138888889,72.0
hdbscan,1028.0,45.762413296296295,4.822104592592592,27.0
hdbscan,1029.0,45.76240897058824,4.822333441176471,34.0
hdbscan,1030.0,45.763582166666666,4.8401623888888885,36.0
hdbscan,1031.0,45.763645377551015,4.840813224489796,98.0
hdbscan,1032.0,45.76235676666667,4.822096233333334,30.0
hdbscan,1033.0,45.76235827586206,4.822043724137931,29.0
hdbscan,1034.0,45.76229451612903,4.822698967741935,31.0
hdbscan,1035.0,45.75783713043478,4.829599391304348,23.0
hdbscan,1036.0,45.75582027272728,4.839082136363636,22.0
hdbscan,1037.0,45.76235694642857,4.822214035714286,56.0
hdbscan,1038.0,45.76233325862069,4.822166189655173,58.0
hdbscan,1039.0,45.76235832857143,4.822268200000001,70.0
hdbscan,1040.0,45.762396230769234,4.8222479487179495,39.0
hdbscan,1041.0,45.75844259375,4.840084375,32.0
hdbscan,1042.0,45.758781387096775,4.840239209677419,62.0
hdbscan,1043.0,45.76234932692308,4.822681826923077,104.0
hdbscan,1044.0,45.76228761290322,4.822435483870968,31.0
hdbscan,1045.0,45.76228286956522,4.822227347826087,23.0
hdbscan,1046.0,45.76230610714286,4.822641464285715,28.0
hdbscan,1047.0,45.76228373684211,4.8226009473684215,38.0
hdbscan,1048.0,45.75665974193548,4.840559903225806,31.0
hdbscan,1049.0,45.762278256410255,4.82255823076923,39.0
hdbscan,1050.0,45.76231313793103,4.822300551724139,29.0
hdbscan,1051.0,45.762291999999995,4.822363681818182,44.0
hdbscan,1052.0,45.76229722222222,4.822279666666667,27.0
hdbscan,1053.0,45.76228987096774,4.822269967741936,31.0
hdbscan,1054.0,45.762301368421056,4.822458578947369,38.0
hdbscan,1055.0,45.762324578947364,4.822423894736842,76.0
hdbscan,1056.0,45.762324125,4.822544,32.0
hdbscan,1057.0,45.762340875,4.822354,24.0
hdbscan,1058.0,45.76235603174603,4.822347111111111,63.0
hdbscan,1059.0,45.762366,4.822493,71.0
hdbscan,1060.0,45.762366,4.822494,53.0
hdbscan,1061.0,45.76232758024691,4.822523814814814,81.0
hdbscan,1062.0,45.7623296875,4.822492062499999,32.0
hdbscan,1063.0,45.77028064,4.8323992,25.0
hdbscan,1064.0,45.756350741935485,4.840646225806451,31.0
hdbscan,1065.0,45.765949,4.835376151515152,33.0
hdbscan,1066.0,45.7737978219178,4.837113602739726,73.0
hdbscan,1067.0,45.77489214285714,4.8359665,42.0
hdbscan,1068.0,45.7742507125,4.8364886875,80.0
hdbscan,1069.0,45.774740120000004,4.83629544,25.0
hdbscan,1070.0,45.75766698113207,4.839979830188679,53.0
hdbscan,1071.0,45.77382752941177,4.832103294117648,34.0
hdbscan,1072.0,45.77442175,4.831443093750001,32.0
hdbscan,1073.0,45.76086854285714,4.836955038095239,105.0
hdbscan,1074.0,45.77428186956522,4.832051913043479,23.0
hdbscan,1075.0,45.774640444444444,4.831995888888889,99.0
hdbscan,1076.0,45.75662357522124,4.839069539823009,113.0
hdbscan,1077.0,45.759655225,4.833903425,40.0
hdbscan,1078.0,45.75900922727273,4.833829909090909,22.0
hdbscan,1079.0,45.76225363948498,4.832799364806867,233.0
hdbscan,1080.0,45.76116028571429,4.834159678571429,28.0
hdbscan,1081.0,45.77435195454546,4.835041409090909,22.0
hdbscan,1082.0,45.757104727272726,4.840011954545454,22.0
hdbscan,1083.0,45.756007,4.839600714285714,63.0
hdbscan,1084.0,45.76147348275862,4.833417448275862,29.0
hdbscan,1085.0,45.7560526,4.839775,20.0
hdbscan,1086.0,45.75608402941176,4.8397442058823525,34.0
hdbscan,1087.0,45.774577675,4.83517455,40.0
hdbscan,1088.0,45.75677050694444,4.839825486111112,144.0
hdbscan,1089.0,45.75631541025641,4.839997166666667,78.0
hdbscan,1090.0,45.774586919191925,4.834205393939394,99.0
hdbscan,1091.0,45.772931761904765,4.833960619047619,42.0
hdbscan,1092.0,45.77469277142857,4.834822742857143,35.0
hdbscan,1093.0,45.77473703125,4.83494803125,32.0
hdbscan,1094.0,45.75726069158878,4.836894495327103,107.0
hdbscan,1095.0,45.75844682051282,4.836765743589744,39.0
hdbscan,1096.0,45.757436347826086,4.830022608695652,23.0
hdbscan,1097.0,45.758863793103444,4.836467896551725,29.0
hdbscan,1098.0,45.7589886,4.836597080000001,25.0
hdbscan,1099.0,45.75887320408164,4.836875632653061,49.0
hdbscan,1100.0,45.75893416666667,4.83595721969697,132.0
hdbscan,1101.0,45.76254505,4.8356606,20.0
hdbscan,1102.0,45.759521115384615,4.836189692307692,26.0
hdbscan,1103.0,45.75950157692308,4.836352269230769,26.0
hdbscan,1104.0,45.7638344,4.837142142857143,35.0
hdbscan,1105.0,45.7602841,4.8333353,20.0
hdbscan,1106.0,45.7647038076923,4.836907230769231,26.0
hdbscan,1107.0,45.76529209722222,4.835807013888889,72.0
hdbscan,1108.0,45.765544999999996,4.835990902439024,41.0
hdbscan,1109.0,45.76266213636364,4.837376681818181,22.0
hdbscan,1110.0,45.762995683673466,4.838005448979592,98.0
hdbscan,1111.0,45.76358229032258,4.833228129032258,31.0
hdbscan,1112.0,45.75787211504425,4.836121407079646,113.0
hdbscan,1113.0,45.757856857142855,4.830380476190476,21.0
hdbscan,1114.0,45.76166428571429,4.836521035714285,28.0
hdbscan,1115.0,45.764,4.835667,69.0
hdbscan,1116.0,45.764,4.835666,63.0
hdbscan,1117.0,45.764042136363635,4.835658863636363,22.0
hdbscan,1118.0,45.76404,4.835659,20.0
hdbscan,1119.0,45.764041,4.835658,83.0
hdbscan,1120.0,45.76055851515151,4.833333606060606,33.0
hdbscan,1121.0,45.77343546153846,4.835789461538462,26.0
hdbscan,1122.0,45.761693868421055,4.835700184210526,38.0
hdbscan,1123.0,45.75724039705882,4.8346966470588235,68.0
hdbscan,1124.0,45.76043513636363,4.833662,22.0
hdbscan,1125.0,45.76306261290323,4.835797580645162,31.0
hdbscan,1126.0,45.759366125,4.835029265625,64.0
hdbscan,1127.0,45.76448448837209,4.835856511627907,43.0
hdbscan,1128.0,45.768612027027025,4.827934216216216,37.0
hdbscan,1129.0,45.76055930656934,4.833584693430657,137.0
hdbscan,1130.0,45.760493933333336,4.833569266666667,30.0
hdbscan,1131.0,45.76062536363636,4.833529218181818,55.0
hdbscan,1132.0,45.76057523529411,4.833474926470588,68.0
hdbscan,1133.0,45.76329642857143,4.836058,21.0
hdbscan,1134.0,45.76820045454545,4.82739359090909,22.0
hdbscan,1135.0,45.76345640909091,4.8367219318181816,44.0
hdbscan,1136.0,45.76444446875,4.83611153125,32.0
hdbscan,1137.0,45.767222857142855,4.827635,21.0
hdbscan,1138.0,45.76752091596639,4.827828966386555,119.0
hdbscan,1139.0,45.763474022857146,4.835848554285715,175.0
hdbscan,1140.0,45.76351513043478,4.836072000000001,23.0
hdbscan,1141.0,45.763518342105264,4.8364589473684205,38.0
hdbscan,1142.0,45.76830845833333,4.828363875,24.0
hdbscan,1143.0,45.758915,4.83083,39.0
hdbscan,1144.0,45.764476310344826,4.836362482758621,29.0
hdbscan,1145.0,45.76428241935484,4.836366451612903,31.0
hdbscan,1146.0,45.76443765714286,4.8364617999999995,35.0
hdbscan,1147.0,45.758831,4.830831,49.0
hdbscan,1148.0,45.758802,4.830819,80.0
hdbscan,1149.0,45.758803,4.83082,21.0
hdbscan,1150.0,45.76780235,4.8280407,20.0
hdbscan,1151.0,45.76815402352941,4.828013294117647,255.0
hdbscan,1152.0,45.763652161290324,4.8363413548387095,31.0
hdbscan,1153.0,45.76395406722689,4.836326579831933,119.0
hdbscan,1154.0,45.761284680555555,4.835699152777778,72.0
hdbscan,1155.0,45.75721179999999,4.83114644,25.0
hdbscan,1156.0,45.75871203846153,4.831843076923077,26.0
hdbscan,1157.0,45.760970868421055,4.835533447368421,38.0
hdbscan,1158.0,45.75773104761905,4.835518333333333,21.0
hdbscan,1159.0,45.75750553982301,4.835292017699115,113.0
hdbscan,1160.0,45.757827479999996,4.83465328,25.0
hdbscan,1161.0,45.758761744680854,4.82340829787234,47.0
hdbscan,1162.0,45.758719269230774,4.834829807692308,26.0
hdbscan,1163.0,45.76033264516129,4.8355289677419355,31.0
hdbscan,1164.0,45.76091837254902,4.835737352941177,51.0
hdbscan,1165.0,45.760725281250004,4.83574653125,32.0
hdbscan,1166.0,45.760839727272725,4.835829136363636,22.0
hdbscan,1167.0,45.76072805882353,4.835548088235294,34.0
hdbscan,1168.0,45.7655136,4.8289971666666665,30.0
hdbscan,1169.0,45.76684088421053,4.836701178947369,95.0
hdbscan,1170.0,45.76064725,4.83560275,20.0
hdbscan,1171.0,45.76049977272727,4.835593772727273,22.0
hdbscan,1172.0,45.76053679310344,4.835662965517241,58.0
hdbscan,1173.0,45.760592,4.835518,27.0
hdbscan,1174.0,45.76057634782609,4.83552852173913,23.0
hdbscan,1175.0,45.756803652173915,4.831753213438735,253.0
hdbscan,1176.0,45.75601039255014,4.835654008595989,349.0
hdbscan,1177.0,45.75852227272727,4.831503606060606,33.0
hdbscan,1178.0,45.756919079999996,4.83145224,25.0
hdbscan,1179.0,45.77116838983051,4.837430050847457,59.0
hdbscan,1180.0,45.771428875000005,4.837462958333333,24.0
hdbscan,1181.0,45.7698891,4.83663725,20.0
hdbscan,1182.0,45.7704623877551,4.837508163265306,98.0
hdbscan,1183.0,45.770306,4.837477,31.0
hdbscan,1184.0,45.75618545901639,4.834664540983606,61.0
hdbscan,1185.0,45.77012299999999,4.83731,48.0
hdbscan,1186.0,45.77035822727273,4.836243727272727,22.0
hdbscan,1187.0,45.77042628571428,4.836310857142856,28.0
hdbscan,1188.0,45.770416,4.837244,38.0
hdbscan,1189.0,45.77040986363636,4.8366,44.0
hdbscan,1190.0,45.770453518518515,4.8366824444444445,27.0
hdbscan,1191.0,45.77045405681818,4.83732625,88.0
hdbscan,1192.0,45.77052708823529,4.8372819705882355,34.0
hdbscan,1193.0,45.75705796153846,4.831694653846154,26.0
hdbscan,1194.0,45.75635376923077,4.834407025641026,39.0
hdbscan,1195.0,45.770483999999996,4.8371805000000005,20.0
hdbscan,1196.0,45.77049008,4.8370532399999995,25.0
hdbscan,1197.0,45.75828321212121,4.834608727272728,33.0
hdbscan,1198.0,45.75860841000001,4.83435188,100.0
hdbscan,1199.0,45.75656969230769,4.833612415384615,65.0
hdbscan,1200.0,45.7564044893617,4.833885680851064,47.0
hdbscan,1201.0,45.75699420930233,4.832457279069767,43.0
hdbscan,1202.0,45.77091535,4.83621155,20.0
hdbscan,1203.0,45.77143183333333,4.829356916666667,24.0
hdbscan,1204.0,45.770929328767124,4.832781712328767,73.0
hdbscan,1205.0,45.75817090909091,4.8331716818181825,22.0
hdbscan,1206.0,45.7596267826087,4.832627739130435,23.0
hdbscan,1207.0,45.75833660526316,4.832449868421053,38.0
hdbscan,1208.0,45.76744975,4.831568150000001,20.0
hdbscan,1209.0,45.77201678947368,4.835772394736843,38.0
hdbscan,1210.0,45.77009325,4.8289863125000005,32.0
hdbscan,1211.0,45.76438426086957,4.834709304347826,46.0
hdbscan,1212.0,45.75808299999999,4.831355,26.0
hdbscan,1213.0,45.75802818181818,4.8313477727272724,22.0
hdbscan,1214.0,45.772273080000005,4.83605912,25.0
hdbscan,1215.0,45.77274588888889,4.836193206349206,63.0
hdbscan,1216.0,45.77308125,4.836402875,24.0
hdbscan,1217.0,45.75884133663366,4.82439097029703,101.0
hdbscan,1218.0,45.76564606451613,4.834318161290323,31.0
hdbscan,1219.0,45.77018168965517,4.835213482758621,29.0
hdbscan,1220.0,45.77015279166667,4.835494802083333,96.0
hdbscan,1221.0,45.758078714285716,4.833952285714286,35.0
hdbscan,1222.0,45.76504474074074,4.833921814814814,27.0
hdbscan,1223.0,45.77101038888889,4.833233916666667,36.0
hdbscan,1224.0,45.7713133076923,4.835829826923077,52.0
hdbscan,1225.0,45.77119624137931,4.835722517241379,29.0
hdbscan,1226.0,45.758086999999996,4.83152156,25.0
hdbscan,1227.0,45.75791917647059,4.833939411764706,51.0
hdbscan,1228.0,45.75799110526316,4.834200315789474,57.0
hdbscan,1229.0,45.77140004166667,4.83214025,24.0
hdbscan,1230.0,45.77022809090909,4.830990045454546,22.0
hdbscan,1231.0,45.76471430555555,4.8342359166666675,36.0
hdbscan,1232.0,45.76893019047619,4.83241,42.0
hdbscan,1233.0,45.76885989583334,4.832481208333333,48.0
hdbscan,1234.0,45.77087047826087,4.832091666666667,69.0
hdbscan,1235.0,45.771999,4.832824275862069,29.0
hdbscan,1236.0,45.76498645454546,4.83351204040404,99.0
hdbscan,1237.0,45.763260714285714,4.825903028571429,35.0
hdbscan,1238.0,45.76928507643312,4.833316057324841,157.0
hdbscan,1239.0,45.7691376,4.832958342857143,35.0
hdbscan,1240.0,45.7721994117647,4.833058823529411,34.0
hdbscan,1241.0,45.771856962962964,4.833135222222222,27.0
hdbscan,1242.0,45.771893,4.833115,35.0
hdbscan,1243.0,45.75721157692308,4.824751461538461,26.0
hdbscan,1244.0,45.7699803030303,4.834636636363637,66.0
hdbscan,1245.0,45.769648942857145,4.835884971428571,35.0
hdbscan,1246.0,45.76470280952381,4.833477476190477,21.0
hdbscan,1247.0,45.7689398125,4.83606471875,32.0
hdbscan,1248.0,45.769237,4.835905641025641,39.0
hdbscan,1249.0,45.75998492857143,4.831356952380952,42.0
hdbscan,1250.0,45.77043013333333,4.8328711,30.0
hdbscan,1251.0,45.76473675,4.833606583333333,24.0
hdbscan,1252.0,45.764782583333336,4.83364275,36.0
hdbscan,1253.0,45.764733185185186,4.833681851851852,27.0
hdbscan,1254.0,45.769642814814816,4.832609962962963,54.0
hdbscan,1255.0,45.77139728571429,4.830318342857144,35.0
hdbscan,1256.0,45.77147620588235,4.829958705882353,34.0
hdbscan,1257.0,45.75973048,4.83171116,25.0
hdbscan,1258.0,45.75991824324324,4.8315677567567565,37.0
hdbscan,1259.0,45.76952256451613,4.834682919354838,62.0
hdbscan,1260.0,45.77219811413043,4.834549945652173,184.0
hdbscan,1261.0,45.77198813432835,4.8353174029850745,67.0
hdbscan,1262.0,45.76987763636364,4.833149909090909,22.0
hdbscan,1263.0,45.76425521739131,4.831511434782609,23.0
hdbscan,1264.0,45.76469567857142,4.833008892857143,28.0
hdbscan,1265.0,45.764670079999995,4.83326416,25.0
hdbscan,1266.0,45.764739884057974,4.8332408115942025,69.0
hdbscan,1267.0,45.764671739130435,4.833346086956522,23.0
hdbscan,1268.0,45.77054669767442,4.830540023255814,43.0
hdbscan,1269.0,45.76771375384615,4.829243123076923,65.0
hdbscan,1270.0,45.77022041860465,4.833328790697674,86.0
hdbscan,1271.0,45.77042239393939,4.833420878787879,33.0
hdbscan,1272.0,45.75780898245614,4.831338263157894,57.0
hdbscan,1273.0,45.77082554761905,4.830798,42.0
hdbscan,1274.0,45.771281967741935,4.8308585806451605,62.0
hdbscan,1275.0,45.76954590769231,4.829410353846154,65.0
hdbscan,1276.0,45.7683644054054,4.830020891891891,37.0
hdbscan,1277.0,45.76815657777778,4.8296654000000006,45.0
hdbscan,1278.0,45.76961575,4.832063249999999,20.0
hdbscan,1279.0,45.7697735,4.83178925,44.0
hdbscan,1280.0,45.768797962962964,4.829446296296296,27.0
hdbscan,1281.0,45.76899744,4.8293744,25.0
hdbscan,1282.0,45.75799520634921,4.824876873015873,63.0
hdbscan,1283.0,45.77099427272728,4.834268909090909,33.0
hdbscan,1284.0,45.75787123529412,4.832909058823529,34.0
hdbscan,1285.0,45.77021916,4.82991452,25.0
hdbscan,1286.0,45.7578643902439,4.833209170731707,41.0
hdbscan,1287.0,45.76942092682927,4.834075268292683,41.0
hdbscan,1288.0,45.763762694444445,4.826329555555556,36.0
hdbscan,1289.0,45.77021675757576,4.832981151515152,66.0
hdbscan,1290.0,45.77023892307692,4.832965128205128,39.0
hdbscan,1291.0,45.76917409523809,4.831428333333333,21.0
hdbscan,1292.0,45.768891565217395,4.831179804347826,46.0
hdbscan,1293.0,45.770563550000006,4.83403065,80.0
hdbscan,1294.0,45.76828487096775,4.8309223870967735,31.0
hdbscan,1295.0,45.757918796874996,4.8279394375,64.0
hdbscan,1296.0,45.77021723529412,4.833834323529412,34.0
hdbscan,1297.0,45.76792253125,4.8307155,32.0
hdbscan,1298.0,45.767762149999996,4.8310739,20.0
hdbscan,1299.0,45.75981004347826,4.831934565217391,23.0
hdbscan,1300.0,45.75738666666667,4.827494404761905,42.0
hdbscan,1301.0,45.7704107,4.83373614,50.0
hdbscan,1302.0,45.77050798305085,4.833778847457627,59.0
hdbscan,1303.0,45.75769627777778,4.826028555555556,36.0
hdbscan,1304.0,45.76615341509434,4.832844547169811,53.0
hdbscan,1305.0,45.76977706122449,4.833828632653061,49.0
hdbscan,1306.0,45.76995014285715,4.833902285714286,21.0
hdbscan,1307.0,45.76559927,4.832389555,200.0
hdbscan,1308.0,45.75778609375,4.83170228125,32.0
hdbscan,1309.0,45.757815,4.83172,29.0
hdbscan,1310.0,45.757785953488366,4.833632395348837,43.0
hdbscan,1311.0,45.77307610416667,4.831702895833334,48.0
hdbscan,1312.0,45.7598399245283,4.831792509433962,53.0
hdbscan,1313.0,45.75980937931035,4.831829620689655,29.0
hdbscan,1314.0,45.77158872972973,4.831556594594595,37.0
hdbscan,1315.0,45.7716473125,4.83162384375,32.0
hdbscan,1316.0,45.77003864444444,4.830308022222223,45.0
hdbscan,1317.0,45.77091401754386,4.831616771929824,57.0
hdbscan,1318.0,45.77103638095238,4.831607380952382,42.0
hdbscan,1319.0,45.77107263414634,4.831646585365854,41.0
hdbscan,1320.0,45.771223,4.831568972972973,37.0
hdbscan,1321.0,45.771344600000006,4.8314936500000005,20.0
hdbscan,1322.0,45.76860637293729,4.8356832574257425,303.0
hdbscan,1323.0,45.770503711111104,4.831551511111111,45.0
hdbscan,1324.0,45.770590425,4.831643825,40.0
hdbscan,1325.0,45.75817924264706,4.83196775,136.0
hdbscan,1326.0,45.768686333333335,4.830705755555556,45.0
hdbscan,1327.0,45.76732223529412,4.836573558823529,34.0
hdbscan,1328.0,45.7636542,4.8316605,20.0
hdbscan,1329.0,45.757049284210524,4.826510607017544,285.0
hdbscan,1330.0,45.77302834782609,4.832094826086957,23.0
hdbscan,1331.0,45.76969325,4.8303697,20.0
hdbscan,1332.0,45.76974905882353,4.830531970588235,34.0
hdbscan,1333.0,45.76662265,4.832510449999999,20.0
hdbscan,1334.0,45.757484954545454,4.825571818181818,22.0
hdbscan,1335.0,45.757708321428574,4.825360946428572,56.0
hdbscan,1336.0,45.76944853846154,4.830285615384616,26.0
hdbscan,1337.0,45.757332142857145,4.833125880952381,42.0
hdbscan,1338.0,45.757436133333336,4.833317466666667,60.0
hdbscan,1339.0,45.75798811594203,4.831795855072464,69.0
hdbscan,1340.0,45.757664641025634,4.833365358974359,39.0
hdbscan,1341.0,45.75768589285714,4.833484035714285,28.0
hdbscan,1342.0,45.77212605882353,4.831776382352941,34.0
hdbscan,1343.0,45.7690123382353,4.8303408823529415,68.0
hdbscan,1344.0,45.76914634146342,4.830294975609756,41.0
hdbscan,1345.0,45.75928208661417,4.826973496062992,127.0
hdbscan,1346.0,45.75890838888889,4.826870361111111,36.0
hdbscan,1347.0,45.77276092105264,4.831854289473684,38.0
hdbscan,1348.0,45.772858041666666,4.831923930555556,72.0
hdbscan,1349.0,45.757528782608695,4.832502347826087,23.0
hdbscan,1350.0,45.75751927272727,4.832233181818181,22.0
hdbscan,1351.0,45.75767174285714,4.8326587142857145,35.0
hdbscan,1352.0,45.757581081081085,4.832759824324325,74.0
hdbscan,1353.0,45.758026083333334,4.832052041666667,24.0
hdbscan,1354.0,45.76320844,4.82936435,100.0
hdbscan,1355.0,45.76530749999999,4.831585333333333,30.0
hdbscan,1356.0,45.77237953191489,4.831678404255319,94.0
hdbscan,1357.0,45.767162120689655,4.829216310344827,58.0
hdbscan,1358.0,45.76614186111111,4.8282675462962965,108.0
hdbscan,1359.0,45.76626215384616,4.830611730769231,26.0
hdbscan,1360.0,45.76591296153846,4.830977519230769,104.0
hdbscan,1361.0,45.76547466666666,4.831166434782609,69.0
hdbscan,1362.0,45.765000581818185,4.8319429454545455,55.0
hdbscan,1363.0,45.76487083333333,4.831733958333333,24.0
hdbscan,1364.0,45.765066129032256,4.831504387096774,31.0
hdbscan,1365.0,45.7648067,4.831389542857143,70.0
hdbscan,1366.0,45.7724739047619,4.831737333333334,21.0
hdbscan,1367.0,45.772469,4.8316989999999995,27.0
hdbscan,1368.0,45.77248713043478,4.831683695652174,23.0
hdbscan,1369.0,45.766850857142856,4.829974414285714,70.0
hdbscan,1370.0,45.7592676,4.826133566666667,30.0
hdbscan,1371.0,45.75886082291667,4.8259947187500005,96.0
hdbscan,1372.0,45.766369,4.82780668,25.0
hdbscan,1373.0,45.766302157894735,4.828788771929824,57.0
hdbscan,1374.0,45.7665500326087,4.829351315217392,92.0
hdbscan,1375.0,45.75765357142857,4.8321568571428575,21.0
hdbscan,1376.0,45.75774981707317,4.832441378048781,82.0
hdbscan,1377.0,45.76276875,4.831263833333334,36.0
hdbscan,1378.0,45.75788288349515,4.832010038834952,103.0
hdbscan,1379.0,45.75772498412699,4.83193453968254,63.0
hdbscan,1380.0,45.75780699999999,4.831945,24.0
hdbscan,1381.0,45.75778345977011,4.83195367816092,87.0
hdbscan,1382.0,45.75760148780488,4.832043853658536,41.0
hdbscan,1383.0,45.75765871428571,4.832053777777778,63.0
hdbscan,1384.0,45.76317959782609,4.831507434782609,92.0
hdbscan,1385.0,45.76327712328767,4.830575410958904,73.0
hdbscan,1386.0,45.75773923529412,4.832308147058823,34.0
hdbscan,1387.0,45.757640824999996,4.8319153749999995,40.0
hdbscan,1388.0,45.75761306809584,4.831966994955863,793.0
hdbscan,1389.0,45.757941638888894,4.832202712962963,108.0
hdbscan,1390.0,45.76094254545455,4.8287325,22.0
hdbscan,1391.0,45.75790141975308,4.832132740740741,81.0
hdbscan,1392.0,45.75794168181818,4.832127818181818,44.0
hdbscan,1393.0,45.757826892857146,4.8321279285714285,28.0
hdbscan,1394.0,45.76731685714286,4.835661542857143,35.0
hdbscan,1395.0,45.75783599999999,4.832183,49.0
hdbscan,1396.0,45.757837,4.832183,36.0
hdbscan,1397.0,45.75863517647059,4.828810147058824,34.0
hdbscan,1398.0,45.76676594999999,4.83291745,40.0
hdbscan,1399.0,45.76664687719298,4.834126842105263,57.0
hdbscan,1400.0,45.767104775862066,4.833175034482759,58.0
hdbscan,1401.0,45.766854096774196,4.833132387096774,31.0
hdbscan,1402.0,45.768296724137926,4.836914379310344,29.0
hdbscan,1403.0,45.76232618604651,4.831722558139535,43.0
hdbscan,1404.0,45.76837530232558,4.8371703720930235,43.0
hdbscan,1405.0,45.768406,4.837253,20.0
hdbscan,1406.0,45.76556528571429,4.82803861904762,21.0
hdbscan,1407.0,45.759008606060604,4.825383727272727,33.0
hdbscan,1408.0,45.766890059999994,4.83410468,50.0
hdbscan,1409.0,45.7682472295082,4.836722606557377,122.0
hdbscan,1410.0,45.76247787878788,4.828767272727273,33.0
hdbscan,1411.0,45.76783578571428,4.833818607142858,28.0
hdbscan,1412.0,45.76730194936709,4.834329886075949,79.0
hdbscan,1413.0,45.767294758064516,4.834260241935484,62.0
hdbscan,1414.0,45.76745718518519,4.8360112592592595,27.0
hdbscan,1415.0,45.76634961904762,4.833558634920634,63.0
hdbscan,1416.0,45.76672119230769,4.833427384615384,26.0
hdbscan,1417.0,45.767279314285716,4.832794514285714,35.0
hdbscan,1418.0,45.76806478260869,4.83587147826087,23.0
hdbscan,1419.0,45.76762264,4.8349886,25.0
hdbscan,1420.0,45.76774666666667,4.835035407407408,27.0
hdbscan,1421.0,45.76767438636363,4.83517675,44.0
hdbscan,1422.0,45.76768705,4.8352166500000004,20.0
hdbscan,1423.0,45.767672,4.835068882352941,34.0
hdbscan,1424.0,45.76769305405406,4.835078,37.0
hdbscan,1425.0,45.7609106,4.828262333333333,30.0
hdbscan,1426.0,45.76613857142857,4.8267220476190476,21.0
hdbscan,1427.0,45.76044907894737,4.828208368421053,38.0
hdbscan,1428.0,45.76022970588235,4.827964247058824,85.0
hdbscan,1429.0,45.76824012820513,4.836389179487179,39.0
hdbscan,1430.0,45.76836620689655,4.8363985172413795,29.0
hdbscan,1431.0,45.768043148148145,4.836151111111111,27.0
hdbscan,1432.0,45.76813573333333,4.836280400000001,30.0
hdbscan,1433.0,45.768253802083336,4.836142729166666,96.0
hdbscan,1434.0,45.76774961016949,4.8356709322033895,59.0
hdbscan,1435.0,45.76766752380952,4.832833428571429,21.0
hdbscan,1436.0,45.76784354545454,4.8334364545454545,33.0
hdbscan,1437.0,45.76785009090909,4.833475909090909,22.0
hdbscan,1438.0,45.767724625,4.836532041666667,48.0
hdbscan,1439.0,45.767946413793105,4.836004344827586,29.0
hdbscan,1440.0,45.76788276,4.83662884,25.0
hdbscan,1441.0,45.76781053191489,4.836587063829787,47.0
hdbscan,1442.0,45.76784896296296,4.836543925925925,27.0
hdbscan,1443.0,45.767614913043474,4.834489173913044,23.0
hdbscan,1444.0,45.76655186440678,4.833782305084745,59.0
hdbscan,1445.0,45.766648517241386,4.833587646551724,116.0
hdbscan,1446.0,45.766623375,4.833640875,56.0
hdbscan,1447.0,45.76659413709677,4.833683193548387,124.0
hdbscan,1448.0,45.7600996984127,4.8273204920634925,63.0
hdbscan,1449.0,45.76786754117647,4.8363946235294115,85.0
hdbscan,1450.0,45.76779245625,4.83622489375,160.0
hdbscan,1451.0,45.767508282608695,4.833025891304348,46.0
hdbscan,1452.0,45.76770552777778,4.836104916666667,36.0
hdbscan,1453.0,45.767699468085105,4.836011255319149,47.0
hdbscan,1454.0,45.767797,4.836063727272727,22.0
hdbscan,1455.0,45.767382647058824,4.834015852941176,34.0
hdbscan,1456.0,45.76760115447155,4.834245796747968,123.0
hdbscan,1457.0,45.76745795652174,4.834089695652175,23.0
hdbscan,1458.0,45.76691625925926,4.8335242962962965,27.0
hdbscan,1459.0,45.766845605263164,4.833531105263158,38.0
hdbscan,1460.0,45.766860967741934,4.833581870967742,62.0
hdbscan,1461.0,45.76690127659574,4.8335660425531914,47.0
hdbscan,1462.0,45.766824148148146,4.833635518518519,27.0
hdbscan,1463.0,45.7668551147541,4.833661819672132,61.0
hdbscan,1464.0,45.76757478571428,4.834026964285714,28.0
hdbscan,1465.0,45.767228578125,4.833517015625,64.0
hdbscan,1466.0,45.76715244,4.83350094,50.0
hdbscan,1467.0,45.762024708333335,4.8311208125,48.0
hdbscan,1468.0,45.7619174,4.82801988,25.0
hdbscan,1469.0,45.76711814705883,4.83354444117647,34.0
hdbscan,1470.0,45.767137000000005,4.833549,20.0
hdbscan,1471.0,45.76468357894737,4.828822894736843,57.0
hdbscan,1472.0,45.765021358490564,4.827653660377359,53.0
hdbscan,1473.0,45.7602802,4.8259165500000005,20.0
hdbscan,1474.0,45.7603808,4.826020440000001,25.0
hdbscan,1475.0,45.75949018446602,4.825492689320389,103.0
hdbscan,1476.0,45.75985827272727,4.825624818181819,22.0
hdbscan,1477.0,45.76651741935484,4.826867548387097,31.0
hdbscan,1478.0,45.76656242857143,4.826978238095238,21.0
hdbscan,1479.0,45.76672415625,4.827023875,32.0
hdbscan,1480.0,45.76152293333333,4.831410833333334,30.0
hdbscan,1481.0,45.76571247619048,4.82723519047619,21.0
hdbscan,1482.0,45.76747636842105,4.833685815789473,38.0
hdbscan,1483.0,45.76562497619048,4.827698904761904,42.0
hdbscan,1484.0,45.76600476712329,4.827152315068493,73.0
hdbscan,1485.0,45.7661664,4.82707952,50.0
hdbscan,1486.0,45.76758815625001,4.8338477187499995,96.0
hdbscan,1487.0,45.76753665,4.8338015,20.0
hdbscan,1488.0,45.7675275,4.83386209375,32.0
hdbscan,1489.0,45.767520499999996,4.833270157894737,38.0
hdbscan,1490.0,45.7675,4.833334105263158,38.0
hdbscan,1491.0,45.767660375,4.833349583333334,24.0
hdbscan,1492.0,45.7659141025641,4.827422256410256,39.0
hdbscan,1493.0,45.76604660869565,4.827494608695652,23.0
hdbscan,1494.0,45.76614728125,4.82750503125,32.0
hdbscan,1495.0,45.76453263888889,4.82766175,36.0
hdbscan,1496.0,45.76473014285715,4.827335428571429,42.0
hdbscan,1497.0,45.76466062962963,4.827181333333334,27.0
hdbscan,1498.0,45.762812805194805,4.828326688311688,77.0
hdbscan,1499.0,45.762790142857135,4.825491821428571,28.0
hdbscan,1500.0,45.76513955172414,4.827185310344827,29.0
hdbscan,1501.0,45.76516541666667,4.827324222222222,72.0
hdbscan,1502.0,45.76269548148148,4.825333777777778,54.0
hdbscan,1503.0,45.76207294736842,4.8261883947368425,38.0
hdbscan,1504.0,45.76227248275862,4.826194500000001,58.0
hdbscan,1505.0,45.76762577272728,4.833555272727272,22.0
hdbscan,1506.0,45.767545322580645,4.833607048387097,62.0
hdbscan,1507.0,45.762391893939395,4.82579106060606,66.0
hdbscan,1508.0,45.76253117391305,4.825630304347826,23.0
hdbscan,1509.0,45.767577352941174,4.8335548088235285,68.0
hdbscan,1510.0,45.76752533333333,4.8335535625,48.0
hdbscan,1511.0,45.767413890410964,4.833469273972603,73.0
hdbscan,1512.0,45.761851596153846,4.828362961538462,52.0
hdbscan,1513.0,45.759687674698796,4.828033457831325,83.0
hdbscan,1514.0,45.76764877272728,4.833480939393939,66.0
hdbscan,1515.0,45.76765467857143,4.8334166071428575,28.0
hdbscan,1516.0,45.764020058823526,4.827326705882353,34.0
hdbscan,1517.0,45.76140899999999,4.8276548749999995,24.0
hdbscan,1518.0,45.760007,4.8302522727272725,22.0
hdbscan,1519.0,45.76759454545454,4.833439590909091,22.0
hdbscan,1520.0,45.75953316058394,4.828647489051095,137.0
hdbscan,1521.0,45.75971775,4.828449125,24.0
hdbscan,1522.0,45.763999029411764,4.8276290294117645,34.0
hdbscan,1523.0,45.76410527272727,4.827672318181818,22.0
hdbscan,1524.0,45.76408593103449,4.827536224137931,58.0
hdbscan,1525.0,45.764128652173916,4.827447804347826,46.0
hdbscan,1526.0,45.76165322580645,4.82874088172043,93.0
hdbscan,1527.0,45.7599947,4.829983100000001,20.0
hdbscan,1528.0,45.75998667567567,4.829904864864865,37.0
hdbscan,1529.0,45.76341084042553,4.8274817659574465,94.0
hdbscan,1530.0,45.763377846153844,4.827209230769231,26.0
hdbscan,1531.0,45.7675867704918,4.833374967213115,61.0
hdbscan,1532.0,45.767574625,4.83344685,40.0
hdbscan,1533.0,45.76755950427351,4.833415008547008,234.0
hdbscan,1534.0,45.7675600967742,4.833383,62.0
hdbscan,1535.0,45.76051965,4.830462949999999,20.0
hdbscan,1536.0,45.76035146666666,4.830303026666667,75.0
hdbscan,1537.0,45.76145405,4.83048135,20.0
hdbscan,1538.0,45.76159578947369,4.829037815789474,38.0
hdbscan,1539.0,45.76751954054054,4.833394216216217,37.0
hdbscan,1540.0,45.76149508695652,4.829705043478262,23.0
hdbscan,1541.0,45.76749264473685,4.833393973684211,76.0
hdbscan,1542.0,45.767495333333336,4.833415212121212,33.0
hdbscan,1543.0,45.76747823809523,4.833420793650794,126.0
hdbscan,1544.0,45.76059189473684,4.826257917293233,266.0
hdbscan,1545.0,45.76749391044776,4.8334822686567165,67.0
hdbscan,1546.0,45.76752333333334,4.833446456140351,57.0
hdbscan,1547.0,45.759397257425746,4.828972945544555,202.0
hdbscan,1548.0,45.761234574468084,4.830910613981763,329.0
hdbscan,1549.0,45.760682773584904,4.8306288113207545,53.0
hdbscan,1550.0,45.75950097029703,4.829615683168317,101.0
hdbscan,1551.0,45.75934141935483,4.829317290322581,31.0
hdbscan,1552.0,45.759454628571426,4.829177171428571,35.0
hdbscan,1553.0,45.7616705483871,4.829165548387096,31.0
hdbscan,1554.0,45.76170609677419,4.829135838709677,31.0
hdbscan,1555.0,45.7640615625,4.8281935208333335,48.0
hdbscan,1556.0,45.76461312121212,4.828329181818182,33.0
hdbscan,1557.0,45.761597711111115,4.829953222222222,45.0
hdbscan,1558.0,45.761518083333335,4.830018083333333,48.0
hdbscan,1559.0,45.764334954545454,4.828329272727273,22.0
hdbscan,1560.0,45.76445105714286,4.828328342857143,35.0
hdbscan,1561.0,45.76449872727273,4.828205454545455,55.0
hdbscan,1562.0,45.76374056481482,4.828194574074074,108.0
hdbscan,1563.0,45.76055334615384,4.826943384615385,26.0
hdbscan,1564.0,45.75995934615385,4.826058576923077,26.0
hdbscan,1565.0,45.762505874999995,4.8267005,24.0
hdbscan,1566.0,45.76303585964912,4.82805349122807,57.0
hdbscan,1567.0,45.7620958358209,4.826828283582089,67.0
hdbscan,1568.0,45.76196451515151,4.827656,33.0
hdbscan,1569.0,45.75968104347826,4.826388913043479,23.0
hdbscan,1570.0,45.76270662857143,4.826813514285715,35.0
hdbscan,1571.0,45.762411173913044,4.827417695652174,23.0
hdbscan,1572.0,45.762687633333336,4.8270358,30.0
hdbscan,1573.0,45.76288730588235,4.827112352941176,85.0
hdbscan,1574.0,45.76299759574468,4.8268836595744675,47.0
hdbscan,1575.0,45.763311805970154,4.8279996417910445,67.0
hdbscan,1576.0,45.76075681481481,4.82784162962963,27.0
hdbscan,1577.0,45.75994595454545,4.8263928636363636,22.0
hdbscan,1578.0,45.76004892857143,4.826479607142857,28.0
hdbscan,1579.0,45.75998142857143,4.826603357142857,28.0
hdbscan,1580.0,45.76015792156863,4.826579725490196,51.0
hdbscan,1581.0,45.76017795121951,4.826504,41.0
hdbscan,1582.0,45.76263792391304,4.8273368043478255,92.0
hdbscan,1583.0,45.76293734782609,4.827780608695653,23.0
hdbscan,1584.0,45.761835434782604,4.827502347826086,23.0
hdbscan,1585.0,45.762567946666664,4.827601013333333,75.0
hdbscan,1586.0,45.762767375,4.827740071428572,56.0
hdbscan,1587.0,45.760565695652176,4.826606608695652,46.0
hdbscan,1588.0,45.76142673333333,4.827082033333332,30.0
hdbscan,1589.0,45.761215847222225,4.827067083333334,72.0
hdbscan,1590.0,45.760985600000005,4.827499475,40.0
hdbscan,1591.0,45.761688739130435,4.82731947826087,23.0
hdbscan,1592.0,45.76200253846154,4.827501423076923,26.0
hdbscan,1593.0,45.76154005660378,4.827240377358491,53.0
hdbscan,1594.0,45.76166909090909,4.827168545454546,55.0
hdbscan,1595.0,45.76217805,4.827279575,40.0
hdbscan,1596.0,45.762073791304346,4.827095913043478,115.0
hdbscan,1597.0,45.76181713333333,4.826825088888889,45.0
hdbscan,1598.0,45.760600700000005,4.827609033333333,30.0
hdbscan,1599.0,45.76202935294118,4.8270385,34.0
hdbscan,1600.0,45.76213251851851,4.8274331851851855,27.0
hdbscan,1601.0,45.76209008163265,4.827327836734694,49.0
hdbscan,1602.0,45.76208408695652,4.827282304347826,23.0
hdbscan,1603.0,45.76171830769231,4.826942051282051,39.0
hdbscan,1604.0,45.76183138356164,4.827019301369863,73.0
hdbscan,1605.0,45.76195152577319,4.8269538969072165,97.0
hdbscan,1606.0,45.76184910169492,4.827347949152543,59.0
hdbscan,1607.0,45.761902,4.827277714285715,21.0
hdbscan,1608.0,45.76192396551724,4.827267913793103,58.0
hdbscan,1609.0,45.761952900000004,4.827332,20.0
hdbscan,1610.0,45.76197921621622,4.827308810810811,37.0
hdbscan,1611.0,45.76076029357798,4.827566064220184,109.0
hdbscan,1612.0,45.76065859999999,4.827707753846155,65.0
hdbscan,1613.0,45.76101804166667,4.8260559375000005,48.0
hdbscan,1614.0,45.76097290909091,4.826155954545455,22.0
hdbscan,1615.0,45.76101647826087,4.82615447826087,23.0
hdbscan,1616.0,45.760964099999995,4.826202066666667,30.0
hdbscan,1617.0,45.76100466666666,4.826203208333333,24.0
hdbscan,1618.0,45.76092503448276,4.826387551724138,29.0
hdbscan,1619.0,45.76078302,4.8273008,50.0
hdbscan,1620.0,45.76080048484848,4.826683757575758,33.0
hdbscan,1621.0,45.760779785714284,4.827184671428571,70.0
hdbscan,1622.0,45.760854,4.827053,104.0
hdbscan,1623.0,45.76082334210526,4.827085552631579,38.0
hdbscan,1624.0,45.760921095238096,4.827090785714286,42.0
hdbscan,1625.0,45.760884446153845,4.827097753846154,65.0
hdbscan,1626.0,45.760879599999996,4.82713925,20.0
hdbscan,1627.0,45.760891,4.827139,30.0
hdbscan,1628.0,45.76084447826087,4.826998782608696,23.0
hdbscan,1629.0,45.76083287878788,4.826999939393939,66.0
hdbscan,1630.0,45.76110928947369,4.826658210526316,38.0
hdbscan,1631.0,45.760900223880604,4.82683071641791,67.0
hdbscan,1632.0,45.76087391666667,4.826710291666667,24.0
hdbscan,1633.0,45.760973979999996,4.82688108,50.0
hdbscan,1634.0,45.76092763636364,4.826936681818181,44.0
hdbscan,1635.0,45.76091461290323,4.826619516129032,31.0
hdbscan,1636.0,45.76104685714286,4.826464904761905,21.0
hdbscan,1637.0,45.76106478571428,4.826416392857142,28.0
hdbscan,1638.0,45.760954752293586,4.826741779816514,109.0
hdbscan,1639.0,45.76095636170213,4.82679614893617,47.0
hdbscan,1640.0,45.760973160000006,4.826495,50.0
hdbscan,1641.0,45.76096613043479,4.826592,23.0
hdbscan,1642.0,45.760963714285715,4.826670285714285,21.0
hdbscan,1643.0,45.76100065217391,4.8265846521739135,23.0
hdbscan,1644.0,45.761002142857144,4.8265138571428565,28.0
hdbscan,1645.0,45.76099981818182,4.826499545454546,22.0
hdbscan,1646.0,45.76104171875,4.82654575,32.0
hdbscan,1647.0,45.760980875,4.826625583333333,24.0
hdbscan,1648.0,45.76099667326732,4.826657544554456,101.0
hdbscan,1649.0,45.76101809210527,4.826570065789474,76.0
hdbscan,1650.0,45.76103285714285,4.8265812285714285,35.0
