cluster,words
145.0,onirisme theophany borderlinebiennale epiphany hallucination bodyhacktivism photokaos survivetheapocalypse psychosis pmd
141.0,kurtehrmann opusix audreysavoye hiram ehrmann opus kurt ix postapocalyptique sculpturemoderne
139.0,revelation sourcesoccultes francmaconnerie freemasonry palaisideal artsingulier landart postapocalyptique sculpturemoderne modernsculpture
515.0,unicefrhone comiterhone ong martine rotaryunicef unicef benevole divers bougeons pleniere
20.0,lyzeron craponne genis francheville randonneepedestre sentierdesgaletsvoyageurs sentiernaturedelyzeron bergesdelyzeron ollieres sentier
1388.0,foursquarevenue50094bd2e4b04413bf01d1e9 3945 filmphotography lomography annabelle ibislyon ibishotel ibis accor ibishotels
812.0,sido internetdesobjets objetsconnectes citeinternationaledelyon innorobo syrobo emm robolift 67avril2016 sido2016
94.0,aoisoracosplay japactuinfo japactu cosplayjapactu cosplayteen cosplaylyon cosplayer japantouch concours capitainebarbeblonde
77.0,endoftheworld geopolitique crashculture devastation groundzero ehrmann anarchy visionaryarchitecture destroy blackswantheory
116.0,20161212 20131130 chassieux xml japantouch convention eurexpo touch 20131005 retouche
151.0,outsider zero endoftheworld crashculture devastation geopolitique ehrmann visionaryarchitecture anarchy destroy
79.0,endoftheworld geopolitique crashculture devastation groundzero ehrmann anarchy visionaryarchitecture destroy blackswantheory
118.0,coches epoqu epoquauto rolls traction 2300 alfa cabriolet alpine salmson
399.0,insa orgas 24h cross capoeira villeurbanne guigui basque cassecroute kermesse
157.0,deepdream nuitdebout neuron calcul neurones inceptionnisme artificialintelligence intelligenceartificielle ia fractal
25.0,abtra loykrathong nong lesrouesdelouest associationboudhistethaierhonalpine songkran samlor craponne thailande saintgenislaval
404.0,ldollfestival dollfie ldoll2016 ldoll6 choo ldoll7 teayong mirai suenaga balljointeddoll
280.0,sousmarin java photobooth alsa bleudemethylene posix vodka eristoff tshirt sudo
131.0,sauvagie wwwlasauvagiefr copropriete sauvagiefr baraillon demilune cellier tassin norbertcellier norbert
462.0,20110618 ilford400 bookselections flickrselections yvonne alainkruger philippekling scratches img_6566 francoisgerardgeorgeshollande
99.0,daimler hool daimlerbuses interurbain autocarexpo tdx27 astromega autocar temsa irizar
401.0,defileetrue technic moc villesouslaneige modularbuildings minifig ucs mozaique potter harry
1176.0,jeonghwachoi flowertree madchen poncet choi jet 70300 antonin antoninponcet flowertreesculpture
194.0,dsc03212 dsc02987 dsc03489 dsc03587 dsc02752 dsc03454 dsc02744 dsc03487 dsc02790 dsc03583
1548.0,foursquarevenue4c3a2a2793db0f475db02492 1728mm f2828 passerelledupalaisdejustice 20190725 palaisdejustice 1250 impressions bastilleday fetenationale
397.0,20140412 haru mixte xml cartoonist touch retouche double japan cosplay
1322.0,foursquarevenue5148ec5ce4b0c012d308cb24 foursquarevenue529ab02711d220faad7a9606 foursquarevenue52946a0f11d2d883ca93eaeb foursquarevenue4b75e26cf964a520082c2ee3 foursquarevenue4b6e38d3f964a5209ab22ce3 tinkerbell instadogs whippet greyhound withallmyheart
58.0,lenine vlr lenin ленин socialisme img07984jpg img11444jpg img11439jpg img11524jpg img11535jpg
1329.0,passerellesaintgeorges pasarela eglisesaintgeorges couturier passerellepaulcouturier 20140530alongtheriver nisiv5pro quartiersaintgeorges riosaona saintgeorges
459.0,chaetodon pomacanthus acanthurus amphiprion requin cocher chirurgien murene gymnothorax heniochus
400.0,insa 24h taekwondo sumo cross villeurbanne bandas lulu sam vache
1544.0,1755mm finiculaire f456 1020mm ficelle f28 img_3946 img_3999 img_3952 saaint
95.0,outsider endoftheworld zero geopolitique crashculture devastation anarchy visionaryarchitecture destroy ehrmann
1151.0,lafresquedeslyonnais personlichkeiten beruhmte fresken beruhmtelyonerpersonlichkeiten lyoner opticalillusion illusion optical fresquedeslyonnais
1175.0,photographieafricaine passagesmuszedesconfluencesmdcafriqueyannsonnguyenthe passagesmuseedesconfluencesmdcafriqueyannsonnguyenthe malick sidibe patrickageneau gbre malicksidibe muszedesconfluences francoisxavier
470.0,cilou101 depechemode touroftheuniverse davegahan depeche dm20091123 dmtotu20091123 231109 martingore halletonygarnier
546.0,mutualisation locauxmotiv coworking mazagrand motiv remixifla makerparty hackthelibrary locauxmotivlyonsocial locaux
315.0,myreferenceevents ninkasikao sepultura combichrist lastfmevent1970515 deathmetal dougpinnick jerrygaskill tytabor lastfmevent1822927
1533.0,anya avinash christina kyan 199601lyon02 2015_05_2711_22_55 2015_05_2710_57_09 199601fourviere06 2015_05_2711_57_00 _dsc8130
1079.0,ruemerciere merciere foursquarevenue4b6ef616f964a52068d32ce3 july2018lyon machon quartoformat chardantoine machons foursquarevenue4b77f13bf964a52094af2ee3 ammiratoscipione
147.0,emtvenissieux roundhouse ponttournant rotondevenissieux emt stefho74 turntable 525250 frenchrailways 425250
877.0,nikonphotography vscogood perpetua likeforlike ig_today benimkarem benimkadrajim vscolove likesforlikes instavsco
185.0,kyokushin 20170521 karate championnat deurope competition wmac vauxenvelin athletisme rennes
567.0,7decembre darwin foursquarevenue4effb0c377c885c3359c2cc4 sebastiencheniclet aile butterfly papillon wing foursquarevenue522e2dc711d2025fc1f23176 expo
1547.0,zombieday 50mm14nikon zombiewalklyon cadavre d2xs 102012 proximacro sang 50mm1 remonda
1307.0,tanzen tanzerin dolores dec superposition conceptstore tosee dayoff love_france instagramfr
573.0,sigma1770mmf2845 baseproductions concertphotography paradiselost murderdolls lastfmevent1137159 lastfmevent1196051 gojira samael josephduplantier
269.0,foursquarevenue4fe864b7e4b05b60faf6704b o2sources sosh avatar ils commande sudweb nam_sandwich maj vendredy
228.0,kaftan cindy nb_0422 caftan kaftane cindy_0434 cindy_0426 cindy_0432 cindy_0444 cindy_0430
1021.0,eolight passerelleducollege thesards congresdesdoctorants enslyon sciencesdelaterre matedefournoux fusgangerbrucke college 1844
78.0,peripetie incident fortune captures parallele occurrence divergence resonance destin sort
1260.0,colbert courdesvoraces voraces fantasque gaule bonpasteur amphiteatre bellevue bombes gaulois
481.0,jardindescuriosites canoneos650 prepa curiosites 20140827 cpe curiosite courret incitytower etude
815.0,forumled conferencesexpo forum led museedartcontemporain maclyon mondes flottants mondesflottants dart
848.0,ampere placeampere andremarieampere 90mm chappelle lola 2k12 statueofampere appartementainay andremarie
1139.0,lombard pierrealain middle foursquarevenue4bc8a28a6501c9b6cf8c4029 masterpal award decran geottagged flair age
297.0,lyonboxing lyonboxe academielyonnaisedeboxe boxelyon fatihmeric nuitdeschallenge azizaoubaita boxinglyon 18decembre fabricetiozzo
572.0,inflames soilwork flames wolves metalmusic behemoth amorphis atthegates throne wolvesinthethroneroom
1450.0,muse operanationaldelyon operanouvel hip antoinemariechenavard jeanmariepollet 里昂歌劇院opera foursquarevenue4b61bda1f964a520ca1f2ae3 hop lyoncitytram
73.0,26022011 hulme personnelle dhitler lautomobile tpv denny maclaren mclaren bouton
1238.0,pierrick dupy naho chouette wenc maskedmask souka ondeone saveur pastedup
76.0,automobilmuseum museehenrimalartre schlossrochetaillee rochetailleesursaone departementmetropoledelyon dierkschaefer zahnradantrieb draisine httpsdewikipediaorgwikipininfarina mit
120.0,boardgame j2s dsc02537 dsc02551 dsc02582 dsc02513 dsc02612 dsc02531 dsc02511 dsc02543
403.0,jeudeplateau jeuderole rpg jeuderoles gaming jdr octogones eljlyon convention games
33.0,img_2532 img_2637 img_2502 img_2634 img_2531 img_2499 img_2466 img_2611 img_2666 img_2632
715.0,khora sethyoungruiz courtmetrage interpol tournage combas video pingouin cinema oeuvre
402.0,dollcon artdoll ldoll dolls soom irreal asella dust doll momoni
394.0,lyonconventiontattoo 1275 minicooper img23118jpg img23111jpg img23075jpg img23087jpg betonbrut img23047jpg img23060jpg
587.0,sunmoov lyon_2017 celsius conluence bunt graou blackjack dsc_0917 dsc_1000 dsc_0884
195.0,handisport championnats ipca mondiaux athletisme parilly lyon2013 dsc03387 dsc03547 dsc03388
1088.0,airfrance cacolebn lumineuses yeti algues ambassador ktm foursquarevenue4b8bdfcdf964a520d5af32e3 squad readytorace
836.0,celtic wax tailor ifla2014lyon irish wlic2014 blendwebmix familyevent placeduchange opening
309.0,retroteasefestival luluwite coneybow morana celestedemoriae opheliecarre patbotero burlesque zazouminaude ladylynch
849.0,bodmod elza modificationcorporelle scar sophieopsisera ambassadedelarepubliqueduchaos tuan teomilev modifcorpo scarification
1129.0,rosesencascade anos70 veilleuse festivalmondialdesroses canonef24105mmf4lisusm placedesjacobins travailleur worker gaypridelyon fetedeslumiereslyon2016
18.0,carbo phalacrocorax schoeniclus emberiza bruant macroule foulque cormoran fulica roseaux
1520.0,foursquarevenue4bf9133d4a67c9288c4e26cf edificesreligieux pontbonaparte passerellesaintgeorges bonaparte mai2015 ouvragesdart vanyabovajo lysen saintgeorgesbridge
946.0,transports funicular funiculaire 120830 arche 11600 panoramas basiliquedefourviere _dsc1572_dxopl2 _dsc1898dsc1900
967.0,slipdebain zwembroek swimtrunks bergekarenblixen maghrebi maghrebin maghrebinisch tanned amblem seminude
1325.0,pid rivedesaone cocconing feeth daughter born birth ngc equateur amphitrite
525.0,raymondbarre 02092013 raymond dualiso spielmann alainspielmann magiclantern pontraymondbarre barre fujifilmx100s
32.0,sdc11812 sdc11925 sdc11947 sdc11792 sdc11857 sdc11908 sdc11911 sdc11898 sdc11806 dscn0260
87.0,museemalartre 4e pininfarina_1938 dedionbouton tonneau corre lorrainedietrich luccourt stela hispanosuiza
1100.0,kubin 20152017 bellecordiere 113425 felix lhoteldieu 113523 dysturb _dsc1740_dxopl2 kwalestafar
505.0,foursquarevenue503fb512e4b0931eb5bfd407 doctorwhoclassic inspire docteur imageofthefendahl doctorwho lepisode k9 thevisitation portebonheur
240.0,rgpd outils medef lyonrhone alternance 240519 agir professionnelle forum dauractionfrance
70.0,barrelracing wildfieldsphotography reining equitalyon vleutenmichael melandmaikel steveguerdat gillesforestier penelopeleprevost piusschwizer
969.0,apnee openapneelyon2017 centrenautiquetonybertrand philippecleon open piaulardot airopenluchtplein alainrichioud airpiscineeuropaeuropelightlichtlumieretourstowerstorensmonochromemonochroommonotonecloudswolkennuageslyonfrancefrankrijkfrankreichfrancafranciacitystadvillestadtquai laurentfarges
140.0,squatdartistes artistshouse groupeserveur artderue artprice demeure thierryehrmann ddc saintromainaumontdor abodeofchaos
155.0,saintromain mattt adobe int photo360 1020mm abode vuepanoramique demeure citation
1345.0,lakroche img_2436 akroche barman lanterns flickr2010 lumiereslyon dailypicture leffe 00100sportrait_00100_burst20190714175055361_cover
129.0,scenique comiterhone ong unicefrhone unicef scenic repetition ecully 27 spectacle
1543.0,paysannes luttes climatique changement mondiale terre journee terreaux img_0487 img_0513
956.0,feuartifice pyrotechnie firework revolution dartifice feu armoireelectrique domination visiteinsolite icare
392.0,tournoidegodelyon tournoidego tournoidegodelyon2014 coupemaitrelim tournoidegoparequipes goteamtournament goparequipes teamgo badukplayer weiqiplayer
372.0,overkill septicflesh cco septic flesh loudblast punishyourself punish cnk metalmusic
253.0,bettercallsaul banshee vikings gameofthrones pornfood ps4 instabeer instafood s01e01 tofu
1447.0,fine beaux arts beauxarts culture phap فرانسه ประเทศฝรงเศส perancis pransiya
1456.0,1650 ruepuitsgaillot cityhallofthecityoflyon lyontownhall ruejosephserlin lyoncityhall simonmaupin juleshardouinmansart trash ssm
447.0,murdescanuts lemurdescanuts murspeints canuts fresquemurale canut citecreation wallpainted borel fresquedesecrivains
1409.0,foursquarevenue4c3f5b6e520fa593fc78c6ac louispradel anuki ipousteguy films hdv louiselabe edfsuez olympusep3 pradel
782.0,festivaaal yannberriet improvidence patrickspadrille festivaldeszelles impro wwwimprovidencefr trema lily catchimpro
171.0,20180303_140830 20180303_133636 20180303_140727 20180303_132422 20180303_130836 20180303_141929 20180303_135406 20180303_135658 20180303_140521 20180303_131517
211.0,clacson hint 20120210 mjcoullins troy balthazar ned michelcloup cloup riddimcollision
1153.0,quaisdupolar2015 palaisducommerce ccilyon foursquarevenue4bcc10ee511f9521c275b2c7 palaisdelabourse hausmanstyle hausmanienne cci ruedelabourse 19th
1138.0,foursquarevenue4d9898dd9079b1f752f22e0a croisieurope kryssning vangogh fartyg msvangogh schiff flod ms gogh
472.0,jameshetfield worldmagnetic kirkhammett roberttrujillo lastfmevent1318801 worldmagnetictour dustyhill gdp arachneeprod franckbeard
894.0,denisbortek festivalecransmixtes tkkim francefrance lyonlyon mrdandthefangs fangs lavoir prunelle ornano
463.0,nuit1 nuitssonores2010nuit1 lastfmevent1429323 ns2010 nuitssonores2010 ronanthenadey nuit4 marchegare indie labandon
754.0,miel pollen mouche abeille hibiscus jardinmexicain zoom details cactus cereusjamacaru
742.0,parcdelyon instapaysage foursquarevenue4b851cb1f964a5207a4c31e3 serres flore instacute instapic instalyon savane geolon48535966873168945
1022.0,foursquarevenue4c7abf5b81bca0939b740115 eolight fusgangerbrucke passerelleducollege quaidurhone college footbridge cookie repertoire poneyterie
1445.0,derembrandtauselfie rembrandt bahut chambreacoucher hotelguimard hector lalique emilegalle guimard hectorguimard
906.0,belin tindersticks foursquarevenue4c13deda7f7f2d7f0be3df68 romains odeon theatres jojutsu lodeon bertrand johnson
1596.0,minatures img_2908 img_2921 img_2859 img_2877 img_2892 img_2906 img_2881 img_2949 img_2884
322.0,時枝正 тадаситокиэда tadasitokieda tadashitokieda internationalsummerschoolofmathematicsforyoungstudents issmys tadashi tokieda etienneghys ghys
702.0,5dmii automnal thirsty autumnal track mallard potdcountryfr serenity adieu lyd17
1012.0,dsc00996 dsc01420 dsc01049 dsc01402 dsc01121 dsc00431 dsc00413 dsc00461 dsc01306 dsc00430
320.0,20182019 j1 stadedegerland stadetoulousain iosefatekori yoannhuget zackholmes accreditation chelsinkolbe top14
113.0,2roues canonefs1755mmf28isusm canonef50mmf18mkii 848 agusta mv sigma10mmf28fisheyedcexhsm diavel rsv4 mvagusta
1020.0,lyon20170729217basiliquefourviere lyon20170729206basiliquefourviere lyon20170729205basiliquefourviere lyon20170729219basiliquefourviere lyon20170729262basiliquefourviere lyon20170729216basiliquefourviere lyon20170729214basiliquefourviere lyon20170729167basiliquefourviere swords lyon20170729236basiliquefourviere
1112.0,cordadra 114500 repellin 114349 fetedeslumieres09 constantin 24mm hlc renovation escalator
625.0,foursquarevenue4ea31034003934222ebbe789 lacuisineduweb lcdwbanquet biennaledelyon armee 1petitemousse unepetitemousse biennale slumber boba
1159.0,evento festa delle luci_0383 luci_0394 luci_0380 luci_0516 luci_0386 luci_0503 luci_0411
1076.0,20octobre2010 guilliotiere pontdelaguilliotiere exifmodeliphone6 cameramodeliphone6 exiflensiphone6backcamera415mmf22 exifapertureƒ22 exiffocallength415mm cameramakeapple exifmakeapple
170.0,20180303_130433 20180303_124027 20180303_125552 20180303_144310 20180303_123505 20180303_121251 20180303_121305 20180303_120841 20180303_121209 20180303_120212
579.0,pleinair img_8654 img_8533 img_8550 img_8630 img_8631 img_8592 img_8614 img_8541 img_8657
868.0,stmartin dainay lyon20180917011saintmartindainay lyon20180917001saintmartindainay 39 38 37 36 34 33
850.0,students img_0834 img_1346 img_1465 img_1350 img_1451 img_1461 img_1435 img_0793 img_0830
886.0,foursquarevenue4bf6aa7fbfeac928d9b99436 streetphotographie 20062015 ef1352lex14iii gaypride2015 houseboats marchedesfiertes pontmorand husbatar husbat
751.0,aloe serredemadagascarduparcdelatetedor desertplants beautedelanature beautyinnature parkmanmadespace parcpublicamenagementdelespace planrapproche prisedevueeninterieur focusstacking
615.0,biennalelyon2013 esercito imperiale aciesconsultinggroupheadquarters siegesocialdeaciesconsultinggroup aciesconsultinggroup identities sucrerie 20091207 rudyricciotti
433.0,fdg mace partidegauche pg frontdegauche 1ermai 06novembre2010 syndicats 19122012 7earrondissement
5.0,dumper dragline artifices foursquarevenue4bc1d6412a89ef3bbac2f288 carriere sabliere miribeljonage nobas astra jonage
261.0,lov fuites danciennes demontage installations recherche dos arriere preparation p1030732
1611.0,里昂聖約翰主教大教堂 primatialesaintjeanbaptisteetsaintetienne astronomique saintjeanbaptisteetsaintetienne horlogeastronomique interiors astronomische 100638 interiour lhorloge
1638.0,sjl fdl18 fdl17 170 132 129 131 139 134 133
222.0,clemenceau derivants pentaxlife ilebarbe lathuilliere lesderivants disperse lilebarbe lile k7
436.0,rockneat saor pagan catubodua canbardd bardd blackmetal 2011inphotos project365 can
1389.0,strikes crisis gipn policiers lhelicoptere gendarmes 18h30 serum navaient physiologique
1358.0,tamronspaf60mmf2diiildif11macrolens rainbowofnature alstroemeria tamronsp60mmf2macrodiii gouttedeau eos550d goutte3 lapassiondelimage croqmonsieur foursquarevenue51573affe4b00a2d5e2e910c
1562.0,placedugouvernement gouvernement antica palazzo magicworld foursquarevenue4dea897f18386283a3e8032c arbogast shops mannequin ruesaintjean
810.0,presages fetedeslumiereslyon2013 lph ssm geese centauresse squirrel fdl2018 goose leverdusoleil
1094.0,gilets nikond70 xi bowl acte jaunes lugdunumrollercontest2015 ride marathon vilaine
784.0,menagerie testicules img_9347 img_9388 tiere zoologique thomaspollin lionne pollin img_8883
154.0,popup chaos99 activisme obscurite demoniaque brunovitasse tenebres citoyen chupacabraart radioactivite
829.0,lartisanat untitled foursquarevenue4f8a99a9e4b047d84b2c6eb5 109lab wel4 laccueil foursquarevenue4cd3e949793d224b37524b10 palaisdescongres salon renzopiano
811.0,condom foursquarevenue4bc8da7e762beee19f993d38 foursquarevenue2592284 hilton sex defined expect disappointing tordue definissent
1073.0,lignac cyril celebrity fussball publicity advert brioche celebrity_chef_066_lyon grolee chef
1043.0,egalise forviere pointdevue hauteur 121828 _dsc1591_dxopl2 notredamedefourviere colline notredame 150
1622.0,lyon20180917045cathedralesaintjean lyon20170729056cathedrale lyon20170729127cathedralehorloge lyon20170729063cathedrale lyon20170729107cathedrale lyon20170729100cathedrale lyon20170729082cathedrale lyon20170729054cathedrale lyon20170729064cathedrale lyon20170729122cathedralehorloge
1360.0,ecrivains quaidelapecherie biblio borel fresquedesecrivains mediatheque grafs brossette saintex jeni
696.0,markthalle sevepatisserie july2018 candystore candiedfruits maisonbahadourian sweetshop confits nourriture leshalles
867.0,romanik culdefour contrefort arteromanica arcature romanesquearchitecture romanischekunst arquitecturaromanica architetturaromanica tourlanterne
1475.0,secrettunnels gourguillon laine trinite emeraldcruiselines tricotee monteedugourguillon chiroubles 1556311 placedelatrinite
1378.0,17190611 farriswheel hotairballoon anamorphose montgolfiere ferriswheel bigwheel fdl2017 fdl2016 louisxiv
46.0,epiceriemoderne 270319 foursquarevenue4bc8bf8daf07a593bb91812d lepicerie elvis sleafordmods mods sleaford tvb epicerie
1550.0,littoral rivage 20161209fetedeslumieres036 vus tamronspaf1750mmf28xrdiiildasphericalif bonaparte annecy mer alpha33 img_3096
396.0,karna jongle karnaval deguise jonglage alternatif humanitaire carnaval deguisement solidarite
1648.0,villagemedieval placeseantjean triforium ornement petitpaume frise tamronspaf1750mmf28xrdiiildasphericalif cracheur fdl2017 plafond
1217.0,manoir gourguillon megzany belfry vignetting nerz stadte frigno camino rooftops
980.0,summicron50 502 ilfordhp5plus 9028 leverdesoleil kodaktmax400 m6 leicam6 elmarit sartorial
1354.0,veilleuses marchedelacreation lequaidesartistes foursquarevenue5079b3c4e4b065f1dd6ceb66 quaidesartistes paulownia img_2511 img_2513 artistes quairomainrolland
1198.0,desigual peril img_9083 img_9167 img_8892 img_8989 img_8686 img_9005 img_9018 img_8952
417.0,ausias cimetiereloyasse servier jeanfrancois cemetery rochebruyn terzian edmond foursquarevenue4da1b60f7ccc816e0833587b chanoine
669.0,eternites carnets carnetsdecollections especes origines societes venenum collections freres 2eme
578.0,siegesocialdeuronews euronewsheadquarters jakobmcfarlane ricciotti rudy deuronews hq euronews december2017 pavillon
613.0,oneshot oneshoturbanartsession collectifsuperposition urbanartsession oeuvresmurales superposition macka 134531 session beretta
1236.0,madonna p_20190709_214204 nneka coktail p_20190709_214212 cuz saintnizierchurch alcool gothicarchitecture hugin
853.0,sofitel one77 florianphotography astonmartin canon60d recettes floflo69 iphone5backcamera412mmf24 domes v12
407.0,aeg ccg l5r reese argyle warofhonor unicorn lene crab dominique
1090.0,photomobile massifdumontblanc zombiewalk marrons feteforaine vogue parcattractions fondnoir zone lyonfetedeslumieres2013
1075.0,pethrol foursquarevenue4bc04527920eb713e6bd182c fetedelamusique littlegarcon marrons vivitar chapiteau esthetique carlzeissjenamcflektogon2435mmm42 2435mm
975.0,utsikt labasiliquenotredamedefourviere byggnad skyskrapa hirise basilika radissonbluhotel 70300mmafs lyonftedeslumires2010 lyonfetedeslumieres2010
1182.0,foursquarevenue51472debe4b0c11f88609137 ilena co brisrotco speculos bistrotco anne bistrot sacred delicious
1031.0,foursquarevenue4b8bdfcdf964a520d5af32e3 pontlafayette sigma1750f28 lafayette bergesdurhone peniche 20190717_140041 img_5834_bis img_2178 975
1110.0,hardrockcafe ruedupresidentcarnot ambassadedesetatsunisdamerique embassyoftheunitedstatesofamerica courmont 172626 hard jules quaijulescourmont dsc00498
328.0,neiges contest blandan competition parcblandan 15052016flip r_ skatepark vivant saut
797.0,megalotis panthera antiquorum kordofan equus hartmannae nomascus leucogenys binturong prolemur
148.0,20121009 20120817 dscf8186 imgp4540 20120807 imgp4541 imgp4539 dscf8185 imgp4543 dscf8103
1605.0,18105 lawoffices museedesminiaturesetdecorsdecinema thelawyershouse museeminiaureetcinema basoche ruedelabombarde danohlmann placedelabasoche maisondesavocats
804.0,madi bleed katswa kemangwalehulere 110924maclyon 20032011 virginiachihota womb 19792004 marlenedumas
115.0,autodiva epoquauto d5300 eurexpo auto automobile voiture 201667 201675 20162
1433.0,foursquarevenue4b9acc13f964a520a5d635e3 lesarcades lavazza entres ipousteguy placelouispradel headhurts migraine jeanrobertipousteguy fontainelesoleil
467.0,lesinsus 20151018 smaller 20151018_142542 20151018_143034 20151018_143841 183310 unautremonde 20151018_142507 20151018_151654
1220.0,tangodesoie nuitblanche cuartetolupanar estebanmoreno claudiacodega claudiajakobsen roulottetango lucilacionci rolanvanloor jorgecrudo
325.0,loust j11 toulouse 20172018 stadetoulousain lourugby accreditation top14 lou gerland
533.0,adcet sanscontactnfcollectivites collectivitesterritoriales territoriales territorialeslyonsanscontactnfccollectivites tect appels doffres 280918 renouveler
1371.0,carnaval dragons stgeorges stpaul gourgillon triplette sambahia oye diablesse djette
864.0,foursquarevenue4b50a8eff964a520ef2b27e3 lander bahnen 6575 25082013 bahnenfrfrankreich frsncf fr69rhonerhonealpes frfrankreich triebwagen
1486.0,solatino salsa lhoteldeville fronton storvandre natura orbes dscn0895 img_2286jpg dscn0892
264.0,20190927_191510 20190927_191636 20190927_191630 20190927_191624 20190927_190456 20190927_191456 20190927_190441 想要表達進站前的那個空間序列是很有趣的先進入到室內在搭手扶梯到更下面一層有種天井的感覺 sonores crema
1169.0,foursquarevenue4bc219aab492d13a51f4a660 garet foursquarevenue50c252b1e4b0e8ae07f369cf esu eqaflyon img_0416 img_0418 img_0415 foursquarevenue4bcded7cfb84c9b668db223e cassandra
972.0,colorfull 201754 201773 201715 201760 201761 201784 201739 201777 201758
299.0,fraiche peinturefraiche 7eme international img_8731 img_8781 img_8672 dscf2755a img_8776 img_8680
622.0,exhibitionhall salledexposition centredexposition exhibitioncentre viemoderne 13ebiennaledelyon dexpositionart concertsalle galleryexhibition exhibitioncentercentre
31.0,montthou thou saintdidieraumontdor saintcyraumontdor montsdor qxseries cindre thoux buse caborne
1529.0,ruedeboeuf canonfdn50mmf14 epl2 olympuspenepl2 20120901 iphone3gs img_2461 img_2452 hairdresser lumix1425
1356.0,zombieday2011lyon revolutions plongee hopnn nowhere dsc_013113 reveillon20102011 dsc_013714 canonefs1022mmf3545usm zombie
1024.0,foursquarevenue4bc9b6b13740b713ae185f65 pentaxda1770 samuelasselin bluehours summicronc402 telemetrique rangefinder telemetre riots pointrouge
590.0,19032018 gamebuino 3desserts graphiques transmissions savoie summit region digital hairs
209.0,prend papa pied noel mon je avec
1526.0,navigation dappel ata fila saa 095610 unfortunately 095533 img_2443 flickr12days
360.0,foursquarevenue3462277 foursquarevenue4be26f00b02ec9b6a1004dc0 ssfiv pinaise allie pinestone iomega radiateur sc2 tes
12.0,anniversaire10ans paroissejjpm version img_6496 img_6483 img_6548 img_6470 img_6493 img_6596 img_6477
507.0,otacon 201106 dclyon drupal drupalfr stretch egotrip aod krump budha
838.0,hugopratt pratt gulls 20170712_145919_35504240990_ojpg hugo 1374 20170712_145919 seguin museedesconfluences dailyinspiration
1384.0,feuerwerk borgonha 20151011 foursquarevenue4e2b10dc18a80bb05854e738 alphonse artifice july2017 dartifice scenery lgbt
1582.0,minature placeneuvesaintjean foursquarevenue4bf18e5352bda5931fb0b1b7 lepalaissaintjeanrestaurant neuve fourvievre saladelyonnaise nikok shepard m10
1374.0,foursquarevenue4e0c6336e4cdc8c1cde813c4 feuillee pontdelafeuillee storvandre hausfront hauserfront stadtansicht altbau citee perspektive
706.0,leverdujour leverdusoleil 20161116 garibaldi aube aurore croisement demolition lafayette montblanc
499.0,lextremite img_0641 lamulatiere img_0642 img_0640 fight fil danseuse lightpainting dsc04417
883.0,cabaret encouragements burlesque feuxdartifice tinsel fir dhier christmastree vos 1erarrondissement
833.0,cendree dendrocygneveuf dendrocygnaviduata whitefacedwhistlingduck caneton canonefextenderx2iii 70200mmf28lusm alleedelavoliere dendrocygne flamingos
893.0,foursquarevenue4dd96884fa76ad96d1552b13 rouville newyorkcity placerouville ocean beach kesa nyc sea luminar3
132.0,palaisideal landart artsingulier postapocalyptique sculpturemoderne rawart modernsculpture outsiderart salamanderspirit organmuseum
117.0,industries globalindustries iot rfid global conference lady1010 saiyanfittounsys4l japantouchharu japantouch
1005.0,artifice 14juillet feudartifice fireworks religion juillet feu img_6699 dsc01671 a18_dsc1059
1191.0,foursquarevenue515af769e4b05395d69ae1b2 nelson lang mandela lacollection rip rtlparis nodiscrimination equalityforall repose
442.0,orsi foursquarevenue4c78e16e81bca0938f84fb14 foursquarevenue4be53fe1d4f7c9b671302520 s5 authentic pioggia sole gtfo pierreorsi x100t
323.0,j04 loveubb louubb 20172018 ubb 0envracaclasser matmut accreditation bordeaux baptisteserin
1381.0,dsc_0068 anooki riots dsc_0050 dsc_0073 dsc_0033 crs emeutes pyrotechnie dsc_0057
820.0,yearabroad centauresse faun centauride kus augustincourtet centaure brons centaur pene
143.0,basketball monocyclebasket monobasket unicyclebasketball unicycle uni monocycle basket bron mono
455.0,billy bokeh365 saturnin chaussettes bokey archiduchesse notebook chandeleur cookies makis
1270.0,iakhman krea baika sao krapcrap trafyk01 nigoull casa lilou adelsa
227.0,delph d2xs 81nb studio 99 asmaa 93 wb 74 66
629.0,joueclub 8386 formule1 taillereelle echelle1 f1 lego ferrari img_7032 img_7031
39.0,coldplay img_20160622_195048 concert
454.0,6eme zoo img_9667 img_5818 img_9620 img_9612 img_5772 img_5778 img_9651 img_5799
1449.0,grolektif marinepelligrini bigband saxo bigre nrelax instrument marchetti amphi quartet
1428.0,08122011 nikond7000 om20 i7d_1862 i7d_1101 i7d_1152 i7d_1829 i7d_1902 i7d_1787 i7d_1866
683.0,filmfloat objectifrobotoglitter fingerskate pylones homewood 酒店 丽笙 filmctypeplate objectiftinto1884 ql17
44.0,celline veronic dicaire dion celine ol parc
206.0,quartiermoulinavent 8emearrondissement huitiemearrondissement 8earrondissement 8e huitieme 69008 philibert 8eme lyon8
344.0,foursquarevenue4e0462c82271233b767cec75 demenager kinder parisweb gele 4s 500px o2sources ping lautomne
1573.0,leeloo orthodox crible 20100522dsc_027153463 20100522dsc_034353533 20100522dsc_027253464 20100522dsc_023053422 20100522dsc_033653526 20100522dsc_029053482 20100523dscn526453583
503.0,iphone5 nikond70 mai2014 juil pontraymondbarre raymond modedoux raymondbarre chill barre
940.0,burt bacharach neil hannon naim yael comedy ane dominique portishead
954.0,image00007 p1000030 papejeanpaulii image00006 bougies jeanpaulii rougegorge tourrose img_1003 aerialview
912.0,foursquarevenue4b923235f964a520cdeb33e3 foursquarevenue4c299f829fb5d13ae1719b57 peril clet foursquarevenue4c29a1d8ce3fc9280d0f6f88 paddys marchande rempailleur gorjus endives
672.0,foursquarevenue4e2c4d08ae605c533a409293 roche andy workshop portneuville hommedelaroche 142222 em1mkii lhomme poudre
210.0,varicelle carottes setif puree accroc premiers semaine premieres parti jours
202.0,parra mosese loubordeaux aviron bayonnais romanet biarritz tarbes leguizamon grosso
1119.0,7511 muc institutlumieremuseelumiere bio fresquedescanuts p1110455 p1110438 p1110437 halletonygarnier flight
23.0,calcio gol tor estadio futbol ronaldo hungary goal soccer portugal
335.0,sousterrain partipirate piratee ꝓirate pancarte anonymous pur oullins hadopi perl
1513.0,profonde criteriumdudauphine2014 seagull 10d fiume notredamedelafourviere criterium mouettes dauphine flickrsyncpermpublic
441.0,saintpothin eglisesaintpothin christophecrepet louisbalmet emilebegule peintreverrier staindedglass verrier atelierlouisbalmet placeedgarquinet
600.0,μ43 samyang12mmf2ncs 141854 141827 em10 olympusomdem10 chantier akhtiphoto p1070399 p1070412_stitch
1376.0,amaitsuki jpop ottokar consulaires fetesconsulaires streetband brass chant streetmusicians skindiver
1061.0,phap فرانسه ประเทศฝรงเศส perancis pransiya frankryk fransa franta γαλλια لیون
164.0,miniworld maquette mini miniature img_5243 img_5223 img_5206 img_5228 img_5214 img_5265
1391.0,memography equestrianstatue francoisfredericlemot statueoflouisxiv nicolasandguillaumecostou twoallegoricalstatuesofthesaoneandtherhone kinglouisxiv памятники statueequestredelouisxiv franzosischeskulptur
181.0,20151218_114046 20151206_200122 20151206_191803 20151218_100853 20151218_100819 20151206_200407 20151206_192013 20151218_101550 20151218_101337 20151218_100718
685.0,mauriceravel ochestrenational ravel maurice auditorium brutalist dynamique centrecommerciale modernist peleng
1148.0,marionette defile dance pantyhose collant guignol biennale danse security lips
1068.0,bellevue mernissi fatima leve lysistrata oxygene lilou coles proche rocher
491.0,suuns polyurbaine zonelibrepolyurbaine shannonwright raoulvignal vignal wright shannon marchegare antonserra
193.0,puces marcheauxpuces hoteldelamusique lespucesducanal fleamarket 15102017 coloris gf3 canal angrybird
1293.0,laureth sulfate etse adelsa heho kesa estelle helloo goin kilroy
1412.0,robertogiannotti fieldlight visualarts artvangarde scratches parcheggio sotterranea undergroundparking vacuum foursquarevenue4c2f7ba67cc0c9b6c1c8eb9a
52.0,scooterclublyonnais img06031jpg rallye gones lambretta img06001jpg img06022jpg img06073jpg img06080jpg img06039jpg
616.0,flammes foursquarevenue4c279853c11dc9b66ed82a24 instafrance confluente minibus foursquarevenue507be90de4b08ac08f5062fa autonome 133853 discount 80d
260.0,sharpei figurine plantes celtic irish flickriosappfilternofilter uploadedbyflickrmobile
628.0,photogeorges autrichien signee cabinet demarre darchitectes totalement transforme productions associes
1089.0,hebdo terrorism foule charlie war fhrainc 31mars police manifestation suis
765.0,degel anniversaire jules xperiaz1 broilerkeule canonef24105mm140lisusm rousseau jeanjacques dsc_0337 cendrillon
444.0,gaypridelyon pride gay 2009 2012 2014 2013
1498.0,ruedestroismaries mouleriecreperie leausalee maries moulerie salee creperie 27ruesaintjean 6ruedestroismaries levieuxlyon
632.0,bl biennalelyon ly1215 lyd17 lys1215 igers69 dock lolis invitation photooftheda
389.0,nautibus modelisees visualisation coincee interactive lextension lecteur louest tshirt traces
317.0,j24 stadedegerland ubb wwwsylvainmestrecom matmutstadium lourugby boirongranger accreditation bordeaux top14
968.0,leparadis stroll one life going flickriosappfilternofilter uploadedbyflickrmobile promenade city
517.0,portait panneau pierre jardin structure marron fleurs passage interieur macro
1055.0,foursquarevenue4b65704ff964a52096f02ae3 edificereligieux mosaicos france_vacations mosaici 19jahrhundert imagesoflyon 19emesiecle mosaiques efs1585mmf3556isusm
1014.0,eolight passerelleducollege menestrier ruemenestrier collegedelatrinite bridgeofthecollege collegefootbridge 164509 menestrierpass fusgangerbrucke
144.0,basketball monocyclebasket monobasket unicyclebasketball unicycle uni monocycle bron mono img_4930
1541.0,rassemblementcitoyen lextreme contrelefascisme 16022013 fascisme citoyen fetedeslumiereslyon2013 rassemblement ed droite
245.0,gris1 totipote vice bask blueskeb img_3813 img_3967 img_3938 img_3816 img_3893
387.0,museelumiere museu institutlumiere viagem voyage trip museum arvores musee 2011
337.0,masaryk mazaryk pontmazaryk nightlight vaise 909 img_20140913_163230 905 913 schumann
1649.0,18105 3518 d5300 f18 pape catholique jesus christ dsc00751 dsc_0373
743.0,pond branch branches waters d3100 pelican plants leaf landskab landskapet
601.0,museedeconfluence 133700 surveillant 125656 133545 133557 presquileconfluence commercial 20141017_201536 20150222_050535
1585.0,miniatureetcinema foursquarevenue5022bce6e4b01d9e0f6406c9 foursquarevenue414015 danohlmann perfumethestoryofamurderer leparfum foursquarevenue4b24e320f964a520546a24e3 photographielyonnaise wes lileauxchiens
1536.0,forlight hinten lfl der lyr img_2981 img_2982 img_2994 img_2992 img_2980
874.0,bancarelle marchedenoel jingle foursquarevenue4cf7e26c64e3721e861129c8 123009 xmas natal 2k12 placecarnot christmasmarket
888.0,foursquarevenue4bf6ad4a5e800f479fc0e7d4 lyautey 16062012 gaypride2012 702004l energetictac 1740l foursquarevenue4d9b8e7895d8b1f7b4c6ffce marechal pockets
778.0,pavot pavots waterwell roseraie lucie lucietibolla 100mmmacro kenzalakhdar eunmyeong thelittleredridinghood
1009.0,colimacon лестница scala larchange saintmichel escalera archange escaleras trap treppe
1352.0,lumiees nacelles hinten batoukailleurs nacelle philip rayons multicolor photographefrancais chauxe
837.0,eblida congress librarian librarion ifla wlic righttoeread information library booth
687.0,puma eclairs macarons mat panorama1 thunder basilic lightning citron montagne
593.0,cornelissen robbiecornelissen capacious geheugen mito posible hombresemilla grote het satnofilko
286.0,foursquarevenue4e0462c82271233b767cec75 ventress foursquarevenue4b9d2d51f964a520ab9636e3 asajj projet35 noeud pontschuman lord urba gillet
1511.0,foursquarevenue4b61b8a8f964a520bc1e2ae3 placedesterreauxplacebellecour lightfest fest merciere placedesterreaux 20140529lyon province pourri locean
1604.0,里昂舊城區 20140814_174041 20140814_174115 20140814_174212 20140814_174225 20140814_174104 20140814_174307 20140814_174231 20140814_174030 20140814_174244
1066.0,coquillat fantasques monteedescalier k5 souka totem omalley coles cheminee dav
1484.0,fuochidartificio curiosita originale monumento cinquieme 5earrondissement cinquiemearrondissement feste 5e 5emearrondissement
236.0,renecoty choupinou kaetzchen katzchen katze kitten chaton mignon cycle coty
1204.0,cairn couvet lesboitesnoires cairnenrue clochardscelestes deniscouvet theatredebout denis debout 13e
737.0,parkdelatetedor parco ghiaccio niege neve lyf lyd17 dp1 photos733 regressifs
1385.0,foursquarevenue4c9cf6c59975a1439d2b37cf 1708 xf35mmf14r marechal saonefleuve snowinlyon nightcity urbanriver img_9757 night1
1002.0,fujiacros100 6x9 aurorahdr2018 gw690iii 教堂 mebest gw690 20140529basiliquedenotredamedefourviere acros captured
1027.0,passagere wilsonbridge wilsonbridgelyon ruechildebert clauzel wilson pontwilson qboat lemistral quaijulescourmont
847.0,commandeurs barbier rousses auburn coiffuredesarts coiffeur coiffure betty _mg_7385 alpesrodanorodano
381.0,karite donatien courtmetrage miel julia tournage refresh rv2011 tournage_57jpg tournage_20jpg
1107.0,lavieenrose lyonnaisedebanque societelyonnaise defile fixx livraria foursquarevenue4d77947bbc888cfae61eec73 livros pq panasoniclumixdmcfz1000
1501.0,velha enseignes blasons borgonha juiverie neelsandrine storvandre natura gatas 2008
543.0,roleplayinggames jeuxderoles jeuderoles jeudeplateau octogones percent di6dent octogone games convention
1154.0,piston streetband musicos panterad69 soomsstreetcrew sooms streetmusicians pierrefauriat panterad instruments
1348.0,kermesse monteedelagrancecote foveon mille dp1 marde maudite blackmomille mains omalley
47.0,foursquarevenue4e1c46c062e11cdc74409581 mamilene 6emois ghanima azn instafood asianfood viet fps slima
1589.0,foursquarevenue2592351 lodge evolutions img_2490 img_2492 michelin bistrot mjc corredor _le
65.0,labbaye collonges fontainessursaone poladroid bocuse dsc09630 dsc09640 dsc09634 dsc09629 dsc09639
617.0,explorelyon foursquarevenue4c279853c11dc9b66ed82a24 igerlyon centrevilledelyon mecha arceaux poledecommercesetdeloisirsconfluence frogs decouvrez centreconfluence
697.0,worlderlust worldtravel foursquarevenue4b851cb1f964a5207a4c31e3 flore sightseener sightsee cortex backpacking crocodiliens travelabout
448.0,lalma foursquarevenue4e29c318483bb05f058beee4 canoneos550d tamronsp60mmf2macrodiii thiaffait gouttedeau bea pyl leynaud waterdrop
709.0,brasseriegeorges c215 liveperspectives gewurztraminer foursquarevenue4b968f43f964a5209dd434e3 homeserve brasserie brewery choucroute wednesday
1059.0,foursquarevenue4b65704ff964a52096f02ae3 eliassuper8mm sfeir elias instago all_shots like4like tagsforlikes bestoftheday instacool
794.0,girafon giraffehouse lemuriformes lemuridae hanimex catadioptrique foursquarevenue4b851cb1f964a5207a4c31e3 500mm primates giraffe
677.0,kxp raveonettes nsday2 subsistances ly_34 wound ly34 spectrum nurse ascie
984.0,lyon_2016 hbarrison harveybarrison 20150828canon 20140529basiliquedenotredamedefourviere 22_2916 20180330_181306 20161030_103810 22_2971 22_2954
1621.0,gargoyle masonry cathedralesaintjeanbaptistedelyon pieta saintjeanbaptiste exterior gargoyles glas gebrandschilderdglas reloj
9.0,charpieu odonate edel voilier erythraea viridulum erythromma crocothemis decines agrion
591.0,sites historiques deepweb hotelderegion briques lego region governmentbuilding deportzamparc portzamparc
603.0,joueclub oneshot oneshoturbanartsession bobafett collectifsuperposition urbanartsession oeuvresmurales lemonstr taillereelle echelle1
597.0,135532 ly1215 douanes pavillondesdouanes 135507 135459 balck _dsc1799_dxopl2 midi rambaud
900.0,accrobranche evjf jeunefille leeloo enterrement resto pirate flamme panthere windy
1365.0,broc 14juillet feudartifice antonio fireworks 14072011dsc_2703 14072011dsc_2759 14072011dsc_2658 14072011dsc_2878 14072011dsc_2607
902.0,francophonie thailande atra img11730jpg img11728jpg img11684jpg img11739jpg img11737jpg img11673jpg img11665jpg
1369.0,foursquarevenue684742 voxx 20120831 foursquarevenue4b586fd0f964a520a95728e3 quaidesanvincent lysen picnic charlot day15lyon quaisdesaone
17.0,yanndimauro olor cygnus tubercule schoeniclus emberiza bruant ornithologie cristatus podiceps
1039.0,angelic catholicism winged chretien shiny praying churches christianity wing frieze
1361.0,artifice bretagne icarex img_2821 img_2804 img_2766 img_2816 img_2794 bouquinites img_2799
772.0,20150722 steampunk xml robe retouche oison roseraie dress esby 20130505
720.0,maisondescanuts zijde usingthisphotowithoutpermissionisillegal annieta weefgetouw ellisthorson stof allrightsreserved loom thread
1266.0,nicetiusoflyon historicgothiccatholicchurch paroissecatholiquesaintnizier ruedelafromagerie placesaintnizier eglisestnizier lyonilluminations ruepaulchenavard 2emearrondissement deuxiemearrondissement
1234.0,helloo mado fontencomble heho casa honey karayaga ogay kam carrot
1115.0,lyonfdl2012064 lyonfdl2012051 lyonfdl2012056 lyonfdl2012058 lyonfdl2012043 lyonfdl2012049 lyonfdl2012004 lyonfdl2012028 lyonfdl2012012 lyonfdl2012018
1339.0,l6 swiatynia merveillesdefrance img_1095 rotate fairground exciting hellofrance yourhappyfrance img_1107
383.0,lumieremusee 盧米埃 盧米埃電影博物館 institutlumiere p1010326 20171016_182157 p1010312 p1010286 p1010327 p1010306
330.0,arthurh higelin apesanteur arthur tnp weightless lys1215 chant lazare unbain
138.0,stromainaumontdor espritdelasalamandre oeuvredart ecrase œuvres republiqueduchaos anarchist chaotique œuvre anarchie
1509.0,img_1416 img_1411 fontainedebartholdi img_1417 img_1412 img_1415 lyon20180917122placedesterreaux lyon20180917125placedesterreaux lyon20180917129placedesterreaux lyon20180917127placedesterreaux
24.0,gier aqueducs aqueducsromaindugier chaponost cyclotourisme day016 cycletouring freewheelycom jbcyclingafrica aqueducromain
22.0,pelagie lacroixlaval beauties 25102015 marcyletoile babe laval charbonniereslesbains parcdelacroixlaval cuties
281.0,vhabelfort2025 vhachamberyb2824 bouloche belfort pressense vha laile handball francis gardien
1132.0,flandrin audran fontainedesjacobins coustou delorme fdl2016 jacobins jcobains r8 sirene
800.0,filmdesign xc40 gamedesign cartoon mdh mediadesign annebrugnera essaiauto brugnera nouveaulyon35
471.0,nightwish enemy amorphis img_0648 lyon4 lyon10 lyon6 lyon39 lyon37 lyon29
207.0,gymnast frenchathlete gymnasium conventiongymniquedelyon gymnastics parallelbars olympicathlete yanncucherat bronzemedalwinner sharpei
199.0,liquidation fonderie pression ghetto vandalisme abandone oubli interdite environs urbexfrance
1343.0,foursquarevenue2664681 foursquarevenue4bcb03d2937ca593fbb8a892 specialt capsules ps3 glo online pomf thud u_u
390.0,conventationoftattooslyon piercings conventions creditphotosjonathantmare tattoos rhonesalps convention2013lyon convention bits tattoo
1025.0,foursquarevenue4bfffefbca1920a1c9a5ed81 bendybus img_2525 lafayette bridgelafayette charlesbridgeorbridgeoftheconcert pontcharlesxoupontduconcert pontlafayette porcieuamblagnieu cosi
1123.0,ruedesmarronniers gastronomielyonnaise marronniers foursquarevenue4bb73ace46d4a593b932c7c0 danskala cortex69 cortex mywinners gastronomy dinner
91.0,epoquauto2013 citroenxm xm citroenbx bx xmy3 y3 citroenxmy3 d12 xmturbodiesel
779.0,quatrevents passerelledesquatrevents cerisierenfleur mathedefournoux paroles philosophes coureur lumixgx7 dmcgx7 septembre2015
1545.0,bartoldi م selfies fleurie 1012 20091207 frigno summicron50 502 horses
1575.0,ef70200f28lisusm smugmug 5dmk2 summer2012 foursquarevenue522780cb11d20e37e8084462 alexstoen canoneos5dmarkii delhi heurtoirs picaporte
71.0,extra race course img_3703 img_3679 img_3666 img_3764 img_3789 img_3804 img_3915
1567.0,dsc09870 dsc09869 121francelyonsightssecret 049_365_conference_lyon_longtraboule dsc09868 passageway thelongtraboule adee rhonealples passageways
1631.0,lightshow sonetlumieres essais cathedraldestjean iphone3gs brunovitasse yashicat4 chupacabraart miseenscene evolutions
988.0,ef1740 collinequiprie canoneos400d basilicaoffourviere treuil 2010110105lyon funicular accordion retro funiculaire
226.0,lille auberge ilebarbe thomaspollin pollin httpwwwmonsieurbidulenetlyon foursquarevenue4c2b66628abca5938e140020 herbst ile lile
908.0,20161210fetedeslumieres137 20161210fetedeslumieres132 20161210fetedeslumieres139 20161210fetedeslumieres133 20161210fetedeslumieres136 20161210fetedeslumieres135 lyonfouviere rome gallo lyon20170729290theatreromainfourviere
1261.0,belambra villemanzy clubs lilleoslo reception pr30t maggie andres tristan foursquarevenue4dfe1c8862846d918b99be37
566.0,architectecoophimmelblau museedesconfluenceslyonfrance charpentemetallique panasoniclumix cannondalesv1000 lyoon superv cannondale cyclocrampons rhonealpesauvergne
1289.0,abd ephemere suyer moutrans hopare adelsa malo chico drip cordal
882.0,lasco hantoine johanny sly monteedescarmelites mani patte dodo kken92 quatreheuresetdemieauxindes
1514.0,neigegivre 18341904 dopplrexplore5ka1 statuesculptureoeuvre gelee villevillagearchitecture evento festedelleluci renaudcamus fontainebartholdi
474.0,halfbody danseaveclesstars dals fullbody alizee lorie ballerina songmedleyavion jeanjacquesgoldman singers
1507.0,chazeaux monteedeschazeaux pochoirs dessins popart gemi peinturesurbaines papiercolle aruba sprayart
1629.0,orologio 4star 1star orologioastronomico facciata cattedrale dennis savoldellioscar paramenti compagnidiviaggio
574.0,decorarchitectural awsome vortex thegreencube macfarlane jakob euronews jakobmacfarlane cyclops gruen
1244.0,expolaroid visiosfeirart achetezdelart visiosfeir pepes rueleynaud pretaporter animisme yanina lauratangre
500.0,mulatiere quarantaine 140838 140844 ferroviere lamulatiere ponts ferroviaire viaduc a7
38.0,offside groupama gallerie jef decinescharpieu stadium vernissage ol stade aerosol
90.0,audiovisuel alarm demoli culs bts urbexfrance abandone interdite oubli deserte
1612.0,saintjeanbaptisteetsaintetienne abside p1070605 transetto p1070585 p1070618 p1070678 p1070591 189294 p1070608
1625.0,chrysalides nativity traditional spirituality background faith holy jeantesque savior advent
1269.0,disquaire danger vinyle dangerhouse sonores nuits frencharchitecture bettyvelvetunderground crues marieetlucieblakroc
1199.0,lyonmetrolined belltoweroftheoldhopitaldelacharite placedelacharite jesuitarchitectetiennemartellange leclocherdelacharite charitychurchtower postoffice insert quaidrgailleton laposte
1275.0,basile suyer nkl ernest rpa erpi76 blkm lamoul methyln saveur
380.0,institutlouisetaugustelumiere eqaflyon urlaub تاریخ institutlumiere2054 p1000492 20171017_110952 p1000481 institutlumiere2025 institutlumiere2017
359.0,poweredge img_0100 img_0822 img_0023 img_0820 img_0028 img_0111 img_0112 img_0097 img_0098
530.0,parislyonmarseille garedesbrotteaux lyon6eme geolon485980100 geolat4576721000 plm lyon06 belleepoque brotteaux fetesdeslumieres
105.0,rencontresnationalesdutransportpublic stif chassieu lagglomeration pollutec setram ratp semvatac deconomie syndicatdestransportsdiledefrance
859.0,garelyonperrache alexiscendrier cendrier 123301 brutalisme neoclassical neoclassique lyonperrache ferrocarrilmetropolitano лионскииметрополитен
852.0,chateauperrache hotelterminus plm mercure autotrain lambris terminal majorelle artnouveau canonef135mmf2l
398.0,cia insa cross villeurbanne 2014
11.0,pellicule328 gendarmerieecolemusique pellicule282 pellicule297 pellicule274 pellicule312 pellicule311 pellicule331 pellicule288 belgiumvsitaly
631.0,widewhiteflow 19672017 haacke hanshaacke hans 14emebiennaledelyon flow macdelyon pencildrawing museedartcontemporaindelyon
57.0,ecluse fons pierrebenite bb27000 bb60000 wagons tremies semard citernes plats
834.0,ptdo pelikan pelicano pelicans siesta zoodelyon dientum zoos itsazooutthere pelican
350.0,p1000625 p1000633 p1000639 p1000634 p1000627 p1000592 p1000653 p1000646 p1000599 p1000621
1126.0,streetpainting 113126 113153 foursquarevenue4eb25f4fb8f7fd711e3d2311 girlfriend republicstreet ruedelarepubliquelyon 113203 etam byzance
1465.0,keukenhof carnetdevoyage carnet placedesterreauxlumieres p1050811 p1050808 p1050810 ratusz herakles serpent
997.0,rafale capitaledesgaulles wplyon foursquarevenue4b925372f964a5204cf233e3 tsugi laplateforme tsugiontherhone lastfmevent1534695 riserecording nuitssonores2010circuitelectronique
1295.0,impressions feuxdartifices eglisesaintgeorges saonefleuve passerellesaintgeorges huc arnaudhuc quaisdesaone glissante thehillthatprays
887.0,spasso 2k12 gtx900 v700 2a zombies pancarte bagelstein attack pensionreform
352.0,nhinhi foursquarevenue4be26f00b02ec9b6a1004dc0 bellemaman peer carambar fibre bouillon pez freebox bouygues
1282.0,europeanpairgochampionship2012 maisondespassages europeanpairgochampionship championnateuropeendepairgo2012 championnateuropeendepairgo pairgo championnatdeuropedepairgo championnatdeuropedepairgo2012 rengo joueusedego
1083.0,dimo grab grind transfer nosegrab quaiesdurhone bowl bmx foursquarevenue4bc9aadb511f9521d903aec7 spectator
1116.0,saintpierre renaudcamus romantism romantisme ni 18361904 det vendredi 1877 fantinlatour
771.0,modelbatcat 20120818 valerie landskab landskapet пеизаж taj krajobraz mazingira landschap
213.0,crf soudeurs travailleurs fluviale reportage industriel tdallest dallest reparation bateaux
416.0,pulcherie familles rousset rangot guillermet 20151108 vaugelas velocio burnoud vivie
1058.0,001a 030a 023a 084a 085ab 012a 083a 049b 058a 023b
1379.0,dsc_4768 dsc_4873 dsc_4746 mentures dsc_4807 dsc_4813 dsc_4761 creativity dsc_4767 dslr230
1415.0,losmodernosdialoguesfrancemexique losmodernos mbalyon marqueste kahlo museedesbeauxartslyon fridakahlo frida odalisque modernos
670.0,cityskyline saonevalley atnight privas jardindeschartreux valley chartreux mafate69 зима европа
1448.0,forbiden palaissaintjean luz deividcordova davidcordova rooftops accole dsc_1625 lensblr img_32885jpg
437.0,firework koenig dabondance grenier feudartifice 14juillet fort dsc_7285 entrenchment frtress
1383.0,20150827canon accommodation artgallery favourite stnizier museedesbeauxarts saintnizier 6d00007 6d00039 6d00029
1215.0,regioneo soireeweblocale lattredetassigny inondation tunneldelacroixrousse pontdelattredetassigny trail tourdelapartdieu pieds aube
298.0,supercross tricks motorsport sx freestyle tourdefranceauto race racing indoor speed
1259.0,foursquarevenue4fd883ace4b07d78f91c6026 terrarium canopee visiosfeir artsy permanente tagsforlikes effet childs vegetal
1506.0,enoha _phm0928v _phm5422a07_phm5430 _phm0947v _phm5422a27_phm5592 _phm5422a20_phm5480 _phm5422a18_phm5560 _phm5422a28_phm5491 _phm0840v _phm5422a12_phm5544
349.0,tabacs manufacture universitejeanmoulinlyon3manufacturedestabacs grafoiseaux 8emearrondissement huitiemearrondissement 8earrondissement 8e huitieme 69008
1534.0,img_7521 img_7533 img_7537 img_7351 img_7578 img_7339 img_7494 img_7560 img_7509 img_7373
1042.0,riton medhi echos rob sonore echo plateforme 84 mehdi reno
760.0,paques lyonbotanicalgarden tropicalplants tropicale gewachshaus botanicgarden botanicalgardens invernadero heliconiaaurantiaca brazilianplants
635.0,identities 12e wars lasucriere sucriere img_5249 img_5311 img_5271 chiharu img_5248
62.0,bbq spaghetti porc lasagne bolognese rognon luciole curry terrine pate
688.0,larc 32ieme lauditorium auditorium miniplanet 2013loa lapartdieu tramonto lecrayon etage
1460.0,commba mbalyon artifacts palaissaintpierre mba ceramic лестница scala escalera escaleras
188.0,dsc03371 dsc03374 dsc03348 dsc03319 dsc02723 dsc03325 dsc03343 dsc03347 dsc03359 dsc03342
1413.0,071617 resa 071717 petsounds50 brianwilsonlive infinite boundless bounty thee both
1274.0,blackmomille marines gir sceriffogeek duarte issvan plumedoranger rabbit lilou levasion
818.0,foursquarevenue509d4f65e4b083e9a49dbf7f timbl massdax coompaniongbg socftg socent coompanion salonentrepreneurs erin efs1022mmf3545
609.0,inauguration west8 ecdm pierregautier superblock lemonolithe manuellegautrand erikvanegeraat delusion mvrdv
271.0,cabochon strass bijoux sacs broche resinebronze pendentif accrochesac accrochesacs argente
1463.0,benjuploaderfuphp europe2011 benjnovakreo1 museumoffineartsoflyon odalisque allemagne museedesbeauxartsdelyon imgp3557 imgp3554 imgp3586
948.0,rosaire jardindurosaire cinquieme 5earrondissement cinquiemearrondissement 5e 5emearrondissement lyon5 damedefourviere schnee
130.0,bron 69bron 082 088 092 081 089 090 042 051
250.0,egyptienne reproduction machoire resections dimagerie section squelettes comparaison inferieure squelette
1531.0,vivisection internationalcampaigns causeanimale marmite liebe peninsula solidaire tdallest dallest cause
191.0,astroballe maciel goulamirian kubich shalom javierfrancisco arsen charrat follea patrik
996.0,panoramicview placedefourviere nikond5300 20161211fetedeslumieres007 20161211fetedeslumieres005 20150828canon nikoniste visitevilles favourite voyages
1184.0,clinamen chantants radome richardbuckminsterfuller celesteboursiermougenot bols antonin flowertree festedelleluci logo
40.0,offsidegallery artwalktpa offside groupamastadium groupama decines stadium saimoe cdl veksvanhillik
712.0,periscope 241p17 leperiscope foursquarevenue4d0a89309a443704b017b467 bruitnoir horseinthehouse grandroyale rhoneocean bruit 4dlseurotour
187.0,moso 20142015 allons y
927.0,ampitheater 111717 roma 111701 odeonantiquedelyon cameramakenikon exifmakenikon exifisospeed125 exifmodelcoolpixs9300 cameramodelcoolpixs9300
903.0,antiquaille 113549 113556 1600 triptych _phm5261 _phm5273 _phm5250 _phm5178a _phm5225
476.0,chrd accessoires emilynuddmitchell lamodeentempsdeguerre mesdames pourvousmesdames comoedia capitale lutfi akad
1338.0,lightnings sunking granderouebellecour croatie fetedeslumiere amaitsuki portugal dsc09785 wp_20131207_21_50_03_pro y14
659.0,142936 142123 ollie iphone5backcamera412mmf24 subsistances bal discover _dsc1669 roo _dsc1675
605.0,theorangecube lecubeorange archidose jakobmacfarlanearchitects gruyere jakobmacfarlane 135254 135308 rambaudport renewal
55.0,lentpe 61305mm flickrexportdemo plongee vaulxenvelin piscine 20110126img_9487 20110126img_9460 20110126img_9494 20110126img_9492
722.0,rosenthal roosevelt 702004l bernachon 16062012 gaypride2012 franklin foch coursfranklinroosevelt avenuemarechalfoch
351.0,placeambroisecourtois institutlouislumiere brothersloumiere louislumere louislumiere ambroise courtois henrylee kitlens canonefs1855mmf3556is
750.0,pony rainbowdash fluttershy discord mylittlepony sailormoon serenity cosplaygirl cosplayer cosplay
1434.0,samba btk tambour batoukailleurs knar streetday lyonhoteldevilledelyonquaisdupolar langoisse clac clic
265.0,evalhoest usinesfagor laouleseauxsemelent lhoest lyb yudaev ackroyd victoryudaev biennaledartcontemporain 15emebiennaledelyon
584.0,sx70 jenga wiezowiec gru nrelax nightclub servient origami rueservient tramwaydelyon
1444.0,claudemonet theageofbronze impressionism lagedairain museedesbeauxartslyon etretat bronce impressionists augusterodin camillepissarro
1302.0,cherchons parisart vendue artparis artophilia expolyon 14h0019h onlyt burdeau mercredi
1179.0,attal nina etoileroyale lyytinen erja ninaattal erjalyytinen escarmouche matthieu remi
580.0,maxxo ragga rastafaride gentleman chorus christophermartin jamaican deutch diversity jah
284.0,1watt prestazione pierrepilatte beclaude acting spectaclesartsdelarue artidistrada streetarts artsdelarue lesinvites
1606.0,challenging interest teamyoungmarkof museecinemaetminiature exotic funky leicaq depth xenomorph aliens
435.0,getthoblaster lolbox cafetiereenligne cafetiere caroline electroniques protokaleidoscope composants bastien internet
680.0,glenat 20140927 epic xml evenement septembre cosplay 27 part dieu
520.0,141437 141354 wallride 1160 akhtiphoto gallery jardindumuseedesconfluences ouighour uyghur 20180330_171721
981.0,chamine inverno telhado creditlyonnais escapade arquitetura 20191017 rooftop cheminee 1021
910.0,1guignol minimes moulin guignol dsc09760 dsc09763 _phm5035a _phm5006a _phm5005a dsc_4592
686.0,trublyon seve maurice terrain 4eme college img_3752 img_3725 img_3723 plateaux
1400.0,sarcophageanthropoide necropoledesidon anthropoidsarcophagus phoenicia necropolisofsidon phenicie anthropoide sarcophaguses romanempire sarcophagus
724.0,openparc lazov atp tennis bul arg alexandar kicker kenzalakhdar eunmyeong
844.0,katz gmt0100 monstr mac losange p1030466 p1030453 p1030494 p1030400 p1030409
1524.0,architequture museesgadagne histoiredelyon historique histoire monlyon dsc09764 20150322_020323 dsc09783 20150322_013324
1504.0,300414 vforvendetta dereliction overdid small vendetta jaundice designers actual bedsit
1357.0,nex6 14juillet feudartifice 1855mmis bwahh notredamedesaintvincent foursquarevenue1705445 foursquarevenue4e90593949013919daca2e99 img_0021jpg toweresque
1038.0,navata cripta facciata 2star feste pulpito chiesa 3star festedelleluci citta
519.0,brosset sains stain 6earrondissementdelyon saintes halos pauldarbaut quartierdesbrotteaux halo rib
1172.0,foursquarevenue4cbfe494021ca1438bf15e0c n1 bonshommes carrossel placedelarepublique mostseen p1030008 p1030012 p1030010 p1030017
652.0,hugh temporary novel pratt community tuareg berber graphic touareg africa
1608.0,yard nightview court miniature saintjean museum jean saint vieux vieuxlyon
294.0,1740mm 17mm trotinette parcdegerland trick batracien amphibien velib anoure foursquarevenue4bcafe523740b713f59f6165
1272.0,grappe sw eos450d ballons raw roi xiv september louis placebellecour
482.0,dancers photographs burning swimming swimmingpool pool piscine osmnode6237630996 photographs157 photographs156
896.0,tagged nigth foch blade razor skates blading blades rollerblades rollerblading
493.0,algiers lesfemmessenmelent preoccupations beliefs pill decibelles luyas theluyas camillasparksss camilla
169.0,20160828_140840 20160828_143247 20160828_143357 20160828_130542 20160828_130611 20160828_132532 20160828_135354 20160828_130056 20160828_133946 20160828_143553
1317.0,amazone inert afat manyoly insulte bouda erell sirob magrite toctoc
1566.0,6ruedestroismaries 27ruesaintjean vivelacouleur traboulepasses foursquarevenue4b24e320f964a520546a24e3 maries alley ruesaintjean largestrenaissancedistrictoflyon malrauxlaw
1546.0,20120831 fontainedebartholdi essais palaissaintpierre img_5880 img_9394 img_9397 img_5881 img_9367 u_syo23ic22o2ucio
415.0,labit poyer pleney jeanesperance marcantoine laurencin riolz denuzieres 20151108 cimetiere
658.0,antilles cmtra antillais artifices chartreux 140711 anais paire feux stephanie
1018.0,etb18 2002 carrefour lafayette pontlafayette bridgelafayette charlesbridgeorbridgeoftheconcert pontcharlesxoupontduconcert cristalis porcieuamblagnieu
1399.0,ostende edouardpignonexposition ostend19461953 ostende19461953 edouardpignon edouardpignonexhibition pignon modernart 20placedesterreaux formerbenedictineconvent
1373.0,wallace 4thbirthdayparty wallace4thbirthdayparty criterium ellisthorson dauphine cycling birthday bondy pub
535.0,dematerialisationfactures aperiklub dematerialisation yooz modesaas businessdrink yooz_bdlyon2012_1802 yooz_bdlyon2012_1754 yooz_bdlyon2012_1774 yooz_bdlyon2012_1736
1228.0,trumpet trompet tuba trompete busker brass brassband musicalinstrument instrumentdemusique muzikant
1471.0,foursquarevenue4cdf061641ed224b62cadc3c courdesloges foursquarevenue5148d213e4b0e0a5783e6dd8 romainrolland rocambole lerocambole infini img_2448 placeduchange loges
267.0,foursquarevenue4e0462c82271233b767cec75 pokemongo perpetua fujixfrance gofujifilm teesoftheday davoir defaut hey goodies
235.0,liris blouson dag bulle huile lag foursquarevenue4bc95d5268f976b08a4f5d83 181113 exterieurtransports img_0126jpg
785.0,dietmarfeichtinger passerellemodedoux passerelledelapaix caluiresaintclair saintclair ponton citeinternational longueexposure paix canal
1586.0,trattoria copplestones latrattoriadesaintjean italianrestaurant 133852 cousin latrattoria drance heg dazure
276.0,jeunecreationinternationale iac zsofia zsofiakeresztes keresztes esturillo charlottedenamur rosees massoulier denamur
1037.0,peste храма алтаре верхнего 28mmsummicron с basilika pierrebossan panasoniclumixdmcfz1000 urlaub2010
205.0,asvelrugby m16 20152016 u16 rcpo graphitti stadeboirongranger ozon pixel asvel
892.0,annonciade foursquarevenue4babe131f964a520a1d13ae3 addressstreetplacerouville30 foursquarevenue50c70970e4b0a473e35660a5 campoamor lucys luscious nousvoulonsdescoquelicots amapolas bourgeois
1335.0,_georges _lyon fujifilmco primatialeparish placefrancoisbertras churchofstgeorgelyon cardinalalbertdecourtray charlesdufraine priestlyfraternityofstpeter motuproprioecclesiadei
1446.0,democrite museet athlete brons pene penis nudo desnudo junge knabe
921.0,museesgalloromains archaelogical bernardzehrfuss galloromains museegalloromain fourvierehill 113006 112851 musees 112956
445.0,gaypride cfdt wwwevasionloftcom coursvitton 20100128 canonef50mf12lusm drag acrobates loft vitton
4.0,mashup frontpopulaire lelevant zenfants allonszenfants decines grandlarge nelsonmandela troupedulevant 1936
904.0,parcsutter sutter billboardshacker nourritureboisson ald jlc ganacha capie lannee zorm
1594.0,img_2493 img_2494 ферма 20140628img_1047 dsc_2537_dxo миниатюра 014220cffdf2e0482eca949df10d05fb050e8d3721 421 20140628img_1046 20180409_121002
606.0,salinsdumidi jacob jakobmcfarlane salins groupecardinal macfarlane cubeorange bureaux orangecube jakobmacfarlane
1561.0,foursquarevenue4c6d38f0a437224b8d5e2cb1 carnival familyevent 20120901 parade loge illuminated 69006 lighting coeurdelaville
1131.0,fontainedesjacobinslyon placedesjacobinslyon 20161209fetedeslumieres142 20161209fetedeslumieres143 n1 fierte p1030046 p1030035 lyon20170729021placedesjacobins lyon20170729018placedesjacobins
819.0,marmite solidaire tdallest dallest lautre solidarite association legumes partisocialiste ps
588.0,shannonleto 30secondstomars jaredleto tomomilicevic letransbordeur p1020596 p1020563 p1020604 p1020595 p1020576
1362.0,20180409_123911 20180409_130719 20180409_111838 20180409_114855 20180409_130726 20180409_132920 alpirhone 20180409_103258 20180409_112323 20180409_123950
713.0,flunch againstthelight dsc09915 garedelapartdieu img_20140904_141648 nopeople placecharlesberaudier dsc_7084jpg dsc09907 dsc09913
1019.0,foursquarevenue4bfaa6745ec320a1f9ef8bd3 wilson wilsonbridge pontwilson paddle wilsonbridgelyon ruechildebert clauzel pontlafayette pontdelaguillotiere
1023.0,e510 olympuse510 1260mmf284 miltonmic ef24105f4lisusm neobyzantine paulrodrigues stumbleup rodriguespaul stumble
840.0,arman 20191959 bernarvenetretrospectivve20191959 abdessemed adel venet bernar 14emebiennaledelyon museedartcontemporaindelyon archipeldelasensation
1254.0,corp rules loraine 35mmfilm norulescorp motti casa maskedmask kaos knx
741.0,d5300 plante nuee flamands tetedor tropicale fleur serres dor tete
1502.0,chazeaux monteedeschazeaux skene boot schnee cinquieme 5earrondissement cinquiemearrondissement penguin foursquarevenue50acc2b3e4b05bdb5f79062e
429.0,241 docks morte scaronne locomotive plume 2810 franchit 4035 lierre
329.0,invites kitschnette gratteciels robertgiroud giroud lazaregoujon moriceleroux leroux fauteuils aufait
528.0,placedelhippodrome blandine eglisesainteblandine sainteblandine palm ste sainte roms eclatsdestemps eclat
122.0,boardgame j2s
648.0,mdc lyn lyr 70d img_0051 samyang8mmf35asphericalifmcfisheye diversity 145 149 lyon35
451.0,rnei _5iv8322 _5iv8327 _5iv8338 lyon2014_125 _5iv8321 _5iv8325 laroche lyon2014_90 lyon2014_91
305.0,socopa mursrideaux realiste niveaux terrain clad revetement apercu sunway maconnerie
316.0,cluzo inspector ninkasikaogerland rockfarmers omega codex septic flesh kao ninkasikao
208.0,花都開好了 mimi 3天後玫瑰花這莫大朵 我愛玫瑰花兒 鮭魚加沙拉 特別選ann 最棒的bakery是家庭式的 煎雞腿肉配奶油煎蔬菜 tunel ba是麵包浸在rum裡吃完我也醉了
897.0,lorange maristes carmes dechaussees ultraboucledelasarra pantin solitude cinquieme 5earrondissement cinquiemearrondissement
446.0,foursquarevenue4f900a4ee4b04e174464ec45 riddimcollision2012 httpreptilyoncomreptilyon foursquarevenue4c821a5574d7b60c10fd7cd8 serpent instalike lumilyon capetowneffects pure_solid spo0ky
173.0,blind dsc02681 dsc02672 dsc02700 dsc02684 folded dsc02702 dsc02717 foursquarevenue51ea9fde498e82ecb150766e dsc02670
1472.0,20160622_213149 img_20160622_134121 20160622_154441 20160622_133921_001 luci_0634 festa evento luci delle 05
1312.0,parkingdescelestins foursquarevenue4b61bb38f964a5203f1f2ae3 parkinglot fliper theatredescelestins bliss buren celestins 08122011 _mg_4450
1304.0,foursquarevenue4bd7f3aee914a5938a3a52fa meissonier placemeissonier pleney lemyrlithonii jeanpierrepleney vincentfontan sniff monumentfontainetojeanpierrepleney 161042
718.0,foursquarevenue4b3013cef964a520a1f524e3 foursquarevenue452275 teteatete 280213 pachiredm resto lyria doctorwhoclassic orientexpress restauration
552.0,arlt kernel peterkernel paramount styles paramountstyles tvb thurston monplaisir troyvonbalthazar
296.0,2721 2723 2719
1060.0,basiliquenotredamedefourviereplacebellecour environs merciere province iphonographie euro 20150301_035403 20150301_040348 20140622_091014 dsc08967
1593.0,thierrymarneur patisserielamarquise 20140814_170645 20140814_170536 20140814_170446 20140814_170705_hdr 20140814_170805 20140814_170735 20140814_170509_hdr 20140814_170434
1549.0,bainits refletsmiroir olivia passerelledupalaisdejustice palaisdejustice fetedeslumieres2017 mercimarie quaidesaone archipicturales mvimg_20190714_210748
666.0,tourswiss swisslife oxygene driving 2605 generation swiss journey roadtrip drive
773.0,petal turtle tortue botanical petals nage botanic napping wilted wilting
324.0,footfeminin psg psg1221 psg1400 psg1816 psg1745 psg1544 psg1413 psg1865 psg1249
695.0,voiturepilote alpe b6dux b5uxh pilote publictransport 72062 20181202 ter fra0317
82.0,stefho74 663901 frenchrailways 522396 26130 26108 railways 26189 infra 1024
860.0,5739 alk ok 63 0189 0191 0196 514 0200 0198
1070.0,echecs grandhoteldieu rocher lyn bal bassin pontwilson perenne d7611 filesha1sig7e1e6ea65dfdf23deec3c5d54ff44a78392e3fb4
21.0,lacroixlaval xkrs casino charbonnieres galt shoup gregg latourdesalvagny scanniello foundation
223.0,museejeancouty oiloncanvas peinturefigurative parcourscroises jeancouty couty bernardbuffet huilesurtoile buffet terrassiers
627.0,foursquarevenue4c279853c11dc9b66ed82a24 img_02 kraftwerk img_01 stinkingwolf agnes deadpool decouvrez objectiffoxy devrait
3.0,citernes tombereaux bb27000 wagons e186 beynost beatbox montluel amberieu bolt
762.0,img_2923 20161210lyon083 img_2938 img_2905 img_2942 img_2901 img_2943 img_2899 img_2895 img_2890
59.0,joints pise denduit mortier enduit finition application bouchage badigeon gavage
1512.0,courdassisesdelyon palaceofthetwentyfourcolumns courdappeloflyon palaisdejusticehistoriquedelyon neoclassicalbuilding courdassisesoflyon neoclassicalcolonnadedcourthouse louispierrebaltard palaisdejusticedelyon ruedelabombarde
103.0,s12 ca18et s12community clubs12france ca18det ssrmesh d7200 sigma1835mmf18dchsmart 1835mmf18dchsma 200sx
871.0,marchecontremonsanto monsanto placecarnot carnot nikond7000 foursquarevenue51d84126498e4254c95c0769 20121223015__dsc3073 calorie calin 20121223008__dsc3039
356.0,premierfilm museeducinema lumieremuseum frereslumiere cinematographe cameras villalumiere museelumiere villa institut
248.0,openairmuseum twentiethcentury edouardherriot uneciteindustrielle urbanplanning 20thcentury cityplanner utopia tonygarnier modernist
339.0,foursquarevenue4b7ece04f964a520ce0030e3 lyonvaise 82500 garesncfdelyonvaise xter 72500 73500 foursquarevenue3672791 b82500 depot
786.0,felismargarita chatdessables chatsdessables inseparableajouesnoires psammomysobesus ratdessables inseparable agapornisnigrigenis img_3689 img_8282
365.0,lotv perpetua bide carres tetris norah allo coming detente selon
644.0,stadler t3 rhonexpress n106 electricrailtransport trolleys n075 rhoneexpress villette tango
1224.0,brick cement bricks writing hipster vine vines ivy apartments stones
142.0,demeure saintromainaumontdor 999 chaos contemporain img_5340 img_5358 img_5360 img_5354 img_5373
287.0,adhok pointdefuite fuite parapluies invites artsdelarue lesinvites parcducentre vuedelacheminee umbrella
854.0,112012 d2xs lyon_2016 hbarrison harveybarrison quaidurhone luniversite 22_2872 22_2870 22_2869
557.0,blackwhitephoto portictac wildlfe tdallest dallest avenuegrandebretagne dock cement tictaclanuitdestemps img_20170928_184942
15.0,phalacrocorax carbo foulques macroules cormoran ornithologie cristatus podiceps grebe huppe
475.0,worldwired metalmusic metallica tourfrance kirk lars halle garnier james tony
233.0,img_5564 img_5542 arpet img_5569 explicit img_5567 p1010523 iso800 img_5573 dsc08771
101.0,hellaflush stance fatlace slammed canibeat limonest flush illest helladrift hella
1164.0,facadeslyonnaises 20161209fetedeslumieres154 20161209fetedeslumieres155 20161209fetedeslumieres153 tourne republic lambrequins jalousies _itl2845 dsc_6923jpg
777.0,artifices saintclair ponton caluireetcuire isb passerelledelapaix viaduc refletsmiroir canal bahn
663.0,gallery culture phap فرانسه ประเทศฝรงเศส perancis pransiya frankryk fransa franta
1580.0,gaelic southoffrance gaelicphotographies gaelicfr suddelafrance 20090703lyon gaelicphotographer gaelic69 gaelicphotographe fotos
744.0,ccc auditoriumlumiere citecentredescongres salle3000 auditoriumdelyon auditorium salledespectacle renzopianobuildingworkshop ef135mmf2l lucietibolla
728.0,tuk noty myet aroz rapproche devorer devoile cachecache img_1072 img_7941
1227.0,jade biennaledeladanse asmaa placebonaparte predebellecour placenapoleon placelouislegrand placedelafederation ainaydistrict placedelegalite
1004.0,firework feudartifice 14juillet leverdusoleil rooftop tombee samsunggalaxys9 fdl2018 larchange colimacon
375.0,villeurbannelyon axion axionlive axionlive2 electrodub toitoilezinc 69100 axionesti frculture td
642.0,dmc12 delorean future hoverboard 144209 144633 154106 154258 futur touaregue
376.0,diablo3 foursquarevenue4be26f00b02ec9b6a1004dc0 lacte multitasking mom lab omansour kzukzu _ doudou
480.0,agathe tokyo p1010609 p1010620 p1010719 p1010594 p1010613 p1010730 p1010664 p1010735
915.0,20161210lyon003 regen wilsonbridge wilsonbridgelyon ruechildebert clauzel p20 clocks courmont chrismasday
354.0,bbox foursquarevenue4be26f00b02ec9b6a1004dc0 newsletter saintvalentin valmy debit sc2 bride parce pho
374.0,toitoi zinc monofocus highgor electroswing balkan electrobluesforain frenchrap tzigane hh
923.0,museomix 114358 113904 galloromain _dsc1563 _dsc1557_dxopl2 114340 _dsc1557 _dsc1563_dxopl2 _dsc1562
510.0,080416 smac brainbow ws bojan schnabl alexis spl kinder fur
964.0,arosa 20140530alongtheriver luna dsc_0442 barbereich lungofiume oberdeck speiseraum along royans
1001.0,img_2719 jk img_4691 img_7250 img_3984 img_7244 img_2724 쥘리앙 img_4719 audrey07
675.0,ascie af1750mm img_20150130_173834 xr lati ld aspherical 1750 sam sp
1640.0,fetedeslumiereslyon2016 fetedeslumiereslyon2013 fetedeslumieres2014 fetedeslumieres2018 fontainesaintjean basilque details basiliquenotredamedefourviere 2018 claudelina
1633.0,placedelareason placedutempledelaraison saintpothinusandsaintirenaeus saintjohnthebaptist pierredebourbon bourbonchapel cardinaldebourbon defacedstatues defaced lyonastronomicalclock
1619.0,godsdienst heilige visages kerk multiples schilderij gemalde basiliek faith martyr
740.0,encre naturel ink contraste natural sombre contrast flamant shadows arbres
1408.0,tapestry modernart macaoateliersinoportugais dekorativekunst macausinoportugueseworkshop decorativearts artesdecorativas artsdecoratifs 20placedesterreaux formerbenedictineconvent
736.0,oies nette lacduparcdelatetedor avantgout ornithology grebe huppe agrion geese oie
1466.0,300414 poirier lachambredemmeguimard placedelhoteldeville throughthewindow mbalyon museedesbeauxartslyon panasoniclumixfz1000 mobilier dmcfz1000
963.0,1968summerolympics rhoneswimmingpool 8quaiclaudebernard gamesofthexixolympiad centrenautiquetonybertrand alexandreaudouzetabourin quaiclaudebernard lyn img_20151129_005204 irlandais
1301.0,worldwide habibi karayaga jarmolaine monkeyworldwide heho casa helloo cal decasa
1485.0,saintpaul _phm5666 _phm1217 _phm5640 _phm5631 _phm1188 _phm5635 _phm1211 _phm1201 _phm5672
805.0,benvautier indianhightway 20161022_135427 expo_ben_lyon27 expo_ben_lyon23 expo_ben_lyon20 expo_ben_lyon4 expo_ben_lyon9 expo_ben_lyon30 expo_ben_lyon34
1395.0,foursquarevenue4b5e0a3df964a520817a29e3 renaulttrucks anamorphose handicap equestre runinlyon lightfest fest streettogs qualcuno
197.0,villaberliet jacquesgruber louismajorelle bouvet berliet ferronnerie montchat majorelle ericbouvet soardi
1099.0,variotessartfe1635mmf4zaoss variotessartfe41635 sonyalpha7mkii 114019 _dsc1750_dxopl2 114113 d300s atreides cedriclafrance atreides59
504.0,img_2043 img_1994 img_1995 img_2026 img_1987 img_1993 img_1989 img_2005 img_1998 img_2017
373.0,ccojeanpierrelachaize deathcore trenthafdahl anthonynotarmaso aftertheburial oceano justiceforthedamned adamwarren europedesolationtour cjmacmahon
949.0,redtile grems nielskristianphotography echec france20122013part2 chess basilque watching irises alpen
922.0,museegalloromain cavern ramp chairoscure void lyon18 functionalism massive skylight railing
623.0,darth sketches emmalavigne chewbacca 14e vader han jar leia carbonite
1147.0,cabella comm dartifices morgane feux troisieme rassemblementbellecour e420 democraciarealya oeil
321.0,pallez kenstephenson laurapallez ken stephenson pelay nicolaspelay internationalsummerschoolofmathematicsforyoungstudents issmys pegs
693.0,tdf1320 avondetappe tdf13 thepencil araldocossuta 1970s lecrayon tourdefrance united blu
102.0,sigmaart marumi ta22 sigma1835mmf18dchsmart 1835mmf18dchsma d7200 corolla celica 1835 is300
461.0,
1601.0,meurtrier visions olhmann parfum miniatures dan york section animatronique alien
933.0,nuitsdefourviere2012 c2c rodrigoygabriela metronomy gabriela batailledecoussins twodoorcinemaclub gariela cuba nuitsdefourviere
160.0,urbanite criseeconomique peripherie suburbia institutuniversitairedeformationdesmaitres manoux iufm urbanismesocial declin recession
478.0,metallica thrash thrashmetal showrock showmetal heavymetal hardrock rockshow arnallephotography concertlive
941.0,profan romanruins letheatreantiqueromaindelugdunum battle theatreantiquedefourviere locations amphitheater pjharvey dsc_5434 dsc_5431
558.0,appuyez fuschia maroon plants plant creativecommons commons lizard roses creative
395.0,ragda huma 24h insa slide filmiso1600 developerbrandagfa agfarodinal filmdevrecipe6531 jennifer
1305.0,kraftwork2 0681310936 visiosfeir dinformations tang eliassfeirphotos fp3000b gamme proposes appeler
872.0,einstein neococo sessao thelonious tweak bouillet monk dd 69004 vista
824.0,whistling sundaylights fulvous flamantrose flamingo coin sortiephotodu7052016 duck aves dambiance
998.0,20140529basiliquedenotredamedefourviere blackbnw nikon1424f28 olivierthirion img_6921 nikond3 bigkids 20140529 blackandwhitephotography blacknwhite
48.0,dieppe puy etretat jmoulin falaises rogue lizieuxle collonge hougue omonville
1185.0,dscf1795 612250041 dscf5229 1302170500 612250053 dscf2770 1402080488 dscf2584 1302120449 712270142
1233.0,rockgarage lescapucins byebyetheresa sebproduction theresa bye lambrequin capucins rock d800
1613.0,evolutions duomo img_0069 img_0089 img_0060 luci_0659 img_0094 img_0062 img_0085 img_0063
619.0,marinebertrand purplesea88 lovepadlocks diving redhead darse plouf padlocks plongeon bertrand
1555.0,courtyards bredz breadshop boulangeriepatisseriebredz bril lyon5earrondissement shops beaune handsome gezicht
1467.0,patriotic lafetenationale patriotism quatorze bastille firework nighttime piece feux artifice
957.0,role politiques democratique deficit lunion partis colloque europeenne quel objectifhelgaviking
971.0,dinh negociants 173545 palestine demo foursquarevenue4ceffd635de16ea8d59cc396 _dsc1467 foursquarevenue4bdaf355c79cc928c85c80e9 pascraquer legrandcafedesnegociants
189.0,20160305 foy bulles sainte xml bd retouche convention mars cosplay
314.0,foursquarevenue4b774962f964a520f98e2ee3 sonataarctica heavenshallburn inarkadia triosphere 19032017 flickriosappfilterflamingo flamingofilter 12032017 marchet
989.0,durham ruedelalma england bowing lookingaway lookingattheguide headsonhead durhamcathedral pallasathena haircut
977.0,anemones coquillage dail oignons coloquinte grenade fines citrons garlic fraises
1438.0,sangomaeverett quartet fanfare espiegle perystile spoutnik sheriff reprend dorchestre lopera
521.0,brasseriedesbrotteaux ceramiquesgilardoni placejulesferry ceramiques journeedupatrimoine lyon6eme cafehistoriqueetpatrimoniauxdeurope 1914 plm patrimoineduxxemesiecle
822.0,peri fascisme beklimming ventoux violences gabriel 1966 cameraman muur iphone4
1558.0,foursquarevenue4c3a2a2793db0f475db02492 mouettes footbridgeofthepalaisdejustice bridgeofthepalaisdejustice courdassisesdelyon palaceofthetwentyfourcolumns courdappeloflyon palaisdejusticehistoriquedelyon neoclassicalbuilding courdassisesoflyon
1510.0,damphitrite motusmodules inauguration reveil aerienne rhnealpes nikone5200 img_2302jpg img_2304jpg edificis
1311.0,jim prizmu sunnyjim torned wk interact znl poissone bekille wad
768.0,carnivorousplant plantacarnivora carnivorous wildlfe plantecarnivore carnivore tdallest dallest squirrel waterlily
8.0,waroux mesanges oisillons mesange cedric meyzieu exportdsc09593jpg dsc035862 exportdsc09600jpg exportdsc09540jpg
661.0,labbez musae 145348 antarctica confluences_201516 carnettiste confluences_20157 confluences_20154 confluences_201519 confluences_20152
1639.0,centrehistorique lowlight lyonfr69 andouillette salad curdled osmway136200148 fullsizeoutput_9d4 lyonaise lione_cattedrale_dei_santi_giovanni_battista_e_stefano
469.0,enfoires 2012_43 2012_11 2012_01 2012_04 2012_14 2012_27 2012_24 2012_10 2012_09
1453.0,foursquarevenue4b61bda1f964a520ca1f2ae3 يشبهگ foursquarevenue4e086d53e4cdefcff6e1bb27 fracia escudodearmas _itl2832 الشكل img_20150806_170121_hdr skatetrick بـ
1461.0,nudity saintpierre statuary fine classical patina bathing bathe arched greek
1441.0,foursquarevenue4b61bda1f964a520ca1f2ae3 instacute beautifulday picofthenight lyonopera instapic lopera ptit balloons instalyon
935.0,eltonjohn elton hadrians filemd5sum5173574a3ae7f8b0996d0597be076da4 filemd5sumcd595a37c92b35a3f34e56a80ac70a9e filesha1sig7a82694cb8092c5a81a65bf4bfdd980e3c45ca4d filemd5sum12bd93ededd046b5508fd3b449a43816 filesha1sig27ea8bd8148a110a2751a4d8166ac936127adaf3 cosplaysexy dsc_4127_s
1200.0,lyonplaceantoninponcet charite poste clochertour poncet antonin wp_20160616_14_45_42_projpg wp_20160616_14_20_45_projpg wp_20160616_14_30_25_projpg wp_20160616_14_30_01_projpg
107.0,foursquarevenue51025e34e4b01fa7d9bf54d7 imagesofsirha foursquarevenue4ba3b340f964a520ed5538e3 buss autocares poumpoumfafa chuiafon autobuses bussen autocardetourisme
393.0,ffg baduk weiqi tanguy goban enfance 20141003_155603 20141003_155713 20141003_155201 20141003_155911
332.0,cassin gorgedeloup immeubledebureaux tertiaire loup gorge monnet termsummeri countryfrance regionwesterneurope
808.0,salonduchocolat robes defile chocolat citeinternationale diplome cpe yes can places
582.0,miiaou mademoiselle eos7d prince k geomap furyuk snap concert music
361.0,sd foursquarevenue4be26f00b02ec9b6a1004dc0 uc seven pierrade sc2 xd pt bref nppt
544.0,micros lyon07 nanofetedesmicrosbrasseries brasseries nano bio 7earrondissement 7emearrondissement septiemearrondissement thibaudiere
542.0,octogones octogones04jpg octogones02jpg octogones03jpg octogones01jpg j2s octogones16jpg octogones08jpg octogones17jpg octogones07jpg
620.0,img_20181111_155800 balancoire crise rires video
1161.0,tetedoie foursquarevenue4c267e513703d13a9a83a536 experimentations дома christiantetedoie холме крыши etudiantes harlequins lumix4k
759.0,petal petals botanical lilies cacti gardens lily succulents plants succulent
410.0,foursquarevenue4c7d15daf56a37043ead0946 saintcharles equipedefrance championdumonde pieton akira artup tolisso fekir soccer
219.0,042014 fauve decided caluireetc fortes 20141107_221331_hdr 20141107_223249_hdr 20141107_213617_hdr strong decide
1574.0,placeneuvesaintjean ruedubœuf rueduboeuf motorbike letirebouchon _dsc1020 _dsc1029 20190604lyon41 lefrancoisvillonrestaurant img_1866jpg
292.0,ariana hotelariana hdr2 gratteciel villeurbanne gratte images projet hotel mosaique
723.0,championships viatcheslavekimov campagnolo deanwoods michaelhubner nztony colinsturgess nikolaikovche worldcyclingchampionships1989 eastgermancycling
6.0,charlotte1403 marionamua beautyboxalamercery filmdtypeplate grandparcmiribeljonage перпиньян устрицы perpignan устричнаяферма oyster
2.0,corbas colza ble perles campagne brouillard gouttelettes sunshine baies dscf8795
326.0,fusball groundhopping saison0809 101208 bayern 0574 spiel0574 fcbayernmunchen championsleague asnancy
1211.0,printingmuseum printingpress printing museedelimprimerie gilles7 foursquarevenue4c0f627898102d7ff41ee506 limprimerie 3rdmay ephemera beatles
68.0,tangledfx boardgame j2s
729.0,weefgetouwen canoneos40d ambacht mariannedewit looms bobbins silk canuts maisondescanutscom ga645zi
1587.0,manecanterie artroman rhnealpes eyefi dsc_2571_dxo dsc_2570_dxo takeaway dsc_5442 mvimg_20190705_105331 lyon7627
710.0,iledusouvenir lyf krieg steen stein chic islet oorlog oorlogsmonument memorial
559.0,jeanpaulviguieretassocies novotel aamco 1127 watergarden 1133 1131 robinissartel 1130 1134
565.0,154700 _dsc1883_dxopl2 raymondbarre filtrepolarisantcplpro nisi dscf3897a dscf3904a _dsc1883 nikoncoolpixp7100 160_nik
682.0,brutalist leshallesdelyonpaulbocuse carpark modernist showtime img_20140905_100518 lyon2014_169 fruisy lyon2014_168 halles
958.0,camargue arosaflussschiff pontdavignon flusskreuzfahrt distlilleriemanguin grottedelamadeleine lavendel stiere stella pferde
1525.0,museedesmarionnettes museedesmarionettes musees gadagne lyonoldtown cinquieme 5earrondissement cinquiemearrondissement cristal 5e
136.0,photosphere tinyplanet vuepanoramique ext planets 360degres virtualvisit organmusum alechemy panorama360
111.0,img_2578 kokoro img_2580 img_2571 img_2568 img_2573 img_2570 img_2579 img_2539 img_2577
274.0,69100 placewilson genets 2jpg brique img_3394 nikon18105 4jpg img_3396 industrielles
951.0,foveon morez hulot dp1 emily adelsa rules ofe img_20151017_141053 keaton
1292.0,micheldas das latelier vitet paint pavedconfused gnr img_0838jpg middleoftheroad dustinthepin
259.0,moso 20142015 skindiver sharpei helson allons decue vieillerie machuree seiko5
1451.0,20161209fetedeslumieres104 20161209fetedeslumieres110 20161209fetedeslumieres114 20161209fetedeslumieres106 20161209fetedeslumieres113 20161209fetedeslumieres109 20161209fetedeslumieres116 20161209fetedeslumieres105 20161209fetedeslumieres103 20161209fetedeslumieres107
905.0,guillem sylvie bjork adieux montanari emanuela vulnicura maliphant khan techne
1597.0,20140814_174159 20140814_174135_hdr 20140814_174149 flickriosappfilternofilter uploadedbyflickrmobile
1277.0,kontakt geolon482960835 geolat4576808240 20160807 placegabrielrambaud martinere dupasquier frencharchitecture дерево martiniere
509.0,wellnesssportclub theatretetedor saxe avenuemarechaldesaxe avenuemarechalfoch marechal foursquarevenue4cfe8c78feec6dcb359d5836 transitpriority jacquelinebœuf abribus
1316.0,debordement foursquarevenue4bb511f6f562ef3bed702e97 comments eyefi privee filmblackeyssupergrain img_5693jpg img_5704jpg assistant img_9145
920.0,visitations taggee plongee dsc09743 img_3318 friche antique odeonantiquedelyon brin denfant
258.0,win_20171130_14_42_50_pro win_20171116_09_51_32_pro win_20171130_14_42_47_pro win_20171117_08_06_54_pro win_20171116_09_46_21_pro win_20171116_09_42_41_pro win_20171116_09_42_58_pro win_20171116_09_47_10_pro win_20171116_09_42_42_pro microscope
511.0,stsacrement renouveler initiative appels doffres sacrement sewers egouts forum 20141011_131251jpg
732.0,aerial و img_2533 img_2534 img_2539 img_2528 img_2554 img_2536 img_2540 img_2537
1007.0,minor neoromanesque neobyzantine базилика ハシリカ bazilika βασιλικη البازيليك unescto krypta
1323.0,dzia wad zouchka climber koerkel abys bea pyl name piho
1326.0,blitz_lyon behaviour vitet teenager romualdetpj teen igerlyon tennager drawingart tailledouce
1557.0,krapo krapos cuivre dabord krapotte saxophone fanfare trompette finit then
119.0,miro scoop foire mickael epoquauto2019 voituresanciennes cadillac ludocare innovalyon ironmaiden
514.0,herzog meuron ilot3 afaa tatiana bilbao a3 ilot transformations plateau
594.0,125200 mejika regeneration lightsfestival francefrancefrankreich 1400 lfl 1016 1015 graissage
377.0,ban foursquarevenue4be26f00b02ec9b6a1004dc0 dreamhack victoires nimporte burst m8 quit sc2 rage
1634.0,documental espaceslatinos documentaryfilms documentaryfestival espaces latinamericanculture filmfestival latinos maisondesjeunesetdelaculture mjcvieuxlyon
539.0,1ermai vegan jeuns dos solitude rauky perl toolchain pts seul
639.0,heurebleu mvimg_20190706_113605 egyptologie pano_20190706_114026vr mvimg_20190706_113604 egyptology bearded museedesconfluences nicolassavignat confluences
1135.0,sanctuairesaintbonaventure ruechampier conventofthecordeliers jacquesdegrolee ruegrolee stbonaventure eglisesaintbonaventure rueimperiale foursquarevenue4c8ec6a5b3bcb60c1d805c27 bonaventure
306.0,silent covered frozen img_0193 img_0229jpg rentrant img_0196 nose pleasant paving
1189.0,foursquarevenue4fb21dc1e4b03516ff419139 quotesrevisited followers selfy whipet quotes greyhound instadogs rtlparis tinkerbell
1051.0,choirloftview catherdral loft choir 121723 views rivers bells cripta crypte
1421.0,laser img_3518 img_3513 img_3516 img_3485 img_3514 img_3487 img_3486 img_3483 img_3472
283.0,carrezola lyonvilleurbanne studiopouretudiant studioetudiant appartementetudiants lesbellesannees accomodation appartementetudiant locationappartementetudiant locationetudiants
468.0,rihanna struttour lennykravitz lenny kravitz kravit concert en
1279.0,foursquarevenue4b914adef964a5208cb033e3 laurier myet dagagounet reveur skene woup inthewoup lilolou zorm
607.0,mortvivant sang dead blood regeneration poledeloisirsetdecommerce zombie fuksas vergely lyonislands
45.0,lepiceriemoderne melvins electricwizard lastfmevent1782420 lzpiceriemoderne sludge themelvins lastfmevent2021081 osborn doom
1392.0,deminage handicap international img_8264 img_8270 img_8222 img_3964 img_3966 img_8244 img_9797
1127.0,toffre formatcarre pivoine placedelabourse img_3153_dxo 20131209_203057 20131209_203204 20131209_203335 _itl2836 20131209_203231
1310.0,carnivalesque img_2956 savon foursquarevenue4ba3c264f964a5203e5c38e3 bubble bulles bubbles polish carnival talk
1268.0,martyrdom амфитеатр stblandine amphitheatredestroisgaules руины круарусс theromanempire antiquity gaul martyr
679.0,dieu8095 dieu8000 dieu8054 dieu8035 dieu8121 dieu8030 dieu8084 dieu8041 dieu7989 dieu8106
553.0,mta capitainerie 06102017 architectes mjc canonef135mmf2l dsc010733 1118 1113 mjc106
1403.0,marchesaintantoine sarabande magnificient quaisaintantoine marchedesbouquinistes saintantoine lauramarcelaarias bouquinistes oeuvre panasonicdmcfz1000
161.0,lautresoiecco cco villerbanne jungle soie autre img_9297 img_9285 img_9387 img_9311
1201.0,2875 dynag decale mag apreslapluie aftertherain gore laverse octopus fees
522.0,garagecitroen jeanprouve georgeswybo sudarchitectes wybo mauricelagrange prouve newdeal bremond ravaze
898.0,decourtray contest cardinal roller descente erable img_20170207_152531_448 img_7144 img_7213 img_7183
890.0,boiteagants ophelie desmazieres mariagasca laboiteagants gasca photoshoot gants foursquarevenue4cca781415bb9c7431b15885 spinning
700.0,marketing redbull advert bull driving 2605 journey roadtrip drive etape
704.0,garibaldi grapinet demolition huitres hallespaulbocuse oysters lafayette halles 69c5f166d8de40c3be0eaa3a6dd2f260 lyon252
735.0,auracolors_official sleepingbeauty lyon_focu biology strangerthings etrangete instafollow naturephotography autum fesses
49.0,foursquarevenue4e1c46c062e11cdc74409581 toys maxi rillieux crevettes pluriel moms conjugue cardiff nems
999.0,122430 122543 122404 122422 122353 122512 122505 122342 122323 122904
1404.0,mathiasaugris maximecharveron jeremygranieri streetday bmx _dsc1273jpg laviedeloeuvre lumieres20111210039 lumieres20111210035 hanswaltermuller
158.0,maisonduchaos photosphere tinyplanet ext 360degrees planets capitalism 360degres organmusum alechemy
809.0,aerien statuesculptureoeuvre villevillagearchitecture dhiver dsc_1006jpg dsc_0987jpg dsc_0995jpg embarcadere img_4882 dsc_1013jpg
1091.0,lerangdhonneur vero marde maudite kilroy brun marquise phrase tubemodedoux 20130705
1273.0,arena gauls seint morue amphitheater rome gaules three mo grate
1249.0,parkingdescelestins lescelestins lton miroirdescelestins foursquarevenue4b8a84caf964a520567032e3 celestin celestins theatredescelestins puit comedie
716.0,corails usi uic 81729 22392 6551 clermontferrand naar 22397 automoteur
35.0,
1624.0,domkyrkan domkirke emeraldcruiselines kathedrale 20120901 cathedralesaintjeanbaptiste baptiste primatialesaintjean rhoneriver rivercruise
137.0,prologue espacealbertcamus pcb housewife mamzelleamandine mamzelle amandine act opening bayadere
1337.0,barjot frigide pferd canonef135mmf2l 08122010dsc_0243 rouelyon amelia dsc09790 dsc09793 webserie
885.0,newyorkcity nicolasdelange ocean carmelites beach nyc sea charline chana newyork
239.0,img_0234 img_0236 img_0222 img_0239 img_0233 img_0237 img_0238 img_0201 img_0231 img_0228
1483.0,rival renowned lyonbound buried suspenders churchy werent communing dsc_1020 hijinx
277.0,foursquarevenue4f951650e4b020d1a4664ff8 portalis recording yeasty tachka mikrokosm fincher strings capot jaguar
978.0,artichauts lisianthus artichoke asperges bonnat voiron vegetable raisin meringues meringue
987.0,cile forcast 里昂富維耶聖母院 meteo gratte aurore lyon2013 leve schnee timide
1300.0,bracketting synagogue pleinair season gel 20161209fetedeslumieres049 anneaux saison tilsitt glace
1318.0,foursquarevenue4de083f13151d414eb20e8be grandecote monteedelagrandecote dorigine 20150124_150504 20150327_144715 conserve 20150327_144734_20150327145038703 deambulant 20150124_150512
513.0,220110 cupcake 500x500 bluecarpet cuppie goldeneyes redhair turquoise kitten kitty
86.0,lautomobile malartre porscheracing alltakenbyme flat6 flat4 personalpictures carswithoutlimts henri 20191017
966.0,foursquarevenue4bfcb4fbe529c92899efb98c foursquarevenue4180431 juli sommer reno summicronc402 luniversite leicamtyp240 telemetrique wetzlar
501.0,leslions aigles lesaigles hockey patinoire lhc charlemagne lions glace nice
711.0,smarter daniere plenary detention matsuri 夜高あんとん yotaka 福野 handon fotos
1067.0,origo 4eme img_8408hdr img_8393hdr beckett img_8401 img_8380hdr img_8366 img_8447 img_8426hdr
1232.0,rubys capucins lawless cafedescapucins lawlessblossom 012111 blossom jack lex sten
422.0,201204 avalanche sarra competition ultraboucledelasarra piste proutpeople urbantrail mountain vtt
385.0,lightcelebreation2012 canonef70300mmf456isusm ps partisocialiste imgp7232 imgp7350 imgp7229 imgp7322 imgp7240 imgp7253
1496.0,uithangbord juiverie ruejuiverie patrimoinemondial 1294 1499 werelderfgoed unescowelterbe thomaspollin pollin
366.0,charpennes hernu placecharleshernu charleshernu eclairagepublique olympusmju2 doue compact antiquecamera batman
14.0,blongios minutus nainixobrychus yanndimauro ornithologie jonage cinerea cendre etang faune
440.0,phm stooner dec stonerlyon guitar rocknroll ninkasi stjust garage gerland
1581.0,cathedrale_ saint_jean_01_lyon gothicarchitecture saint_jean_13_lyon saint_jean_11_lyon saint_jean_05_lyon saint_jean_17_lyon bibliotheque_39_architecture_medievale 03072011dsc_0162 saint_jean_10_lyon
1287.0,forez foursquarevenue4e8abebccc215b036827ee40 fleamarket unposed fuse shutters prudent placeduforez latte dsc_8012
1286.0,expoeaudanslaville eaudanslaville fujifilmx30 aimprimer bouliste salute pentecote onlylyoncom firstworldwar lyonfrancefourvierebelelcour
660.0,adoptes racinescoreennes 20120127 bml linnovation shoppingcenter shoppingcentre fabrique indoors rostan
937.0,damonalbarn festivaldesnuitsdefourviere 114032 battle nuits4jpg mextures nuits6jpg nuits3jpg _dsc1560_dxopl2 nuits7jpg
357.0,mlg foursquarevenue4be26f00b02ec9b6a1004dc0 banshee ck sc2 win raison xd mi twitchtv
216.0,httpwwwmonsieurbidulenet httpwwwmonsieurbidulenetcaluireetcuire berlin cuire artmonaco artmiami travailler concret backwards pd
128.0,20131104 ipb diplome foursquarevenue4c3ca3687d00d13ad32f3950 computercookingcontest ecully heads culinary gala 101427
1319.0,whoareyoulutralutra cremaillere beatles expressionlibre whoareyoulutralutra_081_1411201038 whoareyoulutralutra_016_131120109 whoareyoulutralutra_019_1311201011 dsc_0479 whoareyoulutralutra_051_1311201027 whoareyoulutralutra_038_1311201019
1108.0,r0016615 foursquarevenue4b9be4d0f964a520893236e3 img_2143 stockphotography lightsfestival wwwmyplanetexperiencecom myplanetexperience mercimarie fetedeslumiereslyon2013 artistic
1382.0,unewco timeofday anooki lassaut structuresarchitecture equestrian equestre typeofstructure facebooknationalphotomonth2011 reves
598.0,communiquez entrepotdesdouanes krijndekoning dekoning wilmotte jeanmichelwilmotte koning frog siege brendanmacfarlane
1344.0,placesathonay sathonay lampion img_0731 img_5129 damspub img_5133 img_4418 zion img_9150
241.0,dauractionfrance vœux img_20170202_200205 osmnode3647143363 img_6998 img_20170409_180142 img_20170506_023715 osmhydrant firefighting facility
1087.0,freedance 2010croix mezzanine ovo marrons croixrusse _dsc0984 esplanadedugroscaillou cusine odeaubois
473.0,resiste musicale kalam 20151018 metallica comedie marshall arttraditionnelindien 20151018_145613 artdukerala
1077.0,louisvuitton boots foursquarevenue4bd0f8f420cd996039982e9e foursquarevenue4d9a00456df841bd60807c2b vitrines luci_0649 房間窗景 warhol leche vuitton
64.0,couzonaumontdor couzon 26000 fretsncf trainspotting matisa bb67345 bb7220 photosncf miramas
1590.0,lyon2013 arrow gothique feteslumieres_20111208_074 dsc_2532_dxo feteslumieres_20111208_073 dsc_2533_dxo inatteignable classe フルウィエールノートルタム大聖堂
1595.0,img_9595 img_9576 img_9565 img_9592 img_9577 img_9574 img_9607 img_9605 img_9578 img_9603
641.0,flack taverne gutenberg carrelage flacking tavernegutenberg ememem 3eme artgay igaddict
1532.0,breath wp_20131207_23_00_10_pro wp_20131207_23_02_31_pro emocion wp_20131207_22_56_57_pro frisson wp_20131207_22_57_42_pro wp_20131207_22_57_24_pro wp_20131207_22_57_59_pro wp_20131207_23_04_09_pro
488.0,vocaloid kagamine hatsunemiku kagaminerin visitation couvent lestetephones cozy religieux quatre
254.0,courtepaille cabella comm morgane troisieme zuhmha cone grillage aout oeil
244.0,dsc01965 dsc01960 dsc01972 dsc01968 dsc01962 img_5426 img_5421 dsc01956 dsc01964 dsc01971
1324.0,orco christellt selor kken92 snoopy culkeeen ruoma toctoc toto chicky
780.0,matthieuloos juliedoyelle wwwimprovidencefr carteblanche thierrybilisko patrickspadrille improvidence kathleen selenahernandez tiboastry
242.0,bounceflash anthers esmeralda lemonflower knocking whitepetals speedlight eyelet squashed awesomeblossoms
781.0,lyonbd2016 juliengigault improvidence impro wwwimprovidencefr frite amadeusrocket melindanouette hugh dessine
531.0,housing akhtiphoto l1050201 l1050181 jardinaquatiqueouagadougou l1050184 l1050178 dusapinleclercq 1086 l1050191
828.0,pelicanblanc greatwhitepelican pelecanusonocrotalus πουλια 鳥 ptactvo ptakow ein 鳥類 นก
845.0,palaisdelafoire meysson rehabilitation contemporaryartmuseum charlesmeysson 14ebiennaledelyon lyonbiennal biennal internationalcity 14e
1387.0,fdl18 fdl17 146 local jams pickled vendors bottled cimg6310 bouhsinaphotography
212.0,dsc03118 dsc03192 jchion28 dsc03117 dsc03115 gtr_2015_11_07_0971 dsc03190 kdwaclvws7g9ivj6ya1lkw granderue 20170916_100456
1398.0,lise ancientegyptianart neptune archaeology laspecialisteducuir sege outlet ancientegypt hire terracotta
182.0,20151218_103807 20151218_103529 20151206_200436 20151218_104531 20151206_194454 20151218_103935 20151218_104442 20151218_104235 20151218_104154 20151218_104515
701.0,gx200 moquerie mediadesign mdh cartoon cachee 20110724 stadtteil dsc01574 injured
1095.0,hospital landmark hopital ns10ans rhonelyonrhonealpesfranceeurope p1050982 hopitalhoteldieu img_1324 22112011dsc_0023 p1050995
362.0,wcs foursquarevenue4be26f00b02ec9b6a1004dc0 ligue1 platine 20180406_174343 20180406_174426 20180406_1825080 tape 20180407_173730 20180406_182827
333.0,foursquarevenue4bea8291415e20a1e60fe5bb joepike scaffold cab buildingsite sla 20140622_090627 pict_20140622_144524_1 tougeki curb
180.0,castinsituconcrete tourpanoramique francoisregiscottin 20170917_171121 20170917_171246 20170917_171304 20170917_171150 20170917_170837 20170917_170853 20170917_171619
1040.0,rf5o5xdztxmko99cqoizdw gifrancejan12 vobczz0qrw2ugcion6npyw basiliquedefourviere celebration tom sophie basilica 2009 dame
1049.0,confessionnal confessional 187284 074 076 073 072 075 069 cruise
427.0,mamashelter lyon7earrondissement mama _dsc6648jpg shelter _dsc6647jpg biodiversite domer _dsc6645jpg img_20160709_110837
1194.0,lignesindeterminees arcsindisorder fourinderterminatelines flowerstree bernarvenet arbreafleurs antoninponcet boottocht poncet acier
747.0,dahlia dahliahybride زهرة cicek floare hoa kwiat цветок bulaklak blute
1248.0,foursquarevenue4c1dfde9b9f876b0326b7e46 1erarrondissement premierarrondissement griffon nelson mandela lyon1 kebab caverne streetlife
637.0,xe onlycity foursquarevenue4be26663cbdbef3bf86a60d8 liuqingyuan yahlab cabanes dagnes michaellin barrymcgee anniedalbera
1290.0,marquise seint tinou barclay casa rang mado webix zorm dhonneur
926.0,_mg_3178 _mg_3126 112025 p1012467 _mg_3152 _dsc1541_dxopl2 p1012461 _mg_3151 p1012449 img_0902
498.0,lyr lyn 14062018p1520227panoramajpg dsc04434 14062018p1520300jpg 14062018p1520272hdrjpg 14062018p1520273jpg 14062018p1520267jpg 14062018p1520286jpg dsc04445
792.0,poppy fruhling grenouille 50mmf18g 190412 hazel flore blume img_5890 giboulee
1492.0,odysseus detailurbain urbandetail 13nov09 dsc_1597jpg decrepit 20190604lyon52 decrepitude lyon7677 dsc00771
1340.0,ferrywheel partisocialiste ps imgp7461 imgp7445 imgp7465 imgp7468 imgp7414 imgp7464 imgp7477
873.0,traditional starbucks halte cuisine bouchon tranquille lyonnaise onlylyon
198.0,georgesclerc marceldalliere amants marioheymann rogeranger immeubledhabitation lesdeuxamants residentialdevelopment ensembledelogements ensembleresidentiel
855.0,foursquarevenue4bebf344a9900f4782561840 irreverent placegailleton meetup gailleton verre01 geolon483287393 2012le geolon48331342 geolat4575343413
858.0,textilemuseum tissues tissu loom textile punchcards complexity foursquarevenue4c3c72927d002d7f4a68ae18 madone museet
1429.0,1erarrondissement premierarrondissement pradel foursquarevenue4dc3f06845dd26455249426a lyon1 premier baguette 8dec december8 8december
586.0,foursquarevenue4b9559b0f964a520e19d34e3 riddimcollision realkidkoala collision congopunq archive riddim scred matthieuchedid cyrilatef
165.0,tase jpeg carredesoie nbte verdura yyc chroniques potager yaoi metros
168.0,20180303_144809 20180303_150653 20180303_145220 20180303_145233 20180303_145145 20180303_150442 20160828_132414 20180303_150317 20180303_143437 20180303_144903
388.0,rnbm acim enssib good 2019 morning instagramapp uploadedbyinstagram iphoneography squareformat
1143.0,dsc_3930 dsc_3991 dsc_3957 dsc_3967 dsc_4044 dsc_4074 dsc_4046 dsc_4066 dsc_3939 dsc_4003
1603.0,clivra lawoffices thelawyershouse placedelabasoche basoche ruedelabombarde 20140814_173403 20140814_173421 20140814_173318 20140814_173347
1630.0,egalise pointdevue evolutions hauteur 20161208_235353 20180409_120722 20161208_235437 20161208_234705 20161208_234715 20161208_234745
75.0,museemalartre rr caribbean sl 1904 bugatti 3500 salmson packard musaemalartre
1141.0,stain reflected reflecting mirrored monoprix circular christianity cordeliers chamber inscription
408.0,brunodumetier stephaneconquet gautierconquet dominiquegautier conquet dumetier demetierdesign equinox departementales archivesdepartementalesdurhone
61.0,foursquarevenue4bd731eb304fce727a3333ab lermitage instagramvenue1074053 instagramvenue_namehc3b4telermitage saintcyraumontdor cindre ermitage cuisineamanger montcindre uploadedbyflickstagram
60.0,lavoiretsourcedebraizieux colongesaumontsdor collonges cyr montgelas monts source marcheartisanal marchedesartistes mont
571.0,nostromo livenation sigma1835mm18 gojira duplantier joeduplantier liveconcert thrash capturedalive andreu
673.0,p01 nikkormat hallespaulbocuse em_dxo lyonurbain ruegaribaldi emnikkormat doxygene lyon_janv_2016_057 concretejungle
175.0,20160708_200210 20160708_204901 20160708_205447 20160708_195934 20160708_200157 20160708_204607 20160708_204933 20160708_200226 20160708_200001 20160708_200134
334.0,placesanssouci foursquarevenue50acbaa2e4b0030b081af8ee souci flickriosappfiltericedtea icedteafilter metros jesuischarlie filmrobusta objectifmadalena foursquarevenue4da7dff4f7b12d2d99ff15eb
1054.0,dsc_8859_a dsc_8861_a dsc_8865_a dsc_8868_a dsc_8843_a dsc_8854_a dsc_8852_a dsc_8871_a dsc_8851_a dsc_8853_a
1427.0,ancienpalaisdejustice 20161209fetedeslumieres100 cameramakenikon exifmakenikon exiffocallength45mm exifisospeed125 exifmodelcoolpixs9300 palaissaintjean cameramodelcoolpixs9300 exifapertureƒ35
1047.0,endless phap فرانسه ประเทศฝรงเศส perancis pransiya frankryk fransa franta γαλλια
1538.0,solidifiedmarblepowder ingardragset michaelelmgreen oneself theweightofoneself pene penis weight rivesdesaone desnudo
1347.0,frifing fings fing iggy manyoly frifings dav mandela snem freefing
752.0,nikkor85mmf18g 85mmf18g c1 dew d610 filmborn shotoniphone rosee latetedor priime
1490.0,municipio climat siegedelhoteldevilledelyon ecologie feste 3star 2star siege festedelleluci terreaux_0055
1489.0,dsc_099310 p1050934 p1050911 dsc_08713 dsc_102211 dsc_09239 dsc_09168 dsc_08937 dsc_09281 dsc_09343
814.0,mum kittens ginger kitty babies cats chaton chats chatons roux
1459.0,20100124 placeterreaux canonef50mmf12lusm canon5dmarkii lorenzostarita ep1 mba sunday starita mrbeam
560.0,docks40 twunch rog novotel 20100420dsc_9931 20100420dsc_9905 20100420dsc_9927 20100420dsc_9917 20100420dsc_9925 20100420dsc_9911
875.0,yoan6911 fz100 christmasmarket marchedenoel apn zombiewalk lumineux russes cubes poupees
295.0,rights droits toutes kawasaki triumph harleydavidson suzuki femmes moto jaures
1209.0,storms stormy raindrop raindrops minimalistic nighttime smokestack brick lit raining
1207.0,parisattacks freedomofspeech newyearseve nouvelan charliehebdo musician drum charlie jovenes disturbios
1188.0,bolognaise reveiller saxophone crime very unwindcest asshole trouves covers angred
1482.0,γιορτηφωτα festivaldelleluci lyon5539 img_2294jpg backpack lucasmarcomini foursquarevenue4bc4a167920eb7138a021f2c theend lightfestival backpacking
1503.0,img_2474 chazeaux langle img_2472 img_2473 headlights 124francelyonsightssecret caminemos lione02 dsc_3120
367.0,tidjet elj_lyon azumi takoyaki espacelyonjapon lyonjapon eljlyon lelj deguster 1mois
369.0,choch pache kthxbye chuis perpetua pierrade aden slumber che linstant
1623.0,stetienne fontaineplacesaintjeanlyon baptist primatialesaintjeandelyon catedrale gothique kostel dsc_7008jpg ეკლესია dsc_7010jpg
1122.0,tyca foursquarevenue4b61bd1ff964a520ad1f2ae3 romantyca foursquarevenue505b02dbe4b08096cae53db7 artistidistrada landscapes paysages monuments luci_0021 nx100
1157.0,_mg_3329 _mg_3095 _mg_3101 _phm0725vv _mg_3203 _mg_2970 _mg_3059 _mg_3161 _mg_2939 _mg_3321
262.0,afriquedelouest pupazzigiganti marionnettesgeantes westafrica lesgrandespersonnesdeboromo africaoccidentale giantpuppets boromo grandes artidistrada
676.0,quaisaintvincent 20180409_094952 vieuximmeubles bek 20180409_101400 20180409_094940 20180409_095823 20180409_095846 20180409_100350 20180409_094953
1424.0,streetday fetedeslumiereslyon2016 knar sioux aviateur roquette kube biscuit hoteldeville marin
179.0,20151206_193148 20151206_192202 20151206_193143 20151206_192941 20151206_193203 20151206_192635 20151206_193534 20151206_192617 20151206_193355 20151206_193113
548.0,namiro regions philippemeriotlyonfrance hollister monolithe logement debardeur derevan 1045 1059
54.0,sathonayvillage deudeuch lyon2cvclub deuch reportagephotographique webloglalogofr trespetitevoiture darlmat racingcars peugeot402darlmat
80.0,tokki miyo macaronchan tokkimiyo chan suikamisa gunia ariesys oplay macaron
545.0,damaranthes 7earrondissement 7emearrondissement septiemearrondissement ilot septieme drivein 7e 69007 lyon7
336.0,p1000684 p1000693 p1000686 p1000678 p1000667 p1000687 img_20160328_124203 20171011_093357 p1000674 p1000681
92.0,lartisan img_20151129_010046 fromager
758.0,larmise jardinalpin gouttelette lizard rockgarden papyraceus narcissus aquilegiapyrenaica mountainplants alpinegarden
1528.0,fdl2018 dsc05160 birdykids palaisdejustice bords fujifilmxt2 illuminations towers festivaloflights 2018
85.0,300sl lautomobile benz astura malartre 18250mm lancia decapotable worldcars henri
1314.0,culkeeen brusk sirob peinte img_8930 img_4405 letoucan img_4403 img_9139 130601
1610.0,reconstitution baldini patricksuskind xviii dasparfum parfumerie xviiisiecle flacons leparfum miniatuur
1539.0,fdl17 fredericaugustebartholdi frenchsculpture sculpturefrancaise lys1215 19emesiecle lfl terreax fountaine lyg
655.0,polychrome japonaise merveilles summicron35 dechecs gazelles 20160216 vigie mamouth museconfluence
534.0,20110718 foursquarevenue4b7dc34bf964a52012d32fe3 broutteaux lesbroutteauxlyon imag0014 200911 espacebrotteaux lyontotalrecalldefi2009 garedesbroutteauxlyon brotteaux
1276.0,olo inconnu stagup kesa schlaasss streetnamesign plexus straatnaambord strasenschild phrases
1258.0,brooklands rover 1998 chromatiques austin cooper fantaisies foursquarevenue4b8a84caf964a520567032e3 trotinette placedescelestins
992.0,panoramicview placedefourviere bentingeask askphoto ugly img_4347 fourivere blu panoramica annecy
319.0,1d judoka auteurphotographe bouvart 2d fabricebouvartauteurphotographe judo jcpc 1eredivision watanabe
817.0,term wwwromualdetpjweeblycom delivery instagoo pizzadelivery montdor romualdetpj contemporaryarchitecture merushe short
291.0,pendaries lagriculteur repit julespendaries barbusse moriceleroux giroud robertgiroud leroux lazaregoujon
224.0,paulinelaurent 26042014dsc01857jpg pauline caluireetcuire mariage laurent rhonealpes
1128.0,alonetogether sundaymorning agathemax quentinmossi sunnydunes dubai witxes francoisvirot alligator julie
1320.0,hask cleo stroll esem kara yaga dav snem sheep bonno
1396.0,70ieme liberation anniversaire rx100 video0034 20140705_152255_hdr 20140705_152226_hdr savedimage_9 20140903_174752 video0033_03
1377.0,eyefi img_5806jpg img_5792jpg img_5807jpg img_5801jpg img_5811jpg img_5803jpg wp_20131208_00_21_56_pro p1160945lyonparking img_5809jpg
67.0,lfly aviation musculus lyonbron 727021 consulting vpbap malibu boeing cessna
405.0,touch japan 2011
674.0,7earrondissement 7emearrondissement septiemearrondissement septieme 7e 69007 lyon7 laguillotiere anarchitecture 7eme
564.0,mercurelyonsaxelafayette mercurehotel hotelmercurelyoncentresaxelafayette accorhotels ruedebonnel petitdejeunerlegaragerestaurant legarageespace saxe mercure avenuemarechaldesaxe
1346.0,20151011 lyonquartierstjeancroixrousserhonealpesfrance creditphotosjonathantmare fulchiron blanchon lyon20180917023quaifulchiron saonejpg lyon20180917022quaifulchiron p1060009 lyon20180917029quaifulchiron
489.0,img_20180523_181341 img_20180523_181349 dsc02765 dsc02766 francia auvergnerhonealpes
464.0,img_20160709_160014 img_20160709_162822 img_20160709_154037 img_20160709_154500 img_20160709_162824 dsc_9929 img_20160709_160133 img_20160709_162809 projet18h18 img_20160709_162813
1252.0,stnizier byealtar p1110584 sidealtar altarlateral lyon2013 saintnizierschurch igrejadesaintnizier americoaperta panasonicdmcgf1
1223.0,toblerone pouteau ruedestablesclaudiennesruepouteau foursquarevenue50f3444ce4b052055899e1d6 claudiennesrue nelio lespentes streetartpicture streetartofficial muralsdaily
1030.0,bridgelafayette charlesbridgeorbridgeoftheconcert pontcharlesxoupontduconcert foursquarevenue4bfffefbca1920a1c9a5ed81 foursquarevenue4275430 porcieuamblagnieu epsonv550 yashicamat124 morninglight pontlafayette
424.0,passerelledelapaix sigma1020 internationale paix caluireetcuire citeinternationale cite 2013207 bestof2013 franchir
1231.0,foursquarevenue4be58c982457a5936d98ab15 antoinecoysevox notredamedegrace coysevox bibi 160133 ephemera museedelimprimerie total eglisesaintnizier
272.0,lacassagne utp urm tbd peints frsquesmurales img_0426 1039 urge img_0427
943.0,wave basilicadenotredamedefourvierelyon basilicaofnotredamedefourvierelyon cathedraldestjean basilicadenotredamedefourviere notredamedefourvierelyon dsc_0253 photo0118 20161030_102404 dsc_0268
508.0,klesia collecteur bachysoletanche desaix xxe garden_dec25 garden_dec6 follement garden_dec7 img_20160217_205257
936.0,balaha pillar antique ruin ancient _phm1303v _phm1300v _phm5044a _phm5111a _phm5108a
944.0,gallieni corona strassenbahn hansruedi parcel stoll img_6208 nourritures img_6209 img_6201
1288.0,hundreds dybenks lcl dash garillan storvandre natura passageways took could
1452.0,lyon20170729307opera lyon20170729304opera lyon20170729306opera lyon20170729302opera lyon20170729303opera lyon20170729312opera lyon20170729301opera lyon20170729313opera lyon20170729315opera lyon20170729309opera
638.0,maille lamailleduvivant museedecivilisation especes origines cabinetdecuriosites recits bouddhismetibetain artinuit vivant
230.0,regiment ecoleentreprises bilan actions materiel z5119 7eme z5100 lyonmouche 07091988
112.0,bonzai estampe iki jumeau lhorlogerie deurexpo structures hummm asiatiques applique
970.0,openapneelyon2016 dapnee openapnaelyon2016 utopie open facebook dmcfz200 dossiers imagelink lambrosrousodimos
1303.0,stgeorge 20140530alongtheriver passerellesaintgeorges passrelle dsc_2585_dxo dsc_2586_dxo pasarela potdcountryfr stgeorges along
384.0,moulage musees img_8298 img_8318 img_8315 img_8289 20112010068_1 moulages img_8308 floue
1495.0,timelessness baronat gouttedeau waterdrop goutte tamronsp60mmf2macrodiii fro 20160713_174107 dsc_0185 k5ja5962jpg
252.0,cuire space chameleonfilter flickriosappfilterchameleon flickriosappfiltermammoth mammothfilter flickriosappfilternofilter uploadedbyflickrmobile
681.0,centrecommerciale duel touroxygen multitude lorchestre ravel auditorium oxygen maurice tourincity
1104.0,gospels spirituals gospel celebres saintbonaventure metre banquepopulaireauvergnerhonealpes banquepalatine all banquepopulaire
1092.0,groscaillou ovo egg zombie celebration walk suomi chibi lampadaire gaules
345.0,memorialnational penitentiary jeromemesnager bonhommesblancs montluc jail barbele barbwire prisonmontluc barbedwire
1560.0,pantomime actress actrice placeduchange kok streetportrait acting mime deur 20191017
100.0,thailand kuala lumpur foto29 poppysplash coquelicot poppy splash poppies bron
1146.0,goth fesrtival tsugi violaine techno flairs electronic 165146 sonores anything
270.0,urm tbd asphodeles troisiemearrondissement 3emearrondissement 3earrondissement lyon3 3e troisieme archilect
755.0,afro kenzalakhdar eunmyeong cheniclet thelittleredridinghood cousines lepetitchaperonrouge hood sebastiencheniclet lyd17
124.0,petitperron maisondeschamps pierrebenite perron julescourmont youngphotographers champs s1500 middelage finepix
523.0,february2015 zacharybritt marcelgadacz callanorr chrisshaw dreamondreamer lamarquise aaronfiocca dreamer canon7d
1394.0,abschlussfeier mdh mediadesign cartoon ruepizay hoteldevillelouispradel lyonmetrolinec oper esprit lyoncityhall
183.0,20160708_213603 20160708_213123 20160708_213732 20160708_202348 20160708_202151 20160708_213843 20160708_213237 20160708_213425 20160708_212912 20160708_213412
1552.0,lyon2014_66 20170712_144750_35082853573_ojpg notredamedelafourviere monumentbatiment amenagements autoecole dsc_0846jpg lions_06 dsc_2358pola dsc01646
304.0,sua1812 2octobre2010 protestation sua jeanjaures reforme img_0360 22102010352 20180714_195750 img_0370
1239.0,winterclothing chineserevoution rongrong chineserevolution lostred counterculture ren designerrongrongren wintercollection makeuppaulinepergay
1221.0,labour jade pacman asmaa boude contreplonge modif2 lampadaireombre nb2 modif
1237.0,foursquarevenue4bf6fbc25ec320a12a2686d3 flickrlyon fiorentina gotico mardi plum blossoms parked motorbike 048_365_conference_lyon_sunrise
1245.0,foursquarevenue5238814111d2628af00e6ecc bomp adventis curry img_20140710_114529 redtable img_20140710_114510 img_20141011_120845 img_20140707_102820 img_9913_lr
1242.0,underthndr 18e miela ilea oslow salegueule heho etus magrite casa
458.0,norbert norbertcellier cellier shark aquariumdelyon catchycolors aquarium nemo wanda beauuuuuu
1255.0,rant rebellyon drom latcho kabrito antifa anarchie sceriffo resist gilles
490.0,
1351.0,ruotapanoramica lagranderuota piazza feste 3star festedelleluci 2star bellecour_0003 20120814416 ruota_0087
962.0,mattina goodmorning buongiorno foursquarevenue4b65704ff964a52096f02ae3 photodujour 20150828canon mylyon vscocontest lesphotographes freezfram
465.0,kobato yona xiaofan pullip ladmirable dolliens bjd urbandecay thibaudiere sakura
312.0,verdoyant herbes tige desature phototagraphy doranger ens enss beez minoux
1650.0,100158 _dsc1488_dxopl2 fetedeslumieres2014 v22 _dsc1488 v21 v23 v25 v26 img_20180521_131540
645.0,standup englishlessons britishcouncil council coursdanglais hacking perl toolchain coiffeuse transisere
1417.0,ecolenationalsuperieurarchitecture fineartsmuseum seine ensalyon lanuitdesmusees raoul imgp1171 maisonpoulaga hajduk rotisserie
1570.0,therosetower ruedubœuf medallionsculpture rueduboeuf latourrose medallionsculptures medallion banner foursquarevenue4b9c0a80f964a520df4336e3 boeuf
69.0,bouddha pagode thien minh foy philippemeriotlyonfrance bouddhisme lyon_pagode_saintefoyleslyon_dragonceleste_tianlong beaunant sainte
798.0,20140529ontheroad 143904 fujinon1855mm fujifilmxm1 november2014 janeykay novembre2014 levieuxlyon kitcherner highways
538.0,republicaine marcherepublicaine 11012014 foursquarevenue4bc702c214d79521ea8a66e9 gambetta 1859 tube saxe guilaume baitement
816.0,photos742 photos740 photos741 photos743 photos739 photos738 lucie flux lucietibolla ef24105mmf4l
1469.0,foursquarevenue4bbde2838a4fb713cf7a3d9d dormition anatolemarquet explosive encounter crutch 1873 我真心不懂当代艺术 eerily codedelarue
602.0,dsc04860 dsc04849 escalotor dsc04863 dsc04855 dsc04859 dsc04853 dsc04847 btp dsc04867
1455.0,20180630lyon6jpg img_0140 img_2885 img_2886 2013 lumiere light lumieres
215.0,69caluire ww2 guerrede3945 warmemorial monumentauxmorts 1940 guerrede1418 ww1 img_6953 jmoulin
807.0,8bit imgp5228 20180329_131802 waouh dsc_1037jpg supersonique 8decembre2013 lumingnons iphone8 tempsdexposition
1000.0,cariatide cariatides escalierhelicoidal combles grandetribune archangesaintmichel panasoniclumixdmcfz1000 statues insolite anges
1240.0,deambulation neo pokora jane pouteau hopnn coco read dsc_8037 20160716_125229
1284.0,fleursdelumiere lightflowers lumierenocturne 5dmkiii canoneos5dmkiii lunapark wmevents ef2428is ef1352l mariagepourtous
914.0,feuxdartifices masse exposion nationale dsc_0154 amateur ain nicolas d3000 69005
624.0,interactif maquettes vaisseaux starwarsidentities vador protojet damidala danakin skywalker jedis
1332.0,lestantansflingueurs lagrooverie tantans flingueurs 0envracaclasser 20131208_190248 trolleybus live musique concert
899.0,metallictower metallic expositionuniverselleof1914inlyon metallictoweroffourviere metallique tourmetalliquedefourviere transmitter reformedchurch capteiffel p1010980
1296.0,totoltd spiderlyon mermet snoopy perre cri ninin fraise melissa amazone
257.0,chiffre nombre vehicule number numero text corde darbre ecriture img_3826
1327.0,feteindiennededivali magiques ambulazione ambulation inde deambulation parade dsc_0062 animaux finearts
1516.0,museedesartsdelamarionnette puppetry mam marionnette puppet gadagne img_2451 _dsc8922l_v1 pedestrianzone arts
1599.0,img_3132
341.0,inauguration schuman 9eme 4eme img_3994 img_4041 img_3988 img_4038 img_4042 img_4063
668.0,nuagelyon coop himmelblau architektura dedans136 dedans110 dedans108 dedans104 dedans105 dedans138
549.0,vessel img_20180617_220251647_ll dreaming img_20180617_220231764_ll img_1336 img_1326 swmming img_1418 img_1317 2016030440
1397.0,20161209fetedeslumieres044 20161209fetedeslumieres062 река набережная engin европа flaque 600094 20161209fetedeslumieres046 lumieres20111209002
1192.0,foursquarevenue529ab02711d220faad7a9606 incognito defeated elton chers album dear freedom valor libertes
1029.0,里昂富維耶聖母院 artreligieux p1020033 p1020027 p1020029 p1020042 p1020024 p1020036 p1020030 p1020020
1003.0,3518 2004 d5300 locations f18 dsc_5421 img_4683 img_6177 img_0265 dsc09710
1342.0,monteedelagrandecote mandala shootemup exploites capitalisme frontieres spaceinvaders celebration mateo titre
1256.0,salegueule ekimr firma buen nino pastor neyret bazyle ghostsurfer cal
74.0,foursquarevenue4bf804cf5ec320a1e8eb87d3 dsc00492 demeure chaos normal hefe hudson 2 instagramapp uploadedbyinstagram
827.0,foursquarevenue4df203427d8b18e17228a6a9 merushe blendwebmix patrickmanoux eos6dmarkii ef135mmf2l 20140717_172801 20140717_172426 20140717_173612 aperodujeudi
589.0,from_gonjasufi_25_05_2011 bricerobert artyfarty gonjasufi alohafrom aloha foursquarevenue4b9559b0f964a520e19d34e3 transbordeur nuitssonores hd_wwwbrobcom_01
1386.0,follows frenchbaggage baggage followmeto coconut his dsc_0619 montpellier promenonsnous annecy
1423.0,статуя تمثال 상 tuong 塑像 yontu lyon18 perancis phap ประเทศฝรงเศส
1522.0,cavo girard loges loom century jeremy gadagne geolat4576396182 bespokewheeler 17th
1167.0,contrelhomophobie lhomophobie romantyca byzance img_3122_dxo lyon2014_151 versa fetedeslumiereslyon2013 andreaschiavonet ballons
166.0,crea gris1 img_4101 img_4090 img_4088 img_4092 img_4087 img_4136 img_4030 img_4050
1086.0,frade bmx skatepark cedric regenschirm unbreakable bergesdurhone parapluie berges umbrella
678.0,lumerians fondationblachere nestorda nestor matthieuchandelier nsday2 anika passages mdc subsistances
1071.0,adrienne skellington dali celinair piho vebe amazone owl leon nite
203.0,narbonne loucarcassonne3510 mhr prod2 lyonolympiqueuniversitaire carcassonne montpellier nallet matmut chabal
41.0,foursquarevenue4c1d3470b306c928fc2d65b7 foodforfoodies palazzo fontana mimine quite foursquarevenue4e12c640e4cdef074b7f1f57 cibo sulla lungo
826.0,www2012 lyonpark 20180329_161911 conference holiday 2018
1065.0,lafermeduweb webevent gotha webeventlyon 20120831 palazzo repubblique_0300 bourse_0296 bourse_0297 lumieres_0294
1568.0,artifice dartifice patrimoinemondialdelunesco 14juillet classemh mh prop heroic sensual basilicafourviere
153.0,unknowngrafickr int 19992019 ext panorama360 360degres 360degrees vr visitevirtuelle demeureduchaos
839.0,biennaledelyon biennale 42 41 artcontemporain 43 38 37 36 40
311.0,18062012 piraterie bdt bulletin esplanade verdure tshirt election parler vote
1407.0,alarache spotlights bassiste bassist effets guitariste spotlight guitarist drummer drums
1410.0,jalousieetlambrequin 20140814_180318 20140814_180437 20140814_180420 20140814_180330 20140814_180428 20140814_174009 20140814_175549 20140814_173957 jalousies
1177.0,slalom kyan freestyle roller geolon483157592 geolat457583951 exiffocallength439mm standard greedy louislegrand
1015.0,img_3202 img_3200 img_3196 164408 img_3199 164357 img_3204 img_3203 img_3198 img_3197
1542.0,juli lyonftedeslumires2010 rhtmne lyonfetedeslumieres2010 sommer fontene img_32979jpg img_32976jpg img_32978jpg img_32972jpg
502.0,romeu charlemange hockey icehockey patinoire yon clermont roche charlemagne lions
610.0,ardif lasco contrat jjrousseau urbanistes ruejosephinsoulary cow passerelleducollege social k5
764.0,liondelyon lionasiatique pantheraleopersica liondasie asiaticlion indianlion persianlion eurasianlion lionpersan pantheraleoleo
909.0,fugain laurettefugain 110514 20161210fetedeslumieres141 20161210fetedeslumieres140 110508 lyonfourviere lumignons 1160 p_20190708_153055
512.0,14juillet2014 rubis fuschite celestite cristaux chalcanthite pentagonite bugeaud jasmin heulandite
371.0,graceland ciebelebele spectaclesartsdelarue artidistrada artsdelarue streetarts spettacolo lesinvites insa transbordeur
690.0,mariusviviermerle urbanway12 recreo 840 gar strasenbahn stadtbahn semvatac t1 keolislyon
1620.0,escrime cormyr epee armes dragons 101817 101635 compagnie pennons _dsc1511
268.0,httpwwwfacebookcommatricesentiments julie goodies roxette weddingiscoming coder doubledragon2 yingyang bondour perfectsong
1120.0,112832 20161209fetedeslumieres141 _dsc1734_dxopl2 jacobins _dsc1734 20161210_220311 20161210_220222 lyon2014_08 20161210_220147 jacobin
192.0,asvel basket img_0155 img_0116 img_0144
1197.0,velle showcase everett sangoma fnac cliffhanger kev img_1737 1880s 20131206_203901
1283.0,sysylife dodo gillet lamoul humeur bonno toc monarques tablesclaudiennes icu
450.0,jdll2012 mozfr salledesrancy aadn derive sherbrooke mozilla quevillon tsumego semeai
1556.0,maisonthomassin macaron kaa_2530 placedeladraperie openplaquesid42967 thomassin placeduchange frencharchitecture broilerkeule canonef24105mm140lisusm
1271.0,krea sao martino toumpatatoum adamsens krapcrap elsa mie levasion ninin
1436.0,luci_0175 luci_0183 luci_0185 luci_0164 luci_0189 luci_0160 luci_0161 luci_0170 heh luci_0172
1041.0,foursquarevenue4b8bdfcdf964a520d5af32e3 weve tiere natur vogel selfeet flusse img_4747 img_0338 img_4758
177.0,20160708_211412 20160708_211528 20160708_214657 20160708_210438 20160708_210924 20160708_210938 20160708_211741 20160708_210406 20160708_210610 20160708_210417
863.0,arriaga lightscelebration directiondeleclairagepublic fishes efs1022mmf3545 voutesdeperrache immersionabyssale expositionlongue garedeperrache lumieres2012
730.0,parczoologique mists deer reh cerbiatto capreolus tinyplanets frotte rehbock capreoluscapreolus
285.0,sls deutschsupercars amazingcars supercarsinfrance carsinlyon supercarsfromdeutschland ef germansupercars corentin amg
1247.0,foursquarevenue514ebebae4b04b4114a0d022 ukulele aphotheose equalityforall nodiscrimination puppy foursquarevenue4f212cc8e4b0b69d783f6be4 wordsne wods bartender
1297.0,foursquarevenue4c08d5c6009a0f47dfaae6bf tommie smith carlos bouda vesper caipirinha collins mango ludtzcanon5dmkiibarnightlifelyon1635lcocktailsvespermartinivodka
1479.0,stpaul kingly p1000619 nun p1000628 dhaite circular gloine perancis phap
1093.0,foursquarevenue51617b42e4b09c0b683bf113 oeuf reflexions tricotscanuts ponpon penny cailloux groscaillou fetedeslumiere img_0640
10.0,meyzieu sas 20180602_112125 professionel paribasmeyzieu69celize 20180602_112308 20180602_112215 munegu 20180602_112435 20180602_112105
123.0,capteur electrode hopitallyonsud lyonsud nuclearmedecin electrodes medecinenucleaire krankenhaus health medecine
1308.0,20091206 img_4681 img_4477 img_4409 _mg_4291 img_4582 18h06 img_4531 _mg_4303 19h16_02
901.0,bazyle p_20190709_112552 20150217_155106 beam giii oppen telephonie allouche xprocessed oppenedcam
1315.0,meneaux reviens 3p7a6418jpg grandecoteensolitaire 20131208_192903 didierwampas pentescroixrousse slam trokson spectateurs
932.0,римскаяимперия театр античность одеон галлия antiqueromantheater музеи лугдунум theromanempire руины
1210.0,luciana sheepest capie img_8360 000008 marjane 500cm tigre daraignee img_8375
1646.0,pigments motos voigtlandercolorskopar214 skopar skis bautista tournedisque img_1024 turntable 214
1062.0,opulant romanesque romancatholic byzantine decorative nikond7000 ornate pretty renovation pews
56.0,20100325tassaux_jlc 20100312tassaux_jlc ensal planetariumvv solaire eruption pfe3 hαt planetarium 40da
1056.0,labside catholicisme crypte topaz nef cle cathedralestjean canon1635f4 roof d800
1136.0,corazon 165242 _dsc1445_dxopl2 165251 landscapes chamberofcommerce placedelabourse hs paysages monuments
1165.0,foursquarevenue4b61bd1ff964a520ad1f2ae3 koi carpe ردت بخسر دونگ 2231521 festivalmondialdesroses2015 زااد dsc01056
1072.0,yennenga vogue 20070810_140826 groupeppp flickrchallengegroup 20070810_140421 abound dinosaurs peinturesurmur princesse
799.0,borgonha malaise sebastienmalaise pizza watch puddle sebastien out silhouette arbres
640.0,coleoptere venenum crystalball beetle rorqual poissonpierre dendrobate mygale synancee dantan
626.0,viguier interrieur ceentre alpe jeanpaul ludopole commercial img_9453 confluence3 lyondefi41doublevue
965.0,stella camargue arosaflussschiff pontdavignon flusskreuzfahrt distlilleriemanguin grottedelamadeleine lavendel stiere pferde
1488.0,γιορτηφωτα palaissaintpierre festivaldelleluci lightfestival henriiv zombies placedesterreaux 1650 orbes hoteldeville
460.0,lgs lyongameshow lgs2018 halletonygarnier convention p1322272 1289 p1322304 hallestonygarnier 1288
457.0,pufferfish hippocampe tetraodontidae raies poissonballon tetraodontide byelliotdarren aquarium silure raie
985.0,nuvole mattina sole mylyon photodujour feuxdartifice goodmorning cielo monlyon blu
477.0,lyonscaronne scaronne z55525 67200 z55526 phd 67400 bb67200 bb67217 bb67523
1011.0,haute 121633 121704 121625 240 250 leglise basilque 1100 mvimg_20190704_125849
604.0,77004 603 258 ecr b6dux lyon7738 tgv28600 lyon7702 photographiezmoi lyon7736
654.0,quartierdelaconfluence lignesdhorizons dhorizons cortomaltese hugopratt pratt architecturephotography bw_lover theprintswap leicasl
96.0,flickriosappfiltericedtea icedteafilter flickriosappfilterthrowback throwbackfilter brooklynfilter flickriosappfilterbrooklyn flickriosappfilterlomo lomofilter flickriosappfilterdenim denimfilter
1494.0,img_2653jpg img_0175 img_0164 img_0150 profession img_0149 20161208_232448 img_0166 img_0167 img_0171
1111.0,lyonilluminations 155219 155300 peril brest ruedebrest stick tati fiatlux johnny
698.0,welwitschia mirabilis fermee macrobotrys strongylodon botanique encephalartos bauhinia horridus serre
924.0,romains antiquite theatres img_0352 pesons pigs img_0343 img_0330 sangliers boars
524.0,groove af17 ibanez paternite smc 411 maternel digne balbutiements 1111
126.0,_phs0299 _phs0398 dsc_0049 _phs0309 _phs0386 _phs0359 _phs0353 _phs0207 _phs0256 dsc_0032
614.0,up03 up05 interstellaire up06 etranger iso200 fujicolor200 caussenoir up04 up01
1477.0,скульптура dsc_0491 церковь собор frencharchitecture lantern keys steeple saintpaul christian
28.0,foursquarevenue4d262d2383ee6ea8849045e7 boulard refletsdansleau ragondin chaponost pellicule144 pellicule138 pellicule163 pellicule140 photos673
29.0,beauregard saintgenislaval mael vallat pi trax ventre lorangerie lentretien ventres
1152.0,chamberofcommerce cci saintbonaventure bonawentury freglise p1010873 dsc_6914jpg chambredecommerceetdindustriedurhone chamber swiatynia
340.0,luisant pcf lhumanite princesseephemerecommunautedugout preau communautedugout liosarikia apparently stillllll5 lehyaric
1125.0,hirst p1000129 commencait p1000517 p1000515 pleuvoir desordre p1000132 p1000523 p1000519
7.0,1785mm decines meyzieu grandlarge canaldejonage lanneau anneaubleu modesdoux usm miribel
108.0,geektouch darkstalker aensland funebres morrigan noces vampir corpsebride amane kitsune
1635.0,fetedeslumieres09 unisson fetedeslumieres_20171209_90 fetedeslumieres2009_049 feteslumieres_20111208_072 fetedeslumieres2009_045 _phm5322 _phm5336 _phm5327 _phm5335
81.0,chevy rod roughmetal hotrod metalbrut rusted chevrolet weblogphotolalogofr rares automobiles
1294.0,rameau sallerameau ballroom модерн foursquarevenue4c3e078c0e0d0f4724fb147f арнуво francoisclermont martiniere pitr salledespectacle
487.0,froide matinee mare wallie helios regardant piailleur visiting darpheuille docking
443.0,20131214 oeufs chocolatier sudo cerise mari 201608 samurai 195446 201602
217.0,21juin1943 dugoujon httpwwwmonsieurbidulenetcaluireetcuire memorial dr moulin exist foursquarevenue518bace7498ee91eb5b398f4 cafegourmand 239
220.0,anamelessghoul papaemeritus leradiant emeritus nameless doom liveconcert ghouls ghoul showmetal
218.0,necropole 20100106 tombstone doua cimetiere acts fusilles hivers apos cimetere
303.0,foursquarevenue4fa0f17f121ddf1319273fcd sonyalpha77old modevintagelyonfrancemarche portraitofaweirdsociety marchedelamodevintage nikond3s babe ctfx d3s wee
1553.0,lyonfetedeslumieres2013 img_48913jpg 20180331_135809 img_48923jpg fetelumieres_20141208_095 l005 28d fetelumieres_20141208_001 xtol img_48924jpg
973.0,capitaledesgaulles basilque basilika heliar dsc_2457_dxo img_4621_export apx100 diafine offrande p1090434jp
990.0,hlc holga quaisdurhone fdl2016 filesha1sigd9e71b1f9a7c97f3bba3dd9b77cc8c4568896722 net 20190717_141928 4b4a6250 tripode filemd5sumaae8a45f85a45fe9c7369de675f9afa2
790.0,cicatrices haze ecorce geese mist leverdusoleil img_20181111_153753 magicmomentsinyourlifelevel3 natureplus bewiahn
1364.0,libraire borddesaone nikondf df books librairie quelque fusinadominik fusina livres
1554.0,passerrelle ilce7r fromus75 canonef2470mmf28l fromus fromentinjulien traitements metabones colocacion dri
656.0,img_2867 img_2855 img_2865 img_2868 img_2851 img_2849 img_2871 img_2850 img_2863 img_2864
1551.0,saintjean_dsc4328 wp_20170210_10_26_37_rich photos655 baw emirates _frn2918 2014eurobiketourday29 wp_20170210_10_26_33_rich dsc_0440 jogging
1034.0,unescu soffitto scatta fourvier tempi belief tocca 20160713_131934 daltri posti
1053.0,plafonds japonisant fourvierepipettevespa duc portique archange gabriel fuck d800 da
1044.0,img_2629 img_2587 img_2630 img_2610 img_2627 img_2607 img_2575 img_2625 img_2626 img_2628
1048.0,doit disparaitre croixpaquet vincentdelesvaux perception lyonvillesouslaneigedisparaitre algueslumineuses delesvaux lightgraff lightbrush
432.0,lyg bal 129 131 134 133 127 126 128 114
431.0,stbruno saintbruno chartreux baroque eglise church
1218.0,foursquarevenue4ceba90efe90a35de325540e repetto foursquarevenue50db2646e4b0b7ab9cb70abe ballet adidas originals atlante classical costumes magical
1401.0,portedutempledeptolemeeiv regnedeptolemee egyptemedamoud portedemedamoud reignofptolemy templegatefrommedamud medamud ancientegypt sarcophaguses typedephoto
167.0,gauchy cavellini splatch preparees viscose tase woca vauxenvelin repeindre italiens
1064.0,jutard placeantoninjutard coursgambetta merrygoround verne draaimolen manegecarrouselmerrygoround carousel liligo carrousel
412.0,cimitieredeloyasse cimitiereloyasse sauzet jaubert cimetieredeloyasse 20151108 cimetiere loyasse tombe renard
1183.0,foursquarevenue4bd8a91f11dcc928fd3af733 lecrazy sophbar69 nodiscrimination crazy equalityforall notodiscrimination cant ilove withallmyheart
327.0,lyon7iemearrondissement lyon7arrondissement victorianpark lyon7emearrondissement lesbellesannees locationappartementetudiant studioetudiants appartementetudiants locationetudiants residenceetudiant
1145.0,placedelabourse palaisdelabourse dmcfz1000 panasoniclumixfz1000 里昂商會 hs bourse baard cci halfnaakt
1163.0,fb1_1523 bessa r2a byzance df fb1_1515 fb1_1511 fb1_1520 fb1_1512 fb1_1514
646.0,70s brutalism guesswhere immortels stainless khala inox bordure administrative concrete
707.0,skys partdieu_018 bruillard tourincity newbie mortet oussama incity fog skyscrapers
63.0,carshow salondelauto leschtis shelby bentley traitement wiliams aston sportive concept
1588.0,vole moments katedral chienassis funiculi старыигород voilages funicula feteslumieres_20111208_075 feteslumieres_20111208_077
1130.0,foursquarevenue4b61baf8f964a520361f2ae3 maisonartilion lightfest rx100 fest foutain foreground geolat4576050897 img_2070 geolon483355455
1168.0,horloges lambrequins litz jalousieslyonnaises horlogesidealesdesoufflot cycloscope ideales jalousies quaidesartistes marchedelacreation
1480.0,foursquarevenue4c304d6a66e40f470f65c38b marchesaintantoine lucinoctes veggies saintantoine healthy essentials vitales p1040148 lumieres20111209008
719.0,vollon 2ieme foursquarevenue4f5f33e9e4b0e506032228d4 monumento fontana wallie feste poncet_0093 poncet_0092 uninhabited
386.0,chateaulumiere cinematograph photorama villalumiere museelumiere frigno autochromes lumierebrothers img_20160328_125421 img_20160328_125938
382.0,tamronsp60mmf2macrodiii louna barodet gouttedeau canoneos550d chaton waterdrop eos550d goutte 26112010
1572.0,weber metieratisser loom steer 20190604lyon44 20190222lyon09 foursquarevenue1132794 jousting p_20190708_140639 bouef
856.0,aynay daynay voute img_7296 courbures lyon2014_142 170709 151017 eblouissante n94
1425.0,sarousylv whats alps lgbt neelsandrine turismo fiertes lesbi stjeanbaptiste catedral
1017.0,peloton fahrrad cyclisme tourdefrance cycling 20140717_181123 hesjedal ryder 20140717_181303_hdr вдоль
1008.0,4thjuly mattt d200 dartifice feudartifice 14juillet fireworks 2428 628 728
561.0,techniquephoto faaade datailsarchitecturaux lowkey architectureetbatiments detailsarchitecturaux fineart img_9885 1049 1053
162.0,img_20180519_172702 img_20180519_172715 img_20180519_172929 img_20180519_172752 img_20180519_172857 img_20180519_172745 img_20180519_172815 img_20180520_145441 img_20180520_145539 lrm_export_20180520_150416
1032.0,artreligieux eropean y1drgmmasxaqo4ygtrutkg lejlpnyms4ojq8jr77dnuw fullsizeoutput_1a8d7 p1010966 winged communications antennes shrine
1432.0,foursquarevenue4c4f46ad79ffe21e875b601a 041_stitch alertlol dogporn e510 olympuse510 canine 1260mmf284 miltonmic pornographie
176.0,20160708_215126 20160708_214835 20160708_215040 20160708_215256 20160708_214758 20160708_215308 20160708_215335 20160708_215145 20160708_215325 20160708_215137
1370.0,campagneidentitaire identitaire autrejeunesse detailurbain palissade urbandetail extremist screw extreme autocollant
237.0,volpe garageateliergalerie photostream fever coca garage galerie vincent c atelier
1250.0,larsoo larsooetro ro bpf laureth sulfate mosquita owl nite haggai
1355.0,img_2522 flambee flambes minanee img_2560 img_2524 img_2548 img_2525 img_2527 coreen
251.0,167003 a66 2907 2639 2627 etb18 mcl80 vevey 207 2640
421.0,lattaque avalanche avalanchecup biking downhill crossfour sarra vttdescente mountainbike rider
547.0,rembarde sparks penichebleu hugopratt pontraymondbarre pontpasteur schuman raymond pratt etincelles
959.0,dazure languedoc drance champageardenne heg perouges reims 20140530alongtheriver ardeche lyon02
1627.0,39 cathedrale 29 27 23 26 25 28 22 21
279.0,ragnarok typedimage planque bleudemethylene caracteristiquesdelaphoto teintee dispersion initiale evidence mouvements
1598.0,emeraldcruiselines cathedralesaintjeanbaptiste baptiste rhoneriver rivercruise geolat4576062 geolon482759 73 67 76
1616.0,duomo cattedrale chiesa luci_0754 luci_0755 luci_0762 luci_0768 luci_0745 luci_0777 luci_0748
19.0,wal mvimg_20190707_200558 mvimg_20190707_193841 mvimg_20190707_145322 mvimg_20190707_193836 mvimg_20190703_191146 mvimg_20190707_145240 mvimg_20190707_145244 porwal mvimg_20190707_145326
1235.0,img_2595 img_2609 img_2590 img_2621 img_2597 img_2619 img_2591 img_2600 img_2614 img_2592
343.0,foursquarevenue4e0462c82271233b767cec75 olivier_ramonteu_photography workshopiscoming workshop prime abord mercipourcemoment lesdossiers maime mezzo
643.0,tracer teencosplay evangelion asuka cosplayoverwatchcosplay doverwatch tracercosplaycosplay japactujapactujapactuinfogirlgirl genisis langley
1500.0,blasons juiverie _17_juiverie_lyon _25_juiverie_lyon _11_juiverie_lyon _34_juiverie_lyon _26_juiverie_lyon _16_juiverie_lyon _20_juiverie_lyon _29_juiverie_lyon
611.0,bivouac corto maltese jouve pauljouve touaregs 75mm 1931 hugopratt touareg
133.0,aubergedupontdecollongespaulbocuse gourmet collongesaumontdor beaufinley onfan redsocial gastronomia michelin paulbocuse_officiel auberge
1050.0,basilicadenotredamedefourvierelyon basilicaofnotredamedefourvierelyon basilicadenotredamedefourviere notredamedefourvierelyon cinquieme 5earrondissement cinquiemearrondissement 5e 5emearrondissement imagined
409.0,saintirenee stirenee piles institutfrancochinois institutfrancochinoisdelyon residencealix aqueductofthegier ruinesromaines romanaqueduct fortsaintirenee
413.0,blin bruny vinay cimetiere loyasse 20151108 303 tombe sarcophage 301
733.0,linda carmen img_20181111_160139 ocas bondit snowcovered lionesas bargevegetalisee img_20170928_182214 img_20181111_160209
1225.0,corp rules swing couleures dk jacobines img_06122015_095347 thebeautyisyourface attitude nrc
994.0,img_0452jpg img_0453jpg dsc00268 seen d50 leverdesoleil citycenter vrpanorama ricohthetas 360x180
993.0,cityscpe fourvierehillpano 20170712_151843_35851367236_ojpg thunderstorm celluleorageuse stormcell francija avalonaffinity avalonwaterways fourvierehill
851.0,france0341 france0174 france0315 france0240 france0181 france0169 france0025 france0312 france0321 france0017
247.0,lemuseeurbain tonygarnier councilestate citedesetatsunis annees1930 logementsocial hbm socialhousing lyon8 etatsunis
492.0,protomartyr korto konzert 29032017 forestpooky singersongwriter pooky konzertfotografie lemarchegare foursquarevenue4ebadf6fd3e3705543eb6154
486.0,nemo pierrefauriat panterad aquarium pontdelamulatiere pentaxk5 justpentax k5 lamulatiere mer
231.0,avenuedeleurope boulevarddesetatsunis avenueberthelot babel villonboulevard wieza berthelotboulevard trams strasenbahn transportsencommunlyonnais
876.0,foursquarevenue4ba931e5f964a52030133ae3 soapbubble marchedenoel 974 vermelho soap placecarnot bubbles monumentdelarepublique geolon482779384
150.0,specializedturbolevo platdesaintromain croixdesbrosses vttae boisdetaconan coldesbrosses faisan wintercross montsdulyonnais cyclocrampons
146.0,demeure demeureduchaos mont chaos romain dor st 2019 detail mur
152.0,sculpturemoderne palaisideal landart postapocalyptique artsingulier modernsculpture rawart outsiderart salamanderspirit taz
802.0,chameleon crocodile crocodiledunil huaweip20prozoom3x p20 dents papatte waterbirds labreuvoirdelasavane thewateringplaceofthesavannah
1219.0,moustache clemouchka kristx artophilia fings freefings burdeau pimentetespelette soierie rueburdeau
1439.0,163508 operanational ad360 tanzerin storvandre _dsc1423_dxopl2 natura danseuse wooden oper
1033.0,summicronr l35d800 leitax lyo15 summicronr35mmf2 f2 kirche leitz summicron d800
1402.0,foursquarevenue4c3f5b6e520fa593fc78c6ac pardel effigies effigiesoflouispradelandlouiselabbe effigiesdelouispradeletdelouiselabbe pradel labbe ipousteguy daisy lesterreaux
289.0,soho immeublebureaux dcbinternational lasham poleemploi peqa kirliancamera2015 kirlian fossi elena
378.0,lumieremusee 盧米埃 盧米埃電影博物館 karla femmephotale karlakelley kelley 20191017_171113 20171015_185504 p1010377
13.0,woodstower peaches herman tricky gull dragonfly hovering wetlands uncovered_instants chroicocephalus
1144.0,foursquarevenue4bec3129b3352d7fea5c57d2 monsieur_poulpe davymourier magnolia dela inas1935film jimmylens prepuce bourse pluvieuse
109.0,didier saintdidieraumontdor aurata cetonia cetoniaaurata rosechafer grasshopper panel slough cetoine
753.0,rokmeulphotography rokmeul kingston grandlyonmetropole nikon2470mm nikonfullframe lasoane purpose lafranceestbelle foggy
1084.0,pinceaux liqueurs finestra bicyclist volata verlaten fiets fietser foursquarevenue50be0afde4b08488f9cb39b6 lavagne
651.0,activiteculturelle nouveauquartier collectiondartsetmetiers histoirenaturelle journeedupatrimoine grues journees coophimmelblau yokainoshima modernbuilding
1097.0,jaquesgermainsoufflot grandhoteldieu repetitions fdl2017 dscf6598a mesurespot dscf6608a dscf6591a dscf6604a dscf6565a
930.0,watchingyou img_4680 img_4664 img_4660 img_4652 img_4671 img_4655 img_4658 img_4653 img_4647
1309.0,23042013 festif marchecontremonsanto mariagepourtous rassemblement monsanto contre fetedeslumieres2013 fetedeslumieres2014 marche
913.0,dort dsc_1230 dsc_1227 dsc_1223 dsc_1228 dsc_1226 dsc_1242 dsc_1332 dsc_1345 dsc_1300
1313.0,placedescelestins 2emearrondissement deuxiemearrondissement 2earrondissement lyon2 2e deuxieme foursquarevenue4b8a84caf964a520567032e3 d80 cœur
581.0,mgla behemoth auvergnerha secrets nealpes villeurbanne moon fr
1430.0,sinvitent brindilles anooki lopera luci_0047 oxyde rebondissement luci_0041 luci_0046 luci_0052
1618.0,mesetiquettes img_2152 img_2153 img_2149 img_2154 unitedkingdom img_2358jpg img_2156 imgp1068 imgp1069
767.0,blackbird lyo12 lyf mdc lyb turdus thrush merula ed1 svarttrost
370.0,europeangreenwoodpecker picvert picusviridis woodpecker picepeiche greatspottedwoodpecker dendrocoposmajor cherrytree epeiche cherries
708.0,storage garesncf luggage garelyonpartdieu chien_2 bibliothequedelapartdieu 13523 fauteuilroulant 5sprocket 相片
1579.0,west 8873 roze p1020046 p1020047 bouiboui img_0845 img_0847 alexlud 8834
691.0,foursquarevenue4ca4a0a7d7c33704f3e8aa62 concierge lobby picplz lyon2014_170 p1030532 p1030464 p1030467 crimson lyon2014_171
1114.0,finiculaire carnot cordiere ficelle ruethomassin paufique president thomassin tunnel rainy
1578.0,ocubo pigments finiculaire 9decembre2018 funicular machinerie poinzero maggaly pigmentsdelumiere fetedeslumieres2018alyon
665.0,dualiso wolfprix magiclantern helmutswiczinsky contemporaine lyon2015 longueexposure thedoors modernity topography
1637.0,20160807 unisson venturacarmona schneiderkreuznachxenar13575 img_20180521_131703 img_4455jpg timeofyourlife img_20180521_131707 fontainesaintjean e100vs
931.0,balaha artifact theatreetodeonromain lyon2014_37 dsc_2520_dxo remplit lyon2014_36 lyon2014_38 antique galloromain
516.0,placerecamier balkon kilmarnock pegase salixcaprea ruevauban mouse saintjoseph hibiscus appartement
506.0,img_1940 avenuethiers img_1938 luci_0305 luci_0304 img_1941 3122 foursquarevenue8417442 img_1939 telelyonmetropole
1264.0,20161209fetedeslumieres122 encouragements saintnizier saintnizierchurch _phm1432 08122010dsc_0314 08122010dsc_0312 08122010dsc_0303 dsc_0921jpg tonemapping
201.0,categories phasedejeu toulouse clubs attaqueavecballon teleconverter tc20eiii stadetoulousain wwwsylvainmestrecom matmutstadium
880.0,troisiemearrondissement 3emearrondissement 3earrondissement prefecture lyon3 3e troisieme 69003 3eme img_7686
200.0,millenairehopital hopitalsaintjeandedieu 290 sigmundfreud statuessculptures demi psychanalyse murpeint vienne freud
288.0,lebosse fromagerie felix loveisintheair cheese market sapin villeurbanne weekend miss
232.0,brumes img_3872 fujifilmxpro1 img_1648s img_1652s img_3144 img_1646s img_1505f 4800m img_3873
214.0,stagephotononame efs feyssine noctuelle gathering butine hadenine cheniclet chenille 60mm
127.0,tac grab 20170810_09483401 diy 5050 skatepark feeble wallie urbanway saut
134.0,foodspottingplace552326 collongespaul foodspotting aubergedupontdecollongespaulbocuse auberge vessie hos truffee fromages butter
775.0,yesil lunti سبز xanhlacay 초록 зеленыицвет اخضر 綠色 verdr grun
347.0,foursquarevenue4e29c318483bb05f058beee4 duchere piliers shonko imgp1988 voeckler imgp2032 imgp2029 makebeautiful touret
1644.0,1849 established blackpages admirez fondee herboristerie thing earlier party escargots
857.0,ainay p1000832 p1000874 yjbwdzpqqgyo4ymxhtxna p1000862 p1000864 p1000789 vw8o4zhttmcrpb8xfcag p1000999 fullsizeoutput_1a12f
846.0,compagniedeswagonslits orientexpress 241 335 locomotive 3p7a6668jpg 3p7a6665jpg 22340 sncffret 3p7a6684jpg
453.0,zooartshow bruskemaxp elephant moleskine e16 60e topsiturbi stom500 gorille azed
1411.0,twapero geolat45767798 addressstreetplacedesterreaux3 geolon4833872 chimneys geosourcecgi 20placedesterreaux formerbenedictineconvent municipalmuseumoffineartsinthefrenchcityoflyon thepalaissaintpierre
599.0,ladarse avalonaffinity avalon avalonwaterways ly1215 _p7a9294jpg _dsc6748jpg _p7a9291jpg _p7a9300jpg _dsc6744jpg
995.0,foursquarevenue4b65704ff964a52096f02ae3 птичьего высоты полета como с mirador panoramicview stjohncathedral privados
1393.0,iloveclouds 20130906 γιορτηφωτα festivaldelleluci fetedeslumieres_20171209_45 feteslumieres_20111208_008 fetedeslumieres_20171209_42 feteslumieres_20111208_015 feteslumieres_20111208_011 feteslumieres_20111208_013
1341.0,gr 28mm provia 50f instruction9 100f grd velvia prend ricoh
266.0,minouk minouklim usinesfagor lim laouleseauxsemelent biennaledartcontemporain 15emebiennaledelyon 15eme 20190927_183827 20190927_183938
929.0,trouwfotos jurk 20140203_3 imag8644 helder ruerogerradisson 05_29_37 breathtaking _frn2985 zitten
884.0,clearance rf pontgallieni gallieni filemd5sum161b2bc0c053ed0c2527eac52a500fe7 filesha1sigecfc108839d6faee5d130a120b31529b2eda10a2 auvergnerhonesalpes michaelleekphotography foursquarevenue4c74bbb5ff1fb60c6767f4a7 20190717_143515
825.0,conducteur videosurveillance radiocommande dits2011 itsspain drone ceremonie electrique palmier congres
149.0,arbresremarquables tassin osages loranger tassinlademilune judee explosion bassins nationale jardins
830.0,egout canonefextenderx2iii 70200mmf28lusm animalscity parcsetjardins herongardebœufs bizzare mvimg_20190709_151142 gardeboeuf ente
423.0,xixemesiecle parallelogrammedewatt ancienneusinedeseauxdecaluiresaintclair patrimoineindustriel saintclair eaux journeesdupatrimoine usine leadinglines ancienne
1187.0,foursquarevenue4fb21dc1e4b03516ff419139 depends bundle cuddly ptdr important instawhippet says terrier whippet
1046.0,romanesqueandbyzantinearchitecturestyle labasiliquenotredamedefourviere statueofsaintmichael victorfabisch thegoldvirginstatue pierrebossan courdappeldelyon cathedralesaintjeanbaptiste placesaintjean metallictower
746.0,peonia chineseplants paonie peony گلصدتومانی mahonia wisteria ginkgo ortobotanico unidentified
726.0,soirie passementerie tissage soirievivante2003 soirievivante2005 soirievivante1977 soirievivante2006 soirievivante1986 soirievivante1971 soirievivante1998
725.0,jardinremarquable feuilletage nymphaeaceae lyo12 daims 70200 europ departementdurhone ecorce nelumbo
739.0,img_1574 filmdc t1 naissance objectifjane premieres jours chaussures sansflash hipstaprint
1080.0,modiste largue passagedelargue magasins presentoir betty 1930 printsavailable lowendtheory egalement
93.0,dessertalassiette pastrycook gourmandise gourmande sensibilitegourmande patissier sensibilite meilleurouvrierdefrance mof thierrycourt
1515.0,bartholdifountain mojito bacardi 29thapril angela fontainebartholdi dsc04362 lumierelyon6 nikond7000 bartholdi
1464.0,vegans performer branding 269 demonstrator piercing capitaledesgaules orbes lumieresrhone saintesprint
1499.0,freemasonary 20170712_152620_35082860983_ojpg img_3575 img_3125 img_3124 img_3123 img_3126 img_3121 img_3120 img_3127
664.0,cofluences niveau coop himmelblau socle108 loin108 socle115 socle107 socle101 socle105
1367.0,trail img_7276 img_0694 img_0666 img_0667 img_0683 img_9119 img_1023 img_0693 img_9121
952.0,lose pq loseyourmind coteobscur obscurworld walkinginlyon watergame payant tomber equilibre
527.0,goeland impossibleproject bla 600af 1079 bergesauvage 1077 px680colorshadeff 1076 1080
928.0,scape driving 2605 journey roadtrip jardinsdurosaire drive etape center june
1600.0,piazzetta danza corse segreti passaggi colori fuga pardessus viottoli scorci
163.0,ikea video tours mode journee flickriosappfilternofilter uploadedbyflickrmobile en
1222.0,1mois1theme _dsc0043 _dsc0030 _dsc0049 _dsc0051 _dsc0026 _dsc0047 _dsc0019 _dsc0036 _dsc0002
806.0,geuillage πουλια 鳥 ptactvo ptakow ein 鳥類 artiodactyla gruiformes นก
121.0,boardgame j2s
346.0,lyon9arrondissement lyon9emearrondissement univers9 lyon9iemearrondissement studiopouretudiant studioetudiant appartementetudiants lesbellesannees accomodation appartementetudiant
621.0,1640 150153 150144 _dsc1872_dxopl2 150228 150217 interactivite ux museographie 1800
630.0,142430 lyonconfluentrhonesaoneraymondbarreconfluencesaintcla 142308 _dsc1831_dxopl2 142314 142435 1400 _dsc1831 a160260 jalousie0219
83.0,moso 20142015 allons bio morgen mil couronnedefleurs veronique bodypainting denfant
1497.0,1635 patrimoinedelhumanite vieillespierres d750 flux quartiersaintjean 28082011dsc_0001 photos761 _dsc8961l_v1 photos747
595.0,bodsi spatial ines coop himmelblau coophimmelblau vaisseau cs7cs8 img_0800panoramajpg museedesconfluence
1173.0,ifag yoann large placedelarepublique air marie republique illuminations saintjean 8decembre
1462.0,renoir apollo apollon bancspublics statuedapollon dapollon pierreauguste danae dauguste gauguin
1052.0,20140529basiliquedenotredamedefourviere 20140529 dame notre basilique fourviere
1576.0,beaune macon astronomical astronomicalclock cathedraldestjean frbeaune rhonecruise clock paisajeurbano cityscapes
791.0,worldfestivalofroses rosegarden venise festivalmondialdesroses zinnia roseraie costume pistile fushia masque
1458.0,stpierre 18851966 belek combetdescombes jungle det saintcloud detrempe debussy dalbanne
495.0,soirie passementerie tissage seda soirievivante1969 img_2446 img_3658 soirievivante1962 costuras soirievivante1953
282.0,fujian cctv ep1 2352 quartz pressense adox francis voigtlandervitob voigtlandervito
1253.0,detailed rich stained phap فرانسه ประเทศฝรงเศส perancis pransiya frankryk fransa
554.0,wickedbass2 breaks drumnbass viza dubstep axionesti scenedevie frscenedevie djgalex tetrahydrok
1026.0,ayersrock twapero ayers ayersrockboat foursquarevenue4d9b581303d8721ec4cbe524 australiaflag australianflag berge wilsonbridge wilsonbridgelyon
1028.0,ggircqvarkgzrxgyvxpoew fedelmente mts_5413xx fullsizeoutput_1a8d1 img_0266 fourvierebasilica candele 20140529basiliquedenotredamedefourviere 1504 rhonecruise
1190.0,foursquarevenue4fb21dc1e4b03516ff419139 bistrotcco sleep sick dormir plutot sacred devaste gloomy chocolatesauce
1442.0,martinesodaigui antoinemariechenavard pollet jeanmariepollet dipousteguy neoclassical neoclassique jeannouvel chenavard lhistoire
1431.0,lesarcades dear amies scared famousinfrance reason issues struggling pressed incapacitated
1280.0,mania trevor stagup saveur perffusion basile chicky kken92 ernest ofe
1420.0,img_5176 img_1715 img_1701 img_5185 poselonguelong img_1709 img_8564 exposureville lightspentax img_8563
1241.0,1714 indira spph2000 gandhi nonow pouteau wad ose sirob nox
550.0,placeeurope leurope garibaldi halles agf 69006 jaures cones img_7149 icecream
1414.0,marchedesfiertes foursquarevenue4bb23be44019a593f68d36b8 gaypridelyon photos3071 luci_0027 hauserschlucht luci_0028 luci_0024 fiertes ruejosephserlin
835.0,shams adel abdessemed lantidote museedefrance adelabdessemed motopoetique macdelyon museedartcontemporaindelyon 20161022_134754
551.0,cafedesanges anges aperitif plat laguna baryshnikov mvimg_20190702_164424 gas ana drink
174.0,dsc02651 dsc02653 dsc02660 dsc02622 dsc02659 dsc02662 dsc02623 dsc02656 dsc02667 dsc02666
1106.0,ors02 98810019 812 stbonaventure religieux bourse automobile immeubles eglise rue
1592.0,museu 20140814_174913_hdr jean_0200 img_1572f jean_0201 img_4639 img_4675 dsc06912 charge_0258 img_4638
667.0,museesdesconfluences temporaire dhorizons maltese corto cortomaltese hugoprattlignesdhorizons pratt hugopratt fossiles
1156.0,jil jildhostun dhostun jewej madeinfrance zittend voetpad citaat wachtend loitering
618.0,massimilianoanddorianafuksas lyonislandsblockbsouth rfrparis mixeduse vincenzoamantea islands htvsarchitecture west8 ecdm pierregautier
1530.0,lyonfetedeslumieres8decembrenuitlumieres museegadagne gadagne shadows ombres 8decembre fetedeslumieres nuit lumieres
104.0,epoquauto2018 panhardlevassor proto dynavia levassor panhard cx 024 1948 kmh
1563.0,chretiennes 20170712_161825 20170712_161825_35724313992_ojpg 20170712_161949_35893629595_ojpg christianisme ouverture 20170712_161829 20170712_161949 pleincintre epoquecarolingiene
1564.0,foursquarevenue4bcdea1d937ca593d08fad92 104918 july2018lyon mourguet funicular l10 _dsc1523 l06 _dsc6810jpg overview
721.0,mir zombi rosa muhelysarka lasco hand morgane drawing jardin main
1121.0,pintow jour1 lg lyon2015 sketchers grognard img_7900 feutre urbansketchers lescalier
650.0,panneaux panels mobhotel enfantosaure terribilis coquillages lark euronews mammouth mob
636.0,marcelo brodsky berger machefer c3po vilalba tears creatures 14emebiennaledelyon dario
1103.0,cordadra fetedeslumiereslyon2013 lyn fdl18 ofportalsandparallelworlds caresses 2emearrondissement deuxiemearrondissement climatique cloister
1102.0,img_5394 img_5419 img_5413 img_5398 img_5408 img_5412 img_5401 architcture luci_0013 img_5420
793.0,saules gele volupte cimg6325 cimg6328 cimg6322 cimg6324 saone_gelee_015_1202201210 cimg6318 psychedilique
1162.0,foursquarevenue4b93eac7f964a520ac5934e3 movietheatre pathebellecour showcase gnawa pathe fnac seigner tarantino russ
769.0,carnivorousplants serrehollandaise sarracenia cycad thouarsii cycas cycasthouarsii greenhose carnivorous estufa
411.0,cerisaie parcdelacerisaie vigne gaspard gillet villa niquer img_0644 img_0639 ceriseraie
302.0,cycliste appartementpouretudiant appartementmeuble logementetudiant lyon7 chambreuniversitairelesbellesannees universitaire chambreetudiante residenceetudiants chambreetudiant
1243.0,assisesurdesmarches yokochancosplay nyannuro assise pulpit marches george ad200 souk automates
1416.0,panasoniclx2 statuaclassica terraces lesterrassessaintpierre pissarro jardindupalaisstpierre formercloister municipalgarden gods flute
1212.0,flickrsyncpermpublic 4254lyon 6141lyon 4232lyon 4222lyon 6139lyon 4218lyon 4253lyon 4241lyon 4227lyon
313.0,tokiedas тадаситокиэда tadasitokieda 時枝正 tadashitokieda internationalsummerschoolofmathematicsforyoungstudents issmys dice gaianepanina tadashi
1193.0,115601 115544 blader geolat45757 geolon483166666667 lacharite _dsc1767_dxopl2 img_2052 _dsc1768 zombieday9
418.0,vourloud bedor hoffherr bosco congregation ferber empiles leroudier 20151108 cimetiere
1016.0,buvette waterway bronicasqa zenzanon purpura onelegged puple homescanned sens_interdits pordosol
186.0,cineduchere toniolibero devenue pierregenton notredamedebalmont rueandreisakharov laduchere 9e duchere cine
290.0,fredtousch arnaudaymard francoisrollin lenomdutitre spectaclesartsdelarue nom artidistrada artsdelarue streetarts spettacolo
449.0,mjcjeanmace sapins kaiten grignard pr sushi marathonphoto contrast haut 34
234.0,debrousse canon50mm18 studyabroad hopital stadedefoot villa dominant vegetation lancien 550d
1336.0,rubbish wool sathonay cigarettes laureth sulfate ballet placesathonay jim bajo
275.0,dormira bartabac foursquarevenue50755e63e4b05ab50087a959 jeroxieeats jeroxielyon jam atable petitcommerce spread butternut
891.0,fruniversitelyon2 frrealisateur campusbergesdurhone universitylyon2 paulvecchiali frcineaste universitelyon2 frecrivain lectures cinephile
961.0,tagsadded img_2055 junio wp_20170210_11_33_26_rich wp_20170210_11_07_08_rich p1090436 wp_20170210_11_11_18_rich tamron2470mmf28 canon6d june
1359.0,storvandre natura bestofblinkwinners matinee xperiaxz cycliste tours saveur blinkagain 7d
879.0,img_7696 img_5058 colorphotoaward img_7697 img_7698 dsc_1434 urbanfestival img_7709 appartement 3earrondissement
950.0,121402 121442 colonne lyon20170729277basiliquefourviere _dsc1581_dxopl2 lyon20170729280basiliquefourviere lyon20170729273basiliquefourviere img_4585 _dsc1582_dxopl2 lyon20170729281basiliquefourviere
945.0,fourvierefrance july2018lyon italy0610 _dsc0332 gustaveeiffel damme p里昂3 rayondesoleil fourvire paorpura
918.0,geolon4823628 llens 20161030_100754 m7091_basiliquefourviere_lyon 20190604lyon24 20190604lyon27 img_20180521_130538 geolat45761660 20190604lyon26 ef70200mmf4lisusm
919.0,dublin trinity harper 2016maifrancelyon cork 140554 accompagnement kiosqueamusique barrieres ferforge
934.0,shingeki kyojin sasha braus shingekinokyojin seraph owari 121334 2500 121325
263.0,feuxdartitifices julienreboulet fetenational wwwjulienrebouletfr shipboard d200 artifice neiche macif wow1
34.0,tonnerreeclair rillieuxlapape 19042012p1040086jpg dsc_7251jpg dsc_0431jpg nico dsc_7283jpg 03062012p1040272jpg dsc_7295jpg dsc_7287jpg
36.0,tourslyautey lavelette velette ariel rillieuxlapape lyautey valentine pearl barbie demolition
699.0,trophee adcet collectivitesterritoriales tect sanscontactnfcollectivites territoriales trophees territorialeslyonsanscontactnfccollectivites ladcet monetique
703.0,brun aigrette ours couronnee2 1405 sigme ridingschool cournnee 2870mmf28exdg brun3
497.0,sparks remond sytal penichebleu etincelles pontpasteur pontraymondbarre 1257 mod 20130925_221113
925.0,winding museedelacivilisationgalloromaine galloromanmuseum img_4301 20160713_124659 20160713_123750 img_4300 stoneage 20160713_122443 prehistoric
391.0,herbier campusdeladoua lapref herbium ladoua laura graine casier maldivica wideopen
763.0,pianist pianiste chic sessions teeshirt savatte listener alt aeterna elderly
649.0,musee_des_confluences 012016 ethnographie dinosaures dinosaur ig_lyon dinosaure visit familytravel 歪七扭八建築參考案例
1285.0,1711 lyon18 nobordernonation 2382vw69 imag0015 nmt222 235 scope cinemascope mafate69
1281.0,floppiz schlassss iso400 eos1n 20170131 copiercoller kafar poupette reyrue nihilo
1098.0,113559 foursquarevenue4be2e0c621d5a593887f1711 _dsc1743_dxopl2 grandhoteldieu lyn fdl18 _dsc1743 4000_nik 4000 lhopital
671.0,tal alizee scoop system filmctypeplate objectiftinto1884 radio trem magic commercial
51.0,vietnamese pornfood voldenuit instafood asianfood foursquarevenue4e1c46c062e11cdc74409581 saimaient cayleweekend 8bits iso3200
714.0,酒店 丽笙 amenity lobby bathroom radissonblu turndown celest reception bedroom
583.0,pantone 152365 helmut 143365 156365 l03 144365 139365 lardeche 118365
576.0,mauritus lush encens 273365 310365 315365 269365 275365 313365 262365
1265.0,paroisse catholique nizier summicronr l35d800 leitax lyo15 summicronr35mmf2 f2 kirche
976.0,trashcan determination 072016lyonlanuit_03_06 072016lyonlanuit_15 tipped pillows marigolds sugar europe2014 autoupload3
1257.0,bali danses solistes musiker musiciens theatredescelestins musician celestins02 theater celestin
406.0,20181027_083642 20181027_083646 20181028_091120 20181028_091123 20181028_093157 20181027_083808 20181027_085253 20181028_100225 20181028_101603 20181028_091108
1160.0,agriculture agriculteurs lutte emeute mvimg_20190704_150034 прессои geolon483485642 tva cannelle палатка
1155.0,20161209fetedeslumieres021 20161209fetedeslumieres023 20161209fetedeslumieres022 20161209fetedeslumieres020 2016030420 20161210_212734 20161210_212626 2016030411 20161210_212624 20161210_212753
612.0,puitsgravite projecteurs superstructures gravite projecteur pietons puits rampe clairdelune conluent
869.0,saintmartindainay stmartindainay saintmartin dainay 69rhone 8780 8789 8767 8768 8787
1372.0,20180409_123146 20180409_121811 20180409_123236 22_2998 20180409_123135 20180409_123237 22_2937 fairytale 20180409_114324 20180409_114303
1063.0,foursquarevenue4e91a5c9b8039b45585a7df6 earlier braai fakereality rmf fxlemaitre month ctfx erpi dplanet
172.0,dsc02680 dsc03097 parcdeparilly dsc03096 dsc02678 dsc03094 dsc02679 dsc02722 dsc03098 dsc02633
221.0,jeanmichelothoniel rivermovie lebelvedereetleslanternesdelilebarbe designed othoniel lyoncaluire lacmerplandeaufleuveocean pearls murano belvedere
308.0,010417 01042017 lecroiseur yaofdesign croiseur theflyingsausageconspiracy lesbriquesduneant yaof freenoise canon80d
310.0,hommageakikileclown chouing lachouing grossetete oliviergrossetete invites spectaclesartsdelarue artidistrada artsdelarue streetarts
982.0,rayonnement hoteldedieu confluencecruise jourcrepusculaire heuremagique magichour daytwilight urt bluelight 夜
1440.0,sl35 boston rollei rolleiflexsl35 lyon117 colordynarex dynarex dsc04984 lyon111 lyon108
1214.0,cityatnight calendar imag0498 steeo architectture imag0476 mimikri 20150217_154001 imag0494 imag0489
426.0,sada renato amisy brasilfr consulaires ali moche concealed frustration decrepi
293.0,colintampon tampon fanfara transeexpress ambulazione ambulation colin fanfare spectaclesartsdelarue deambulation
1474.0,colorsfrommemory asiantourists memoire 23 22 21 19 17 9 colors
1468.0,courdassises palaisdes24colonnes palaceofthe24columns louispierrebaltard baltard courdappel tribunal neoclassique courthouse neoclassical
577.0,oktomat r46 clicpomme 47365 b163 macpro amertume accountancy 50365 71365
788.0,rongeur zooparc primates animalier zoologique panthera nomascus leucogenys dama favoris
1069.0,tiltshit boulevard plongee fantasques pigeonnante goutiere lph derobee paquets 195
796.0,zebres zebredehartmann equuszebrahartmannae equuszebra plaineafricaine zebresdehartmann zebresdesmontagnes zebras zebredesmontagnes woods
795.0,foursquarevenue4b851cb1f964a5207a4c31e3 transition monacoar personnalshoot artophilia artgay posture grillage slack sauvage
1178.0,145353 minion 2k12 zombies 20140707 attack 040613bellecour dsc07381 beleecour blood
438.0,foursquarevenue511163a6e4b0d386ce6a9215 grenier dabondance charly soiwee grenierdabondance dsc_7291 twopicale conservatoirenationalsuperieurmusiqueetdansecnsmd cnsmd
1226.0,juli rodagigante sommer lyon18089 foosball childrensgames jeuxdenfants grandroue dsc_0823 gransroue
1010.0,ornament 07getty reservado copyright 40mmf28stmpancake europeu frances luizfelipedasilvadecastro luizfelipecastro fotografo
1419.0,foursquarevenue4bc4a167920eb7138a021f2c soyeuxdestins brrr utiles seflies img_1377s bellecourlyonbellecourpresquilerhonehotel hoteldevilledelyonplace rencard _dsf3992jpg
1196.0,foursquarevenue4fb21dc1e4b03516ff419139 ducati malade confirmation emiting played tristes chipmunk motorbikes wibes
569.0,testament amonamarth amon amarth viking baseproduction liveconcert thrash thrashmetal livepic
911.0,isabelfagg imperiumromanum fiona empireromain explanation romanempire experimentations etudiantes cavorite olavia
1632.0,wwii unisson 03072011dsc_0078 03072011dsc_0121 03072011dsc_0142 03072011dsc_0153 p2017 03072011dsc_0114 03072011dsc_0151 03072011dsc_0065
1617.0,duomo 20161209fetedeslumieres098 cattedrale chiesa luci_0709 luci_0692 luci_0701 luci_0714 luci_0705 luci_0695
1647.0,martinesodaigui fountainhead 062214 reverie img_1399 springs pennons img_1400 primatiale classy
692.0,celest 酒店 丽笙 餐厅 radissonblu atrium assises philo barreau lyon_y162850
1491.0,transenocturne interpretation bartoldi prisma feteslumieres_20111208_050 feteslumieres_20111208_043 feteslumieres_20111208_049 feteslumieres_20111208_046 fetelumieres_20141208_059 feteslumieres_20111208_045
1251.0,stnizier croyances 155843 dsc09383 dsc09348 p1470211 20150317_054901 dsc09357 dsc09350 20150317_053112
466.0,3emecirconscription lamadeleine legislatives eleni eleniferlet ferlet tract frontdegauche saintlouis apparent
1363.0,telecommande efs1855mmf3556is fetenational 14th trepied eos550d lightpainting fireworks july harley
1565.0,54ruesaintjean lalonguetraboule 27rueduboeuf thelongtraboule traboulepasses ruedubœuf rueduboeuf boeuf alley 54
485.0,trails pontdelamulatiere mulatiere heurebleu lamulatiere ferroviaire plays img_3909 clownfish longueexposiition
1057.0,effel dsc_1941 dissution weeping 07getty gettyimagesfranceq2 luizfelipedasilvadecastro luizfelipecastro fotografo were
125.0,limonaire organs gaudin abbayedecollonges montdor collonges abbaye paulbocuse bocuse collection
774.0,grandesserrestropicales grandesserres tropicalgreenhouse hothouse cycad botanicgarden conservatory tropicalplants botanicgarde australianplants
246.0,residenceetudiante residencepouretudiants logementetudiant marietton location appartement 69009 70200mmf28 studywest salesman
1517.0,archeologique jardinarcheologique ardif achat foursquarevenue4b24e320f964a520546a24e3 dsc_0146 gluckliche arenatio distressed kuh
1353.0,kora gabon httpwwwlumiereslyonfrlumieressectionsfr removal fetesconsulaires tradition afrique ferriswheels luci_0651 makeup
734.0,p2p vegetation differentes damazonie carnivores preparatifs partipirate piquenique element cruziana
536.0,churchoftheimmaculateconception limmaculee archdioceseoflyon 94avenuemarechaldesaxe parishchurch eglisedelimmaculeeconception ruepierrecorneille charlesmariefranchet williamleo fiducial
634.0,antartica ascenseur level lift elevator 0 terrasse travaux museedesconfluences confluences
1521.0,quays etsi quaies storico rochedy striker centro fnj lamphi ljam
633.0,d4s guimet brochier fusinadominik fusina _dsc0291 _dsc0283_85_stitch _dsc0266 _dsc0324_327_stitch fibreoptique
647.0,museedelaconfluence regamey vus av avalokitesvera 664 goliathus bodhisattva larchitecture felix
748.0,tz40 jussieu チューリッフ laleler لالهها mailys тюльпаны flowerbed grandeserre botanicalgardens
1142.0,wp_20131208_00_03_47_pro wp_20131208_00_03_08_pro pareille geolat4576827 wp_20131208_00_04_15_pro wp_20131208_00_03_57_pro wp_20131208_00_04_08_pro exiffocallength1226mm wp_20131208_00_04_53_pro wp_20131208_00_04_42_pro
526.0,ferree entrepot cubeorange friche rdc redhair purplesea88 marinebertrand voie faune
229.0,lyonmouche bb25150 cc6559 bb25188 25150 6500 cc7136 bb8169 cc6534 rotonde
204.0,j15 accraditation transformation 20162017 ubb matmutstadium wwwsylvainmestrecom 2514 lourugby tc20eiii
1180.0,foursquarevenue4e04fb7f62e1e659a8a642ec gagarine royale bundle cuddly caverne loving instawhippet whom ilovelyo
689.0,peleng sabi keyhole spherique 400d autopano mercator stitchedpanorama visitevirtuel panramique
16.0,ferina milouin fuligule aythya yanndimauro agrion soufre azure milvus ornithologie
419.0,foursquarevenue50f87693e4b09387f2fd8648 sarra divinecomedy prozession seidenprozessionsspinner neilhannon spinner seidenspinner battles raupe
862.0,garedelyonperrache exifisospeed320 exifapertureƒ80 fujix100t tracks impressions geolat4574779032 rolltreppe lignet1 geolat4574802149
1203.0,bowie ojos rueneyret patrzy oko orwell cal swiatynia koscioł muzik
1229.0,mailysmoon blueeyes redlips thoughts thought mado disparition suicide blonde pensee
1216.0,tige trail webix img_0771 fumantes img_0775 filtered img_0770 img_4812 20150228_142810
842.0,firman expositon nisennenmondai ooioo pierce kotatkova terrible nee drawings daniel
1380.0,23 22 21 19 17 9 16 15 20 7
301.0,lentree stade gerland devant lion
1583.0,bouquiniste herodote lin liqueurs stargatesg1 蜂蜜商店 一家经营蜂蜜产品的商店 bocaux stargate трабуле
1571.0,chitarra 132902 bookstore mandragore slverefexpro realgrain blakwhite guitarnikon amica _dsc1650
1569.0,19681974 1971 trinite 1968 leicam3 523 482 kleinbild 509 quatro
1584.0,glouton img_2496 piole consomme fondue beef miniature chambre petit flickriosappfilternofilter
338.0,20130310 20060716 foursquarevenue4eab193b7ee5cd8bcdbef40d 20080819 dorage dietetique 2012051 20180619 2012052 2012053
1299.0,img_8198 lfl fdl18 fdl17 efs1022mmf3545usm 153 theatredescelestins 114 121 119
895.0,lyautet crequi volee tagge sabre courrier marechal donnee enfantine timidite
43.0,aulas lyon1950 pol stadedeslumieres grandstade badgones oltv parcolympiquelyonnais caen echauffe
1602.0,gremlins museeminiatureetcinema faitalamain eclaircie class handmade miniature classe quartiersaintjean fall
1096.0,antoinedesaintexupery legrandtour internes 1944 torturerent thelittleprince tourbus gestapo bagelstein montluc
731.0,voler crustacean crested vol 20110206_oiseaux_lac_parc_dsc7452 20110206_oiseaux_lac_parc_dsc7445 20110206_oiseaux_lac_parc_dsc7479 20110206_oiseaux_lac_parc_dsc7470 20110206_oiseaux_lac_parc_dsc7480 20110206_oiseaux_lac_parc_dsc7457
89.0,verificationtechnique rallyelyoncharbonnieresrhone2018 rallyelyoncharbonnieresrhone2019 rallyelyoncharbonnieresrhone2016 rallyelyoncharbonnieresrhone2017 skodafabiar5 hyundaii20r5 mauffreyeric bonatoyoann bouffierbryan
1540.0,gr 28mm js quiquette graphland patiences oletusfotos electrotrottinette matricule nlanc
1074.0,dsc_0274 img_4373 croix_rousse img_3029 amusementparkride jamaicatrip abys autocollant poissone zombie
1628.0,stainglasswindows stainglass stjohnthebaptistscathedral cosmostour6330 astronomicalclock lyonastronomicalclock lot ornate arch baptists
1140.0,eglisedesaintbonaventure recueillement croyances cierge dsc09315 dsc09325 dsc09311 dsc09313 dsc09308 dsc09306
756.0,ef135mmf2l 190412 lucietibolla lucie photocmobile h0013504jpg women eos6d onlyon jardinpublicgarden
1330.0,barclay toto vinci leponge asterix obelix maske adelsa spiderman bigmaske
256.0,fetedulivrejeunesse resister stephanedurand flachet mlis scenographie gerardpicot commissaire plonkreplonk jeunesse
555.0,youthculture electronicmusic dubstep metastaz wicked frculture stevegunn frmusique dub concertrock
1263.0,foursquarevenue4c0958d87e3fc928e4d1f182 20141116_155858_hdr imag1982 imag1976_1 20141116_160032_hdr_20141116160314734 haunted imag1981 imag1980 20141116_160032_hdr hante
1035.0,canoneos7dmkii canonef24105mmf4lisusm raymons miniatures bagelstein ruepaullintier cafebellecour crigne kurama monnayeurs
1045.0,developernamekodaktmax filmdevrecipe8695 developerbrandkodak om30 filmnameilforddelta400 dp400 filmiso400 filmbrandilford kodaktmax ilforddelta
1493.0,vtwin fdl17 fdl18 dsc04451 harleydavidson 185 187 d300 188 186
348.0,cinematographe kotcheff invente institut ted plaquelumiere etiquettebleue dispositifdemediation 1422 photographieinstantanee
541.0,complexe freight immobilier xgc livree geneve maurienne bugey rhones combine
1267.0,facciata navata 160034 organo 2star 1star feste chiesa nizier_0064 nizier_0071
1508.0,chazeaux _dsc6683jpg fetedeslumieres2009_63 _dsc8889_v1 _dsc6682jpg img_2024_2 pingoins placesaintjeanlyon dsc04337 dsc04334
1349.0,fanzone england russia n1 supporter angleterre russie uefa p1020915 p1030004
255.0,cganetjpg mlis evenements schullerovidejpg format patricia anniversaire 9fi432ph 9fi4318ph 9fi532
738.0,windy img_9856 img_1241 mimetisme img_20181111_165201 fleuries sujet a15 img_5936 gardenstosee
1368.0,collines cathedrals hills soane nighttime eglises lit churches early dawn
1174.0,lyonlumieres2018 fontainerie arbredelumiere jacquesrival bigtree bassins lecoqduparthe patherepublique p1020955a p1020954a
1457.0,doggystyle enoha labrador p1090482 p1090471 p1090468 p1090478 m7019_hoteldeville_lyon p1090473 p1090464
813.0,nightpictures img_3677 20161210lyon072 p1010922 img_3676 p1010924 img_3673 anticanicule parcdelateted portail
831.0,archipeldelasensationj gravity stops ernestoneto neto ernesto speaker 14emebiennaledelyon minimal field
832.0,slappy venice anglers bronica rvp50 norvegienne curnkiller ylon 20120813358 20120813357
1443.0,hardouinmansart maupin decotte cotte simonmaupin juleshardouinmansart classicism classicisme ayuntamiento robertdecotte
979.0,roquefort pepper choux poivron valencay cremerie berger oignons vegetables cabbage
983.0,osmway60752859 osmway29179429 foursquarevenue861045 statuary christianisme relief labasilique img_0198 geolat457625 geolon48225
562.0,ines grue katya ramparts 3p7a6430jpg supernatural perez architecturephotographe firm charlotte
1013.0,20180 feux maquette artifice 14juillet fireworks ange nicolassavignat archange nikoncoolpixp7100
1206.0,chasingthunders fujifilmfrance 20180905 violin hofner ignition efectoachury 20180904 dsc_0036 20180903
434.0,partisocialiste ps imgp7082 imgp7765 imgp7798 imgp7790 imgp7742 imgp7737 imgp7739 imgp7766
439.0,xyzt martingautron aix adrienmondot adrienm v15 grenoble v2 murailles ensatt
1591.0,img_20180809_085156 img_20180809_085155 miraboule img_0671 maisondesavocats avocats watercolor sketch aquarelle croquis
1418.0,1218 20382007 etb12 2640 citelis capitale irisbus cristalis 3026 img_20170206_132108_712
30.0,leandre automoi mael vallat pi trax povera ode micronikkorais55mmf28 thibaud
1615.0,duomo cattedrale chiesa luci_0727 luci_0741 luci_0728 luci_0717 luci_0723 luci_0719 luci_0729
1643.0,placestjean cathedraldestjean goblin sc46_1 facet sitdown froit collectionneur cathrdrale smole
1641.0,foursquarevenue4de155a5c65b7a3e20ffc0c9 oneplusone cathedralestjeanbaptiste lieuxdeculte quartiers themes edificeremarquable imag0585_1 fint roar
1614.0,duomo cattedrale chiesa luci_0679 luci_0668 luci_0682 luci_0662 luci_0676 luci_0672 luci_0686
1645.0,img_2480 img_2478 img_2481 chrysalides img_1615f geolon48265 geolat45761 addressstreetplacesaintjean img_2482 addresscitylyon
42.0,mantereligieuse paondujour pieride paon syrphe bombyle tons dandelion lezard croisent
694.0,beaufinley hallespaulbocuse 20180224_133343 20180224_133337 img_1259 20180224_142831 20180224_141506 halles foursquarevenue4b6d7985f964a520e1762ce3 img_1260
27.0,francheville chaponost eva champs alice ballons ballon aqueduc p1040195 rg
1230.0,ian curtis lyon18 unworldheritage a18_dsc0786 kapital lisbon grandecote backtothestreet parapluies
717.0,里昂帕尔迪厄站 リヨンハールテュー駅 renfe altavelocidadespanola renfeave gareferroviaire tren estacionferroviaria n825 euroduplex
684.0,foursquarevenue4c25ef8e5c5ca593f22c45fe cclapartdieu citys geolat4576171497590968 miteux doctorwhofrance4 yr demand titans mariposas
705.0,begaude pual brutalismus horizonurbain parkhaus photothierrybeauvir cagealapins refrigeree vieurbaine barredimmeuble
355.0,valmy g33k 69009 ubahn foursquarevenue4be26f00b02ec9b6a1004dc0 galles empoisonne letroit devtees triforce
420.0,avalanchecuplyon2014 lyonlasarra avalanchecup avalanche ultraboucledelasarra vtt derbier dsc05046 dsc05053 quentinderbier
452.0,crequiephemere kine 61 chessboard trompeloeil peint murale blacknwhite mural fresque
568.0,labyrinthofmemory2012chiharushiota chiharushiota labyrinthofmemory disparue wonderland sucriere presence cube reseau her
570.0,placeguichard guichard placeguichardboursedutravail lyonmetrolineb boursedutravail mosaiquemonumentale renemariaburlet artmetro subwaytrain classemh1989
878.0,danimation citiestowns france06 039 d3100 atelier 2006 cinema flowers couleur
1186.0,foursquarevenue4fb21dc1e4b03516ff419139 bistrotco bistrotcco quiche anne triste poivrons peppers meritee carbonarra
608.0,mvimg_20190708_192208 mvimg_20190708_212637 mvimg_20190708_180854 mvimg_20190702_151706 00100dportrait_00100_burst20190713201151352_cover mvimg_20190702_151701 mvimg_20190708_182145 mvimg_20190630_174701 mvimg_20190630_180823 mvimg_20190701_154945
1213.0,mexicaine mexique consulaires img_20160622_151151 geolon483132314 geolat457580497 exiffocallength524mm addicted dance fetes
1205.0,skye 115054 114957 114931 219 20180630lyon11jpg 1230 _dsc1756 kings_transports _dsc1757
592.0,γιορτηφωτα festivaldelleluci region f3556 sig lafigeo opendata lightfestival lancement dhiver
1390.0,saone_2016 rhonesaone_2016 vienne hbarrison harveybarrison 21_2800jpg 18_1676 18_1669 21_2795 18_1663
1006.0,janbuchholtz wings dsc_2447 olympus1442mmf3556ii apse belliqueux lionofstmark basrelief wp_20150921_16_41_40_panorama hmmm
823.0,troisiemearrondissement 3emearrondissement 3earrondissement lyon3 3e laguillotiere troisieme debout 69003 3eme
1437.0,luci_0156 copia luci_0151 luci_0149 luci_0142 luci_0152 luci_0155 luci_0158 luci_0140 luci_0150
585.0,groundation pvt lastfmevent2086249 fujiya miyagi transbo aloha lafemme transbordeur candy
1559.0,4star postcards beggar negozio 2star feste jean_0221 jean_0217 jean_0222 jean_0215
540.0,paresoleil 606 middle moderne modern design project bureaux quais project365
1523.0,lourd pesant detour img_7990 img_7994 img_7987 img_7993 involved 1805 beige
761.0,pansy planting gouttelette droplets lyonbotanicalgarden sortiephotodu7052016 subpinnata fern begonia monstera
745.0,emuller etiennecuny barque tiledwalledbuildingnearthelake adp spiderweb anticonformism 6e swans lakeoftheparkoftheheadofgold
1078.0,mariagepourtous mariage janvier butterflies hlc fetesdeslumieres2011 tous manifestation bicyclette herriot
1081.0,zoeg zoe rooftop timelapse couchedesoleil toit d800 couche nu nude
1082.0,jeuxdemotscles videographer squat dsc_1008 portable bergesdurhone rhonefleuve formatpanoramique blurry garcon
243.0,meriot ventdessus factory usine philippe _pay4801bis _gen0935 _gen1549 _pay4846 dsc_4459
917.0,pict4063 baladant sauf pict4064 pict4053 riverains culdesac dsc01993 pict4065 pict4086
1334.0,passerelleabbecouturier recompense couturier abbe dscn8198a dsc01388 brightboat dsc01387 saintgeorges abbecouturier
110.0,
1519.0,canoneos70d seleccionar lanticyclone frederiquetezier martinreilly cimg6341 1312img_6710 mjreilly 1312img_6781 roja
1518.0,vadrouille lampion baguettes innonde cerf markets prix francelyon ring 69002
1505.0,epl5 gigaro micro43 img_4879 img_4896 pc050115 pc050079 img_4878 pc050074 pc050097
537.0,avangardiste lesconfluenceslyon img_0118 huc architecturecontemporaine arnaudhuc amplia 1773 p1130946 ampliablocke3
770.0,turtle tortue bubble flamant tortues assoupissement lautruche emerge img_9544 amerrit
596.0,pinkiespecial httpwwwpinkiespecialcom 135126 bab sorferru edelweiss 135136 lampe _dsc1790_dxopl2 menton
114.0,salonautomobile dkw sonderklasse epoquauto z1 levassor panhard mecanique mg union
1166.0,lyonparcauto laplacedelart parcrepublique andywarholmorningstar gaelleloth trevoryeung parkingrepublique morningstar 15emebiennaledelyon 15eme
889.0,clossaintbenoit understand clos comprends httpwwwmonsieurbidulenetlyon 20141101_145344 20150502_151749 20150502_151842_pano dsc_2647_dxo 20150502_151802
1350.0,runinlyon2016 francoisfrederic pict0541 1h0811 3rd fridge epicee epice lph lyr
225.0,clones clonados 236 img_0216 clonado p1090045 multiplicity autoretrato topographies clone
776.0,pandaroux redpanda panda roux redpenda pandas ailurusfulgens giraffe petitpanda firefox
479.0,metisse rdv collectif stars rendezvousausoleil lascenseur 都計系沒有白念 descend panne monac
787.0,damiencolcombet 20161210lyon079 courge mvimg_20190709_152325 girafes girafe bronze parcdelatetedor dor tete
1171.0,koi carpe img_5903 img_3903 republiquejpg img_3902 img_3905 porteparlevent img_3911 img_5901
1036.0,celluleorageuse stormcell formen 22112011dsc_0006 22112011dsc_0029 img_7139 22112011dsc_0020 mid forms langzeitbelichtung
865.0,lemploi cgtprivesdemploietprecaires cgtpep trainpourlemploi lyon_2016 cgt hbarrison harveybarrison allegory placecarnot
1262.0,passagethiaffait ruereneleynaud familyevent dodessa maske pentesdelacroixrousse ekiem masked chicky illuminated
1476.0,shadee lightshow sonetlumieres ficelle _dsc6661jpg _dsc6665jpg _dsc6666jpg foursquarevenue5190c070498ef3220fe27fda _dsc6660jpg _dsc6667jpg
1454.0,peristyle lopera hiphop demonstration strada viaggio detirements pentaxitalia comune fotografiitaliani
300.0,foursquarevenue4e2051f515207ed86eb53d1f httpwwwmonsieurbidulenetvilleurbanne tonkin httpwwwmonsieurbidulenet doua berlin expert qwestly accessible auracolors
662.0,clairobscur futuristisch schwarzundweis futuristic landing darkness mond ship heritage atravers
66.0,challengeinternationaldessertalassiette sirha2013 gourmande sensibilite patissiers sensibilitegourmande sirha meilleurouvrierdefrance mof cuisinehautdegamme
727.0,abstractionphotographiecontemporaine texaco abstraite soulary conceptualisation img_1070 josephin _dsc1286_v1 _dsc3507_v1 k5
358.0,foursquarevenue4be26f00b02ec9b6a1004dc0 platine rt dincome proxy loozes passera slasher dosette reclasser
938.0,theatreantique romantheatre insane ctfx nuitsdefourviere romanruins theatresantiquesdefourviere performing literally preshow
1124.0,20140530placedejacobins p1150239jpg jacobins dsc_0085 img_1078 mermaid 20140530 placedesjacobins exterieur リヨン
1134.0,фреска affresco trompeloell wallpainting crue frencharchitecture embankment набережная resque exiffocallength787mm
1109.0,labo6 lilith galeries damiensaillard 965 nœud 964 _5iv7946jpg objectifwatts 963
1117.0,11oclock hurts mathilde oncycleblog chilling central cant something louise guillaume
1577.0,funi 20170515 creditphotosjonathantmare menu funiculaire vieuxlyonfourviere img_20140905_123429 n401 funiculairelyon ot
0.0,palette nightmare 20180705_113012
955.0,p1010964 k10d notre_dame_lyon scienceoffaith 135l zenithale archange 5d2 citylighting fetedeslumieres2013lyon
1149.0,defile dance biennale danse places girl
518.0,20180728_170448 20180728_170110 20180728_171147 20180728_170716 20180728_165919 20180728_170253 20180728_165811 20180728_170455 20180728_165910 20180728_170434
1137.0,quartiersaintvincent facadescroixroussiennes passerellesaintvincent constructionmetallique vibe sekor80mm19 trappen filmdevrecipe11355 passerellepietons lyon7680
563.0,140143 cubevert 1183 _dsc1802_dxopl2 _dsc1802 1182 144232 creativemindsphotography 1181 20161210lyon052
456.0,agence lockers rmc k30 diapason snowball imgp2762modifier agencedeleau agencedeleaurmc imgp2765modifier
1406.0,auvignon sttropez foursquarevenue4b649ab8f964a52071c12ae3 chablisreims portgrimaud img_20170206_125701_504 college8 img_0045 chaises montreal
26.0,mael vallat pi trax animalite letre encadrement plaire paraitre sembler
1642.0,stjeanbaptiste dsc07448 3002 lacathedralestjean dsc07452 dsc07446 astronomique lhorloge lampions placestjean
1636.0,100252 100230 chrysalides lyon20170729138placesaintjean lyon20170729139placesaintjean lyon20170729140placesaintjean lyon20170729148cathedrale _dsc1490 lyon20170729141placesaintjean lyon20170729144placesaintjean
50.0,foursquarevenue4e1c46c062e11cdc74409581 lorsque dragonball daustralie 956 ressemblent gsotd http500pxcomphoto3156311 papaye œufs
379.0,jackcolle img_6868 2010 fete lumieres
353.0,20180406_191958 20180406_190930 20180406_201532 20180406_190922 20180406_182235 20180406_192919 20180406_182816 20180406_182817 20180406_201534 20180406_190921
843.0,bernarvenetlyon bernar venet bernarvenet retrospective emmalavigne 14e maclyon museedartcontemporain mondes
178.0,20160708_215719 20160708_215726 20160708_215743 20160708_215815 20160708_215646 20160708_215703 20160708_215557 20160708_215709 20160708_215628 20160708_215808
1435.0,p1000257 img_0627 p1000262 p1000268 p1000267 p1000263 p1000269 p1000260 p1000258 p1000264
575.0,140346 _dsc1806_dxopl2 140353 dsc04747 1191 _dsc1807_dxopl2 _dsc1806 img_20180523_190204 1193 _dsc1807
803.0,buffle zebra giraffes zebre alleedelavoliere giraffe watusi hartmann sophie eaza
318.0,
801.0,web4all winners challenge cumquat
991.0,urlaub2010 hochhaus loperadelyon overlook dsc_3260 img_3358 dsc_3253 radissonsas dsc_3264 lcltourpartdieu
1426.0,quantum dualis tramtrain garesaintpaul train_nerds 04032017 daily_crossing trains_worldwide gares_connexions trainstagram
1.0,astrophotographie constellation galaxie 3518 coquelicot longuepose muguet ourse d5300 etoile
1113.0,20161209fetedeslumieres026 promenonsnous thelittleprince saintexupery therectangle christianeguillaubey onlylyontourismandcongress 20161210_203455_hdr cimg6330 autor
1306.0,foursquarevenue4f171988e4b067f67542b624 tinou mani nine kara yaga chicky coles saxot skieur
368.0,tuppers directors faille valise soccupe demie levier patron delivree rentabilite
1607.0,20140814_173937 20140814_173832 20140814_173840 20140814_173755 20140814_173817 20140814_173808 20140814_173946 20140814_173901 20140814_172737 20140814_172812
1133.0,hdaparis bazar monoprix img_20170208_112628_142 8mmf35fisheye fouchier buffi rendering sytem p1010881
364.0,foursquarevenue4be26f00b02ec9b6a1004dc0 featuring stopclope 2mois mappelle findumois bubblizz k60 devise manquees
749.0,parkdelatetedor lioness 010514 paeonia bull пионтонколистныи ceiba mctlyonfk32 mctlyonfk34 bulls
947.0,jardindurosaire rosaire tapis 5earrondissement cinquiemearrondissement cinquieme 5e 5emearrondissement dsc_4568 dsc_4571
960.0,morceau x40 x17 _frn2961 x66 x52 x72 x87 x65 x78
1366.0,trader revolutions lyo15 scenesderue summicronr leitax l35d800 summicronr35mmf2 scenederue f2
783.0,wel4 lucie lucietibolla ef24105mmf4l event web photocmobile _dsc8655 coquet diaz
1375.0,peuple fetesdeslumieres2012 colere videographer demonstration 154655 img_32573jpg img_32580jpg 4066 canon5dmkiii
1478.0,lyon20180917075chiesasaintpaul lyon2018091708117ruesaintpaul lyon20180917078chiesasaintpaul lyon20180917076chiesasaintpaul lyon20180917082chiesasaintpaul lyon20180917086chiesasaintpaul lyon20180917083chiesasaintpaul lyon20180917085chiesasaintpaul lyon2018091707917ruesaintpaul foursquarevenue4de06e8b3151d414eb205639
1158.0,luci_0343 img_20140904_160904 luci_0347 luci_0328 luci_0355 luci_0363 luci_0337 luci_0348 20152017 personaggi
529.0,rembarde jardins tornado canon1740f4 canon6dmarkii confluent museesdesconfluences irix11mmf4 pontpasteur museedesconfluences
249.0,grange 8eme bikes 3048 img_8962 stationgrangeblanchet2t5 img_8965 lignet4 wayfinding n3807
106.0,titanium graphics organic staging bridging hopeless gap twins beware exactly
238.0,20180328_195929 20180329_085457 20180330_123304 20180330_123712 20180328_200330 20180330_123448 20180329_085446 20180328_195925 20180328_172823 20180328_172832
881.0,caravane foraine sensation chauvesouris 100d bat colore marrons dete vogue
496.0,toutlemondedehors forro emlyon explications shadee bresil spectateur placecommandantarnaud partenaires img_1058
494.0,1231 ycone longlens 180mmf28 hop quartierdelaconfuence d7000 22032013 nocturne lyoncity
556.0,glevents gl aliagas nikosaliagas events limmeuble lasucriere siege cubevert jalob
866.0,basiliquestmartindainay stmartindainay filaments 2emearrondissement deuxiemearrondissement dainay ainay 2earrondissement 3rdmay lyon2
135.0,adobe maude abode dequn q5 pixelistes zhu zhudequn loups pilule
1481.0,5060 courphilibertdelormelyon delorme brocanteur juiverie pinup philibert inthewindow sixties jukebox
861.0,tecido borgonha museu do franca
1246.0,foursquarevenue4c9f82c08afca09330bf0a16 160444 strairway taxicab p1000541 _dsc1406 160000 爺爺在里昂法國第二大城有一點像高雄的城市 goolish espoir
430.0,lagence reconversion frere defense img_0478 img_0462 img_0467 img_0473 img_0484 img_0521
159.0,capsix ruche robotics eclipsesolaire solareclipse industrielle innovation venissieux bostheat astrosolar
196.0,dsc03293 dsc03283 dsc03273 dsc03287 dsc03288 dsc03289 dsc03272 dsc03280 dsc03274 dsc03290
88.0,countach lcflyon lamborghiniclubfrance lcf2016 lcflyon2016 lcf63 lcf miura lamborghinicountach huracan
1291.0,developernamekodakhc110 img_20130503_141832 filesha1sigf4c50146f1d3aefba61b99838772302322ee519b filmnamekodaktrix400 filemd5sum2e43b0dad07d5af0c3426976ddf05e19 kodakhc110 filesha1siga889b572447d6a31698d658e6bd4e16bb74bf3a3 filemd5sum4c8bf57173f4ce40946ca9e7280530ce filesha1sig5cc0d77d21301a9c08f65af654111b557c24a37a filesha1sig6d38a4cec550cb6aea243968bd239887b4bf0642
939.0,ougsmealps2014 planches lizzie orthogonal radiohead lilian remains odeon theatreantique dattendre
942.0,15072014 radiohead portishead nuitsdefourviere lightshows panne bref cetait pendant galloromain
484.0,carat lecarat egis grind gw690 p1020321 siege_egis mirtain tailslide diaagonaaale
84.0,deudeuche rochetailleesursaone museemalartre deuxroues malartre royce prototype embleme souplette veloski
1208.0,beagle marchenoir recycle plastic dogs magrite usado savored consommer plaqtique
1195.0,chrystalle foursquarevenue4bd8a91f11dcc928fd3af733 chers flickr sweet good all unknown bonjour amis
821.0,musonriver1894 touristtrain roadtrain landtrain principale centauresse centaur phaunos faunus lacentauresseetlefaune
1422.0,platonium _phm5784 _phm1439v img_1374s _phm5820 _phm5767 _phm5769 _phm5780 ephemeres _phm5794
1118.0,74222mm
37.0,20160623_073548 20160623_073529 20160623_075727 20160623_075832 20160623_075741 20160623_073853 20160623_073354 20160623_073941 20160623_073908 20160623_073418
53.0,rencart chambord wwwlalogofr sathonay d200 simca viper z1 village populaire
190.0,saintefoyleslyon lepeelaplumeetlepinceau donquichotte supportssurfaces quichotte figurationlibre lassaut lepee suenos mohamedlekleti
184.0,20160708_203013 20160708_203025 20160708_202804 20160708_202547 20160708_203443 20160708_202852 20160708_202459 20160708_203828 20160708_202454 20160708_203746
1405.0,foursquarevenue4cd5d39ea5b34688cd6f9050 festive potion karaoke fluo entres cassandra impermeable finie tg
870.0,architectureromane saintmartin daynay artifact dainay 2e placesofworship abbayedainay ainayabbey practice
986.0,lumivore lumivorephotographie lumivoreproduction fetedeslumieres_20171209_24 fetedeslumieres_20171209_09 fetedeslumieres_20171209_15 fetedeslumieres_20171209_32 fetedeslumieres_20171209_06 fetedeslumieres_20171209_27 fetedeslumieres_20171209_14
307.0,captation winds ynproduction windsway kao jones michael remi basse ninkasi
841.0,200412 210412 190412 00 57 48 41 42 54 46
1202.0,croixpaquet hallucinations paquet peril 20161210lyon089 drague mcl pacquet n2034 foursquarevenue4befb9cd3a002d7f3f5985a4
1470.0,michieljanszvanmiereveld portraitofawoman portraitdefemme delubac 1625 1631 jardindupalaisstpierre formercloister municipalgarden andromeda
428.0,храм saintbruno барокко круарусс церковь собор baroque dom chartreux европа
425.0,traceinthesky boardgame j2s lamppost cakejpg lantern againstthesky sunnyday oldhouses oldhouse
1473.0,cathedralesaintjean quartier 1504 saintjean cathedrale jean saint vieuxlyon
1487.0,raspberries img_1688 himbeer sansdessusdessous img_4415jpg raspberry lyon01 fetedeslumieres2016 fruit placedesterreaux
156.0,outsider museumofcontemporaryart zero endoftheworld geopolitique crashculture devastation anarchy visionaryarchitecture destroy
331.0,foursquarevenue12020986 hunday lyonsaintclair soldatsroute enee flocon glisse taxi das jap
1181.0,luminuits sceaux feuillants 20091206 20161208_224736 lumickscube ruedesfeuillants katiamaze 22h13 anciencouvent
1170.0,lyonilluminations larche lampion img_7791jpg legume imgp0965jpg placeimperiale ruejacquesstella ruejussieu rueimperiale
789.0,pantheredelamour chilka leopard panthere charlesmaries maharajahscindiaofgwalior starmagnolia parcdelatetedorlyon risquer jamesveitchsonslondon
273.0,天空 雲朵 雲 維勒班 500cx buidling 法國 mchat 20170517_103918 valentinesday
532.0,zeissfe1635zaossf4 observations sonya7 heelflip carlzeiss fujinon distant 18135mm highdynamicrange autour
1333.0,p1040031 federations m6727_ruemajormartin_lyon ruemajormartin p1040033 martien p1040042 bossa magali cafedesfederations
1331.0,foursquarevenue4bb511f6f562ef3bed702e97 debarras bouda ka 941 943 942 img_1092h dsc04360 foursquarevenue2107831
98.0,bocusedor2015 firsttimeever selecting plated browntrout annees guineafowl guinea fowl switzerland
97.0,hyundai wangan import toyota mazda supra crz honda integra lexus
766.0,g7 jardim folhas estacao xavierdelafraissinette ensemblepourlapaisetlajustice pessoas outono seasons arvore
974.0,placedestapis mur69 lecombattantdesiam murdelaplacedestapis kalouf siam img_20170125_155425 lamurdescanuts lechantdescanuts georgessalendre
414.0,lupinroux purpan riboud 20151108 cimetiere obelisque loyasse tombe adelaide 217
1278.0,maske jfx parvati masked theteknoist jfxstore enduser recordstore wormskull oyaarss
757.0,yesil lunti سبز xanhlacay 초록 зеленыицвет اخضر 綠色 verdr زهرة
1535.0,nikkorafs1735mmf28d nikond800e schwarzweis 3374 20140922_002 4786 aa0677 20140922_001 aa0676 4775
1527.0,batelier fdl18 20161029_173348 schiff flus 114 passerelledupalaisdejustice 109 116 111
653.0,mummy eurolab2016 accelerator choisis davenir particle genealogy extinct vastly fishdino
1537.0,mai2015 dramaticsky img_3962 saoneriverlyon riverlyon img_5915 img_5918 600008 img_5908_nb img_5916
278.0,gregory photobooth tshirt cuisineboisson fondues assoupi justicier famicon cartouche signaletique
1085.0,skater bmx frade skatepark cedric skirt skate frau upside berges
483.0,145613 145605 1250 p1080881rw _dsc1720 _dsc1721_dxopl2 _dsc1721 _dsc1720_dxopl2 175 canoneos5dmarkiii
953.0,unescto rosaire altstadt rooftops mondial gardens heritage jardins basilicadenotredamedefourvierelyon basilicaofnotredamedefourvierelyon
907.0,mermoz postdoc tardor vero toycamera autolysis timetracks bless profiterol anec
1321.0,2210 zombiepride sciencefiction quetzalcoatls 1000s 170729 biometar sc internal cloth
342.0,schuman pepe nd1000 lyg filtrepolarisant cr200 gnd8medium 44mm fakie p30
1150.0,lx5 lyonpontpasserellejanvier2012saintvincent img_2394 20190604lyon59 eglisesaintpauldelyon 20140530alongtheriver jumping wise dalai jump
1328.0,317365 serment serments artphotography foursquarevenue4fd3a522e4b05b989d0fcae8 passion matedefournoux messages antoine 05112017
363.0,foursquarevenue4be26f00b02ec9b6a1004dc0 flanbotti immonde raisonnable empirekas loosers vispetee thrones devisser nesquick
1298.0,christellt cordero anepa iza christell tremplin augustins img_2954 piho cindy
1609.0,martinesodaigui realitiy louisdespres reality vieux dans vieuxlyon rhone 69 1
1101.0,img_2140 lanterne 151639 purses languedocroussillon _phm1500 img_7780jpg _phm5411 _phm1505 _phm5849
916.0,lyon20170729154monteefourviere lyon20170729161monteefourviere рождественское lyon20170729162monteefourviere lyon20170729155monteefourviere lyon20170729150monteefourviere jaricot lyon20170729152monteefourviere похоже img_20180521_130546
657.0,hallesdelyon halles ilce multicolored vans cervelle specialite lyoncoveredmarket geste perrinfayolle
72.0,humanoide mt rouille theorie evolution robot rust cabinetelephonique telephonique cotemporaryart
1105.0,20161210_215437 falltrees arbresdautomne 20161210_215520 baumeimherbst ramas 20161210_220112 20161210_220340 20161210_220020 autumntrees
1626.0,foursquarevenue4bc8daad0687ef3bb7bfd8cc instaly chaponnay cathedralesaintjeanlyon half ibislyon instasun accorhotel lyoncentre ibis
