cluster,words
145.0,organmuseum salamanderspirit alchemy prophecy lespritdelasalamandre mystery thierryehrmann ddc abodeofchaos 999
141.0,chaos organmuseum ehrmann alchemy thierryehrmann modernsculpture servergroup sculpturemoderne postapocalyptique alchimie
139.0,alchemy prophecy thierryehrmann revelation abodeofchaos 999 demeureduchaos ddc vanitas mystery
515.0,unicef comiterhone ong unicefrhone leau 2015 06 25 2014 03
20.0,craponne saint neige 2009 2018 lyonnaise en eglise tete et
1388.0,uploadedbyflickrmobile flickriosappfilternofilter instagramapp iphoneography squareformat square uploadedbyinstagram film picoftheday fetedeslumieres
812.0,sido internetdesobjets iot conference objetsconnectes citeinternationaledelyon innorobo syrobo emm robolift
94.0,cosplay touch japan japactuinfo japactu cosplayjapactu cosplayteen japantouch aoisoracosplay cosplaylyon
77.0,chaos ehrmann francmaconnerie thierry abode freemasonry salamanderspirit artsingulier sculpturemoderne landart
116.0,touch japan convention 20131130 eurexpo japantouch decembre novembre 30 01
151.0,chaos outsider landart artsingulier postapocalyptique palaisideal sculpturemoderne rawart modernsculpture artistshouses
79.0,chaos ehrmann endoftheworld thierry auteur crashculture groundzero devastation geopolitique abode
118.0,coches epoqu epoquauto retro voitures auto moto automobile cars 2015
399.0,insa cross villeurbanne 2013 flickriosappfilternofilter uploadedbyflickrmobile 里昂 法国 リヨン フランス
157.0,chaos landart artsingulier postapocalyptique palaisideal sculpturemoderne modernsculpture outsiderart rawart thierryehrmann
25.0,abtra loykrathong lesrouesdelouest nong associationboudhistethaierhonalpine craponne thailande chaponost mai sncf
404.0,ldoll bjd ldollfestival festival doll dollfie ldoll6 ldoll2016 dress dd
280.0,interieur chat geotagged noir blanc rouge portrait en bleu jaune
131.0,sauvagie wwwlasauvagiefr norbertcellier norbert tassin cellier tassinlademilune residence copropriete demi
462.0,manifestation dor tete parc lumiere fourviere basilique notredame romain traboule
99.0,interurbain autocarexpo autocar car daimler 2018 tourisme ligne van bus
401.0,lego octobre villeurbanne 2014 defile train rue ville city cars
1176.0,tree place flower fountain fontaine sculpture water rhone eau festa
194.0,里昂 法国 リヨン フランス 프랑스 리옹 ลยง ประเทศฝรงเศส लय لیون
1548.0,passerelle justice saone palais fourviere rhone ilce7m3 jossaris jossarisfoto river
397.0,haru mixte touch double japan 20140412 avril cosplay 12 2014
1322.0,instagramapp uploadedbyinstagram iphoneography squareformat square saxotaz genie ilove instagood fall
58.0,instagramapp uploadedbyinstagram iphoneography squareformat square hudson pour en nuit night
1329.0,passerelle saone river georges bridge eglise pont fourviere saint rhone
459.0,jaune blanc demi noir rouge grande orange fontaine bleu soleil
400.0,insa cross villeurbanne 2012 et 里昂 法国 リヨン フランス 2052
1544.0,1755mm f28 nikon jean sigma saint metro basilique fourviere saone
95.0,chaos endoftheworld geopolitique crashculture devastation visionaryarchitecture ehrmann anarchy blackswantheory destroy
1151.0,fresque lyonnais mural loeil лион frankreich 20140529 франция painting لیون
1175.0,passages mdc museedesconfluences photographie evenement confluences photographe musee photos 2010
470.0,martingore touroftheuniverse dmtotu20091123 dm20091123 depechemode depeche davegahan cilou101 231109 halletonygarnier
546.0,guillotiere evenement 2015 biennale forum tag words wall pasted paper
315.0,capturedalive ninkasikao arnallephotography livepic arnaudbouvard arnal arnalphotography hardrock showmetal lieux
1533.0,lumiere light nuit night fete fontaine lumieres fountain terreaux place
1079.0,restaurant rue instagramapp iphoneography squareformat uploadedbyinstagram square rhone cafe bar
147.0,emtvenissieux stefho74 frenchrailways railways rotonde sncf bb cc pont sur
877.0,instagramapp uploadedbyinstagram iphoneography squareformat square upload rise igerslyon hudson pour
185.0,kyokushin championnat karate deurope competition rhone sport paris iphone stade
567.0,lyonfrance flickrandroidappfilternone 2013 fete lumieres expo tete dor parc macro
1547.0,zombie sang rose pont fleur nuit flickrandroidappfilternone nature lumieres confluence
1307.0,dance danse streetart pasted musique paper woman girl wall femme
573.0,capturedalive arnallephotography arnal arnaudbouvard arnalphotography transbordeur arnaud gig rock live
269.0,foursquarevenue4fe864b7e4b05b60faf6704b instagramapp uploadedbyinstagram iphoneography squareformat square rise xproii pour hudson
228.0,nb 16 12 11 18 14 10 リヨン フランス 2052
1021.0,passerelle rhone bridge rhonealpes pont nuit fleuve river fetedeslumieres lumieres
78.0,ddc revelation alchemy vanitas palaisideal salamanderspirit organmuseum lespritdelasalamandre facteurcheval prophecy
1260.0,croixrousse traboule 2014 lumieres pasted paper streetart rhonealpes rousse fetedeslumieres
481.0,jardin sunrise partdieu hdr saone landscape 5eme bellecour city rhone
815.0,forum biennale contemporain fujifilmxt10 musee artcontemporain art 2017 citeinternationale nb
848.0,zombie zombies blood walk rhonealpes statue place rhone square pentax
1139.0,photographie photography place st rue noir blanc white black jean
297.0,gerland sports combat sport 2010 palais blood 14 法国 リヨン
572.0,transbordeur metalmusic live metal music concert 2019 2016 flickrandroidappfilternone 里昂
1450.0,opera dance danse gay places pride 1er rhonealpes 2014 unescoclassifiedplace
73.0,musee voitures car citroen voiture 100 01 里昂 法国 リヨン
1238.0,pasted paper streetart sticker croixrousse wheatpaste wheatpaper collage pasteup words
76.0,automobilmuseum rochetailleesursaone frankreich design 01 里昂 法国 リヨン フランス 2052
120.0,nuages sunset 1er 2009 लय 01 里昂 法国 リヨン フランス
403.0,octogones convention jeu 2015 2017 2016 2019 2018 japantouch japan
33.0,里昂 法国 リヨン フランス 프랑스 리옹 ลยง ประเทศฝรงเศส लय لیون
715.0,courtmetrage tournage video cinema sculpture mac peinture exposition world dor
402.0,ldoll doll mixte double en place artist grande fleurs instagramapp
394.0,voiture interieur car dans 01 里昂 法国 リヨン フランス 2052
587.0,confluence orange 10 cube art street presquile streetart regard lyoncity
195.0,handisport mondiaux 2009 लय 01 里昂 法国 リヨン フランス 2052
1088.0,rhone hoteldieu fetedeslumieres 2014 lumieres guillotiere rhonealpes river water 2011
836.0,flickriosappfilternofilter uploadedbyflickrmobile rhonealps instagramapp uploadedbyinstagram iphoneography squareformat square illuminations fra
309.0,rhone instagood onlylyon photography followme karate instagramapp uploadedbyinstagram iphoneography squareformat
849.0,marquis bodyart revelation landart palaisideal artsingulier postapocalyptique container rawart outsiderart
1129.0,place pride gay fontaine lumieres fete 2017 fountain francia night
18.0,vaulxenvelin fr rhonealpes grand et deurope 里昂 法国 リヨン フランス
1520.0,saone pont river nuit passerelle water bridge night lumieres longexposure
946.0,fourviere basilique 69 et rhone patrimoine art architecture croixrousse 24240mm
967.0,pont rhone piscine bridge river oldlyon jung quai rhonealpes water
1325.0,paysage landscape soleil ville pont fourviere sunrise bellecour basilique saone
525.0,pont bridge confluences nikoncoolpixp7100 fujifilmxt10 musee confluence museedesconfluences nuit nb
32.0,voyage frankrijk 2009 लय 01 里昂 法国 リヨン フランス 2052
87.0,moto places citroen sport par paris 2019 jean 911 ou
1100.0,hoteldieu filoer 2016 sonores dieu nuits frankrijk f3563 jossaris oss
505.0,instagramapp uploadedbyinstagram iphoneography squareformat square pour cest pas en dans
240.0,forum pour 24 2018 instagramapp uploadedbyinstagram iphoneography squareformat square centre
70.0,eurexpo van 2012 bus metro 10 french rhone 法国 リヨン
969.0,2017 piscine tony creativecommons centre paysage landscape squareformat square rhonealpes
140.0,artistshouse demeureduchaos groupeserveur ddc abodeofchaos artprice demeure thierryehrmann saintromainaumontdor chaos
155.0,chaos demeure demeureduchaos art saintromainaumontdor abode patrimoine journee 360 2010
1345.0,vieux creativecommons commons old creative cc lyons french cafe paper
129.0,06 27 spectacle 2015 art comiterhone ong unicefrhone unicef 22
1543.0,journee terreaux place lumieres 2014 fete placedesterreaux line sur fr
956.0,revolution dartifice feu fourviere frankryk phap فرانسه pransiya ประเทศฝรงเศส perancis
392.0,vs 2014 square rhonealpes instagramapp uploadedbyinstagram iphoneography squareformat xproii championnat
372.0,metalmusic live concert metal music villeurbanne 2018 2016 arnalle rockshow
253.0,instagramapp uploadedbyinstagram iphoneography squareformat square rise upload valencia xproii portrait
1447.0,beaux beauxarts arts culture phap فرانسه ประเทศฝรงเศส perancis frankryk pransiya
1456.0,zombies terreaux walk place hoteldeville lumieres hotel fetedeslumieres placedesterreaux ville
447.0,mur fresque croixrousse लय لیون ลยง 리옹 ليون mural streetart
1409.0,instagramapp uploadedbyinstagram iphoneography squareformat square upload lumieres fete 2009 genie
782.0,instagramapp uploadedbyinstagram iphoneography squareformat square ce et pour spectacle festival
171.0,world vie 1er 2009 लय 01 里昂 法国 リヨン フランス
211.0,live concert 2012 gare arnaud sncf musique music japan cars
1153.0,palais lumix panasonic instagramapp uploadedbyinstagram iphoneography squareformat square forum rhonealpes
1138.0,saone passerelle river shooting bridge van croixrousse instagramapp uploadedbyinstagram iphoneography
472.0,capturedalive arnallephotography arnal arnaudbouvard arnalphotography gig halletonygarnier arnaud arnalle bouvard
894.0,croixrousse installation streetart pasted avec paper wall rue couleur pasteup
463.0,sonores marchegare nuits 2010 gare marche musique concert festival live
754.0,fleurs details dor ete fleur tete parc jaune macro vert
742.0,parc dor tete parcdelatetedor instagramapp squareformat iphoneography square uploadedbyinstagram nature
1022.0,instagramapp uploadedbyinstagram iphoneography squareformat square genie passerelle upload xproii places
1445.0,expo museedesbeauxarts exposition 69 rhone beauxarts musee paris art museum
906.0,fourviere nuits roman theatre 2016 ruins unesco travel romain basilique
1596.0,cinema musee traboule 5eme fra dans fr 法国 リヨン フランス
322.0,issmys internationalsummerschoolofmathematicsforyoungstudents paper lego लय 01 里昂 法国 リヨン フランス
702.0,parcdelatetedor parc tete dor fall reflection train tree bridge onlylyon
1012.0,pierre cathedrale eglise church sculpture mur wall 01 里昂 法国
320.0,j1 top14 lou st stadetoulousain stadedegerland accreditation rugby fr rhone
113.0,salon 50d moto canon peinture star animal 2010 里昂 法国
1020.0,basilique fourviere dame notre franciaorszag worldheritagesite notredame basilica rhonealpes eglise
1112.0,hoteldieu grand dieu fetedeslumieres canon street hotel 2009 2018 ilce7m3
625.0,biennaledelyon biennale artcontemporain instagramapp uploadedbyinstagram iphoneography squareformat square exposition sucriere
1159.0,evento festa delle 05 12 2014 francia フランス 2052 لیون
1076.0,retraite guillotiere pont rhone manifestation river fleuve fujifilmxt2 installation ou
170.0,里昂 法国 リヨン フランス 프랑스 리옹 ลยง ประเทศฝรงเศส लय لیون
579.0,river 50d hiver saone fleuve nature rhone water canon ligne
868.0,dainay basilique 69 rhone 27 25 22 30 16 11
850.0,blackandwhite nuit architecture लय 01 里昂 法国 リヨン フランス 2052
886.0,rhone instagramapp uploadedbyinstagram iphoneography squareformat square pride pont gay upload
751.0,parcdelatetedor parc dor tete tetedor places macro flowers fra auvergnerhonealpes
615.0,confluence star lumieres frankrike francie 2013 frankrig sucriere lyons francja
433.0,manifestation retraites gare jean defile street guillotiere rue fresque 8dec
5.0,miribel jonage lac feu grande parc lumieres rock eau pentaxk3ii
261.0,interieur exterieur immeuble novembre panorama vue mur pour 2016 ville
1611.0,cathedrale 里昂 saintjean vieuxlyon cathedral church 24240mm f3563 jossaris jossarisfoto
1638.0,onlylyon place saintjean lyons instagramapp uploadedbyinstagram iphoneography squareformat notredamedefourviere square
222.0,saone eau pont pentax passerelle exterieur nuages river bridge quai
436.0,metal live concert rock musique saone star bus danse instagramapp
1389.0,war pas pour place en bellecour par ce dans il
1358.0,macro nature fleurs blackandwhite noiretblanc bw nb eau rose fleur
1562.0,citta vieuxlyon vieux feste festedelleluci auvergnerhonealpes oldlyon francia unescoclassifiedplace worldheritagesite
810.0,lumieres fete 2014 parcdelatetedor 2010 parc illuminations fetedeslumieres tete dor
1094.0,guillotiere trip travel world retraites rhone bridge tour pont nikon
784.0,tete dor parcdelatetedor zoo animaux tetedor alpes parc europa frankreich
154.0,abodeofchaos demeureduchaos performance thierryehrmann apocalypse saintromainaumontdor design art 360 skull
829.0,salon citeinternationale flickriosappfilternofilter piano uploadedbyflickrmobile biennale international conference francia instagramapp
811.0,contemporain mac art instagramapp uploadedbyinstagram iphoneography squareformat square burgundy trip
1073.0,night ol sport rhone rhonealpes city 25 friends 16 centre
1043.0,basilique colline fourviere panorama church soleil 69 notredamedefourviere notredame auvergnerhonealpes
1622.0,里昂 法国 リヨン フランス 프랑스 리옹 ลยง ประเทศฝรงเศส लय لیون
1360.0,fresque mural rhonealpes quai ecrivain bombing patrimoine streetart urbanart livre
696.0,paul tour fr auvergnerhonealpes incity frankrike partdieu francie tower frankrig
867.0,dainay roman basilique et eglise saintjean noir blanc 法国 リヨン
1475.0,vieuxlyon vieux place cafe street nikon travel jean saint saone
1378.0,bellecour nikoncoolpixp7100 fujifilmxt10 nuit night illuminations place fetedeslumieres light lumieres
46.0,live concert 69 instagramapp uploadedbyinstagram iphoneography squareformat kurt square music
1550.0,saone saintjean fourviere lumieres fete 2012 justice fetedeslumieres palais cathedrale
396.0,insa etudiant defile feu musique music concert 18 festival blue
1648.0,cathedrale saintjean jean saint feu spectacle nikoncoolpixp7100 fujifilmxt10 50d vieuxlyon
1217.0,old vieuxlyon 2012 stencil frankreich town urban 30 urbain fetedeslumieres
980.0,sunrise sun soleil rhone panorama 2015 leica fourviere noir white
1354.0,quai landscape rhonealpes saone lumieres fete river rhone marche auvergnerhonealpes
1198.0,performance rue street man rhonealpes presquile streetphotography rhone statue town
417.0,cimetiere loyasse 20151108 tombe architecture 03 01 grandlyon snow neige
669.0,2eme confluences musee exposition lumiere architecture rhone saone buildings confluence
578.0,confluence architecture quartier francie frankrike frankrig quai francja lyons rhone
613.0,confluence arts streetart graffiti urban art street lyoncity villedelyon oss
1236.0,cinema museum 50d alpes presquile eos eglise panorama 69 en
853.0,upload instagramapp uploadedbyinstagram iphoneography squareformat square hotel sunrise rhone sun
407.0,war 16 2009 लय 01 里昂 法国 リヨン フランス 2052
1090.0,zombiewalk zombie walk croixrousse 10 fr auvergnerhonealpes rousse croix 2010
1075.0,croixrousse musique 2016 fete fr rousse croix rhonealpes place square
975.0,fourviere basilica dame notre frankrike basilique panorama tour fr fetedeslumieres
1182.0,ilove instagramapp uploadedbyinstagram iphoneography saxotaz squareformat square cafe instagood followme
1031.0,pont instagramapp uploadedbyinstagram iphoneography squareformat square nuit rhone river bridge
1110.0,burgundy rock cafe unescoclassifiedplace worldheritagesite unescoworldheritagesite metropolisoflyon bourgogne unesco quai
328.0,competition sport parc exterieur soleil street mort fujifilmxt10 zombie snow
797.0,tete dor parc grand jaune zoo blanc deurope parcdelatetedor chat
148.0,01 10 12 लय 里昂 法国 リヨン フランス 2052 لیون
1605.0,miniature musee cinema d5300 nikkor saone nikon et rhone film
804.0,biennaledelyon art 2011 dark van biennale et depuis 2010 contemporain
115.0,epoquauto d5300 eurexpo auto automobile voiture 2016 nikon リヨン フランス
1433.0,instagramapp uploadedbyinstagram iphoneography squareformat square friends cafe morning saxotaz fall
467.0,instagramapp uploadedbyinstagram iphoneography squareformat square halle garnier tony confluence architecture
1220.0,musique retro tag graffiti 2009 लय 01 里昂 法国 リヨン
325.0,loust j11 top14 stadetoulousain lourugby accreditation lou gerland fr auvergnerhonealpes
533.0,forum grand 2016 et ville identity 3eme urban live grandlyon
1371.0,marche georges vieuxlyon 2012 quartier saint et en лион франция
864.0,perrache sncf gare railways train instagramapp uploadedbyinstagram iphoneography squareformat square
1486.0,flickriosappfilternofilter uploadedbyflickrmobile terreaux dance danse place ville eos panorama landscape
264.0,sonores nuits instagramapp uploadedbyinstagram iphoneography squareformat square लय 01 里昂
1169.0,flickriosappfilternofilter uploadedbyflickrmobile square instagramapp uploadedbyinstagram iphoneography squareformat rise upload valencia
972.0,fete lumieres light night city लय 01 里昂 法国 リヨン
299.0,international peinture graffiti festival streetart art street mural fujifilmxt2 francja
622.0,biennale sucriere biennaledelyon exhibition expo artwork contemporaryart frankrike artcontemporain exposition
31.0,blanc 2019 shooting rhone woman et lights landscape sunrise femme
1529.0,vieuxlyon frankreich frankrike rhonealpes traboule frankrig 2009 festa rhone vieux
1356.0,zombie day croixrousse walk sticker sur streetart stencil pasted paysage
1024.0,pont rhone guillotiere 2013 bridge retraite fleuve light lumieres piscine
590.0,2018 hotel auvergnerhonealpes confluence gerland quai portrait architecture リヨン フランス
209.0,mon je avec 2009 लय 01 里昂 法国 リヨン フランス
1526.0,landscape palais justice saone urbanlandscape pentaxk3ii poselongue pont pentax urban
360.0,foursquarevenue4be26f00b02ec9b6a1004dc0 instagramapp uploadedbyinstagram iphoneography squareformat square xproii pour rise je
12.0,里昂 法国 リヨン フランス 프랑스 리옹 ลยง ประเทศฝรงเศส लय لیون
507.0,convention cosplay juillet 2011 xml 2012 dance danse cosplaylyon noir
838.0,museedesconfluences confluences musee lyoncity villedelyon facade confluence urbain rue urban
1384.0,borgonha saone feu franca vieux pont artifice dartifice fireworks river
1582.0,cinema musee vieuxlyon saintjean vieux oldlyon unescoclassifiedplace et worldheritagesite unesco
1374.0,saone pont fetedeslumieres rhone quais river rhonealpes canon instagramapp uploadedbyinstagram
706.0,incity tour fujifilmxt10 tower sunrise building fujifilmxt2 soleil line sky
499.0,confluence saone rhone river water rhonealpes fleuve eau confluences musee
883.0,performance artist croixrousse artwork artifice 1er fireworks streetart pour onlylyon
833.0,parcdelatetedor zoo oiseau animal parc dor tete nikoncoolpixp7100 animaux rhonealpes
893.0,croixrousse photos photography city clouds fourviere landscape sunset vinyl nikon
132.0,portrait chaos abodeofchaos demeureduchaos thierryehrmann saintromainaumontdor palaisideal postapocalyptique landart artsingulier
117.0,iot conference 2019 japantouch eurexpo cosplay places 法国 リヨン フランス
1005.0,artifice feudartifice 14juillet fireworks juillet feu 14 lumiere light basilique
1191.0,instagramapp uploadedbyinstagram iphoneography squareformat square saxotaz fall picoftheday instagood followme
442.0,gay restaurant pride instagramapp uploadedbyinstagram iphoneography squareformat pierre square girl
323.0,ubb top14 lou accreditation rugby gerland fr auvergnerhonealpes 里昂 法国
1381.0,retraite fujifilmxt2 bellecour 2018 reflet reflection nuit night festivaloflights place
820.0,park parc tete dor nature parcdelatetedor water statue 2011 man
143.0,bron rhonealpes rhone 2009 लय 01 里昂 法国 リヨン フランス
455.0,bokeh day chat laser pas mystery danse cest dans ninkasi
1270.0,pasted paper croixrousse streetart wheatpaste wheatpaper collage pasteup wall installation
227.0,portrait nb 1er 2009 लय 01 里昂 法国 リヨン フランス
629.0,lego decembre confluence rouge 2014 filoer villages villes tourisme 2012
39.0,concert 2009 लय 01 里昂 法国 リヨン フランス 2052 لیون
454.0,zoo streetart art street graffiti लय 01 里昂 法国 リヨン
1449.0,opera fete 2010 lumieres fetedeslumieres groupe lights lumiere concert light
1428.0,lumieres fete 2011 nikon saintjean 2012 filoer villages villes tourisme
683.0,centre dieu 里昂 法国 uploadedbyflickrmobile fountain partdieu hotel dans fourviere
44.0,ol parc 1er 2009 लय 01 里昂 法国 リヨン フランス
206.0,8december 8thdecember dec8 december8 8dec fetedeslumieres2009 december8th grandlyon festivaloflights 8decembre
344.0,instagramapp uploadedbyinstagram iphoneography squareformat square rise xproii je amaro hudson
1573.0,mai 2010 vieuxlyon rose tour rue street traboule day dans
503.0,confluence pont musee confluences rhone bridge museedesconfluences rhonealpes river architecture
940.0,nuits fourviere romain theatre 2014 feu 2015 artifice dartifice festival
954.0,fourviere リヨン フランス basilique lumieres ville 2011 paysage 2009 partdieu
912.0,croixrousse zombie walk marche rousse croix instagramapp uploadedbyinstagram iphoneography squareformat
672.0,passerelle saone quai river rhone quais rhonealpes squareformat water portrait
210.0,voiture cest pour dans लय 01 里昂 法国 リヨン フランス
202.0,lou rugby vs j1 ubb 14 stade 2010 2011 romain
1119.0,2016 halletonygarnier fr croixrousse steel institutlumiere auvergnerhonealpes fourviere lumiere lights
23.0,vs 2016 lumieres stade 2009 लय 01 里昂 法国 リヨン
335.0,manifestation anonymous metro ville interieur stade gerland gare uploadedbyflickrmobile geotagged
1513.0,evento festa delle 05 2014 12 saone francia river lumieres
441.0,eglise church rhonealpes rhone 2010 architecture 30 filoer villages villes
600.0,confluences musee confluence ilce7m3 24240mm jossaris jossarisfoto f3563 oss fe
1376.0,bellecour dance danse places place 2013 placebellecour lumieres pride gay
1061.0,phap فرانسه pransiya perancis frankryk ประเทศฝรงเศส fransa franta γαλλια ลยง
164.0,miniature world vaulxenvelin mon streetphotography rouge rhone 1er 2009 लय
1391.0,35mm film statue cube placebellecour unescoworldheritagesite bellecour presquile unescoclassifiedplace worldheritagesite
181.0,里昂 法国 リヨン フランス 프랑스 리옹 ลยง ประเทศฝรงเศส लय لیون
685.0,partdieu tour pentaxk3ii urbanlandscape tower hiver pentax architecture nuit urban
1148.0,defile dance biennale danse places regard woman music man femme
1068.0,croixrousse soleil sunrise incity tower streetart places installation tour wall
491.0,marchegare live concert gare marche musique festival 01 里昂 法国
193.0,villeurbanne marche panasonic rhone musique mur vaulxenvelin juillet container streetart
1293.0,pasted paper croixrousse streetart wheatpaper collage pasteup wheatpaste wall installation
1412.0,painting film luci citta lyons death light francia instagramapp uploadedbyinstagram
52.0,2010 2009 लय 01 里昂 法国 リヨン フランス 2052 لیون
616.0,confluence instagramapp uploadedbyinstagram iphoneography squareformat square filoer villages villes tourisme
260.0,flickriosappfilternofilter uploadedbyflickrmobile 2009 लय 01 里昂 法国 リヨン フランス 2052
628.0,rhone 69 rhonealpes par confluence cube batiment confluences musee et
1089.0,terrorism foule war manifestation guillotiere je fleuve bridge people pont
765.0,2015 saone quai vieuxlyon winter confluence лион stencil франция nikon
444.0,gay pride 2013 2014 2012 2009 法国 リヨン フランス 2052
1498.0,vieux vieuxlyon oldlyon unescoclassifiedplace worldheritagesite unesco unescoworldheritagesite metropolisoflyon bourgogne burgundy
632.0,onlylyon people sculpture sucriere instagramapp uploadedbyinstagram iphoneography squareformat square igerslyon
389.0,geotagged interieur voiture macro ville bleu vue sur ligne metal
317.0,ubb top14 lou stadedegerland lourugby accreditation rugby stade vs novembre
968.0,flickriosappfilternofilter uploadedbyflickrmobile city लय 01 里昂 法国 リヨン フランス 2052
517.0,jardin geotagged pierre ville fleurs macro interieur jaune 01 里昂
1055.0,fourviere basilique instagramapp uploadedbyinstagram iphoneography squareformat square notredame basilica church
1014.0,passerelle pont rhone bridge f3563 jossarisfoto ilce7m3 oss jossaris 24240mm
144.0,bron fr rhonealpes लय 01 里昂 法国 リヨン フランス 2052
1541.0,rassemblement 2014 mai manifestation fete lumieres pride 2013 gay terreaux
245.0,streetart installation mural fresque orange rose bleu 2010 mur rue
387.0,musee institutlumiere lumiere voyage trip museum 2011 travel franca europa
337.0,lyoncity villedelyon pont saone bridge passerelle river reflet et urbanlandscape
1649.0,d5300 saone vieuxlyon nikon 35mm cathedrale jean saint rhone nikkor
743.0,tete parc dor parcdelatetedor park lac green creativecommons commons creative
601.0,confluence architecture onlylyon oss jossarisfoto jossaris ilce7m3 f3563 24240mm fe
1585.0,miniature cinema musee instagramapp uploadedbyinstagram iphoneography squareformat fujifilmxt2 movie square
1536.0,river fourviere saone fetedeslumieres dartifice feu time notredame fra saintjean
874.0,zombie walk 2012 festa festedelleluci luci delle zombies blood 05
888.0,fountain fontaine water lumieres eau fetedeslumieres genie defile fete place
778.0,parcdelatetedor parc dor tete park flowers shooting fleurs femme couleur
1009.0,fourviere fujifilmxt10 basilique nikoncoolpixp7100 lune nuit night sunrise nb monochrome
1352.0,2009 fete bellecour placebellecour place grande fra notredame fourviere places
837.0,2014 world 2016 लय 01 里昂 法国 リヨン フランス 2052
687.0,3eme panorama incity nuages tour alpes stade nuit villeurbanne partdieu
593.0,biennaledelyon 2011 art orange installation en et building cube celebration
286.0,instagramapp uploadedbyinstagram iphoneography squareformat square saone river 35mm hudson pentax
1511.0,instagramapp iphoneography squareformat uploadedbyinstagram square placedesterreaux terreaux upload genie place
1604.0,vieuxlyon frankreich vieux 里昂 musee rhonealpes fr auvergnerhonealpes frankrig cinema
1066.0,croixrousse pasted paper streetart pasteup wheatpaper wheatpaste collage installation wall
1484.0,citta lumieres feste 2009 festedelleluci fete francia 06 st 12
236.0,chat grandlyon snow neige europa 69 place frankreich video rhonealpes
1204.0,rue spectacle theatre en paper pasted streetart croixrousse wheatpaper wheatpaste
737.0,parc dor tete tetedor onlylyon lac water eau parcdelatetedor park
1385.0,saone pont bridge river night fete passerelle fleuve 1er lumieres
1002.0,fourviere notredame basilica dame notre basilique 20140529 vieuxlyon rhonealpes 里昂
1027.0,pont rhone river bridge nuit hoteldieu unescoclassifiedplace fleuve fujifilmxt2 worldheritagesite
847.0,arts rousse portrait 2012 blackandwhite noiretblanc fete lumieres couleur noir
381.0,courtmetrage tournage 2014 installation 35mm film mur wall streetart canon
1107.0,defile biennale danse 2010 vie rose en flickriosappfilternofilter uploadedbyflickrmobile pasted
1501.0,borgonha vieux franca rue vieuxlyon streetart dans pasted paper auvergnerhonealpes
543.0,octogones convention jeu 2014 2012 2011 2013 01 25 22
1154.0,fetedeslumieres lumieres fete crew street festivaloflights rhonealpes francia 2012 nuit
1348.0,pasted paper croixrousse streetart wheatpaper wheatpaste collage pasteup wall installation
47.0,instagramapp uploadedbyinstagram iphoneography squareformat square rise amaro hudson pour xproii
1589.0,saintjean jean cathedrale saint facade fetedeslumieres cathedral vieuxlyon juillet vieux
65.0,paul restaurant nikon bokeh nuages f28 clouds hdr home sky
617.0,confluence light night longexposure cube instagramapp iphoneography squareformat square uploadedbyinstagram
697.0,parc dor tete park instagramapp uploadedbyinstagram iphoneography squareformat square parcdelatetedor
448.0,rue nature macro instagramapp uploadedbyinstagram iphoneography squareformat square croixrousse centre
709.0,georges instagramapp uploadedbyinstagram iphoneography squareformat square restaurant wall french perrache
1059.0,iphoneography instagramapp uploadedbyinstagram squareformat square fourviere instagood basilique xproii gallery
794.0,parcdelatetedor dor tete parc zoo animal nikoncoolpixp7100 rhonealpes tree double
677.0,sonores festival 1er nuits street 2013 live musique music concert
984.0,fourviere basilique 20140529 dame notre church notredame eos lyons fr
1621.0,cathedrale frankreich فرانسه frankryk perancis pransiya phap ประเทศฝรงเศส franta fransa
9.0,grand rhone miribel hiver neige 2012 lac temps animaux panasonic
591.0,lego hotel exposition alpes 2eme fetedeslumieres en fete lumieres 2016
603.0,confluence lego decembre 2014 urban art musique streetart concert lyoncity
597.0,confluence quais sur 80 orange ciel 24240mm f3563 jossarisfoto jossaris
900.0,mai vie 2010 feu dans jaune rouge nuit et cest
1365.0,feudartifice 14juillet fireworks parcdelatetedor 2009 parc people festival fetedeslumieres light
902.0,thailande 2013 lumieres croixrousse fete streetphotography frankrijk fetedeslumieres et instagramapp
1369.0,saone frankrike instagramapp uploadedbyinstagram iphoneography squareformat frankrig square rhone fourviere
17.0,jonage miribel vaulxenvelin ain lac animaux oiseau fr rhonealpes rhone
1039.0,fourviere creativecommons commons creative cc eglise notredamedefourviere dame basilica notre
1361.0,artifice 5eme feu white saone quais fourviere rhonealpes vue quai
772.0,steampunk tete parc shooting dor dress cosplay juillet ete 22
720.0,croixrousse 2012 pasted paper collage rue 2010 pasteup wheatpaper wheatpaste
1266.0,fete fetedeslumieres lumieres eglise lights 2009 cathedrale fetedeslumieres2009 church cathedral
1234.0,pasted paper croixrousse streetart pasteup wheatpaste wheatpaper collage wall installation
1115.0,里昂 法国 リヨン フランス 프랑스 리옹 ลยง ประเทศฝรงเศส लय لیون
1339.0,saone frankreich rhone bellecour fr festival statue lights placebellecour grande
383.0,institutlumiere 里昂 lumiere 2009 लय 01 法国 リヨン フランス 2052
330.0,villeurbanne rock rhonealpes contemporain rhone architecture en ville ciel hotel
138.0,chaos salamander ddc abodeofchaos demeureduchaos salamanderspirit 999 rhone art crane
1509.0,placedesterreaux terreaux fetedeslumieres lumieres museedesbeauxarts light hoteldeville lights fete lumiere
24.0,chaponost romain frankreich pierre rhonealpes rhone roman architecture lyonnais 50d
22.0,juillet parc 2011 girl shooting portrait 69 rhone regard rhonealpes
281.0,villeurbanne piscine graffiti streetart mural defense fresque mur rue cest
1132.0,fontaine fetedeslumieres 2016 fete illuminations lumieres fountain place nikoncoolpixp7100 light
800.0,movie rhone tag citeinternationale nikoncoolpixp7100 palais film noir blanc white
471.0,live metal concert 2009 लय 01 里昂 法国 リヨン フランス
207.0,flickriosappfilternofilter uploadedbyflickrmobile rhonealps fra lyonfrance mai mural fresque 100 rise
199.0,interdit chaos visite graff tag alpes sous old graffiti architecture
1343.0,instagramapp uploadedbyinstagram iphoneography squareformat square xproii cest pas mon et
390.0,convention rhonealps french लय 01 里昂 法国 リヨン フランス 2052
1025.0,pont bridge rhone instagramapp uploadedbyinstagram iphoneography squareformat square river metropolisoflyon
1123.0,uploadedbyflickrmobile flickriosappfilternofilter lyonnaise portrait summer bw onlylyon girl rue street
91.0,citroen epoquauto eurexpo 2013 25 30 salon autocarexpo autocar 2012
779.0,fourviere passerelle neige basilique grandlyon snow rhonealpes printemps rhone 69
1545.0,instagramapp uploadedbyinstagram iphoneography squareformat square lumieres placedesterreaux fountain terreaux fontaine
1575.0,vieuxlyon saintjean canon summer old geotagged streetphotography vieux travel oldlyon
71.0,course sport 2009 लय 01 里昂 法国 リヨン フランス 2052
1567.0,landscape traboule tower miniature cinema facade musee vieuxlyon 2012 building
1631.0,cathedrale saintjean lumieres fete 69005 jean 2012 2017 cathedral saint
988.0,fourviere retro basilica dame notre feudartifice basilique urbain vieuxlyon 2010
226.0,artwork contemporaryart artcontemporain saone instagramapp uploadedbyinstagram iphoneography squareformat igerslyon square
908.0,museum square musee statue romain theatre fourviere landscape basilique rhonealpes
1261.0,croixrousse pasted paper course wall streetart 1er mur nikkor wheatpaste
566.0,museedesconfluences confluences musee pentaxk3ii urbanlandscape pentax rhone urban ville city
1289.0,pasted paper croixrousse streetart wheatpaste wheatpaper collage pasteup stencil wall
882.0,pasted paper croixrousse streetart wheatpaper wheatpaste collage pasteup wall installation
1514.0,festa evento delle 05 terreaux francia 12 2014 festedelleluci luci
474.0,fr rhonealpes music concert vie dans mixte rocknroll danse snow
1507.0,urbanart streetart lugdunum graffiti d700 photographie vieuxlyon photography nikon stencil
1629.0,cattedrale citta feste festedelleluci francia 06 2009 st 12 chiesa
574.0,confluence cube green architecture auvergnerhonealpes vert 69 rhone building rhonealpes
1244.0,croixrousse instagramapp uploadedbyinstagram iphoneography squareformat square pasted paper streetart sticker
500.0,pont confluence bridge rhone saone poselongue pentaxk3ii architecture rhonealpes pentax
38.0,stade gallery lumiere ol streetart art parc street लय 01
90.0,interdit depuis sous mon visite old art place moto dark
1612.0,fourviere leica sec palais illuminations notredame basilica cathedrale tour jean
1625.0,saintjean cathedral line church saint pierre basilica cathedrale symbol building
1269.0,sonores nuits portrait лион passerelle music франция winter vinyl groupe
1199.0,2eme bellecour fete lumieres place fetedeslumieres unescoworldheritagesite unescoclassifiedplace unesco worldheritagesite
1275.0,pasted paper streetart croixrousse wheatpaste wheatpaper collage pasteup stencil wall
380.0,cinema institutlumiere lumiere instagramapp uploadedbyinstagram iphoneography squareformat square photographie old
359.0,interieur tag ville exposition jour immeuble geotagged sunset portrait city
530.0,fete lumieres gare architecture auvergnerhonealpes rhone frankreich rhonealpes frankrike francie
105.0,eurexpo bus metro flickriosappfilternofilter uploadedbyflickrmobile rhone mixte japantouch tag touch
859.0,perrache gare train rhone frankrijk frankrike francie metro frankrig 2019
852.0,perrache manifestation gare jour 2014 fete georges lumieres night dark
398.0,cia insa cross villeurbanne 2014 里昂 法国 リヨン フランス 2052
11.0,flickriosappfilternofilter uploadedbyflickrmobile red tree nature reflet reflection rouge en लय
631.0,mac artcontemporain musee white exposition amaro upload instagramapp uploadedbyinstagram iphoneography
57.0,sncf rhone frankreich pierre train rhonealpes st zero nb bb
834.0,fdl supermimil 2016 parcdelatetedor zoo parc dor tete animal animaux
350.0,retraite rhonealps manifestation fra french fr 01 里昂 法国 リヨン
1126.0,street rue jossaris oss jossarisfoto f3563 ilce7m3 24240mm fe lr
1465.0,2013 lumieres fetedeslumieres fete musee museedesbeauxarts terreaux celebration beauxarts 2009
997.0,lieux 50d river rhone fleuve canon ville musique concert bridge
1295.0,saone quais river georges quai passerelle pont rhonealpes confluence fourviere
887.0,manifestation zombies blood retraite french zombie rhonealps walk fra fr
352.0,foursquarevenue4be26f00b02ec9b6a1004dc0 instagramapp uploadedbyinstagram iphoneography squareformat square rise hudson cest pas
1282.0,vs portrait temps ce cest deurope championnat et bokeh pas
1083.0,bmx guillotiere park bellecour man girl wall photographe sun streetphotography
1116.0,lheure beauxarts jour palais musee 2011 painting peinture paysage portrait
771.0,tete shooting parc dor cosplay 18 2012 parcdelatetedor xml lac
213.0,gerland d700 centre photographie photos fleuve noir blanc photography nikon
416.0,cimetiere loyasse 20151108 tombe architecture 18 25 paul 06 14
1058.0,22 80 11 100 14 24 cathedrale 10 12 architecture
1379.0,fetedeslumieres reflection lumieres night placebellecour dark poselongue macro hiver tourisme
1415.0,museedesbeauxartsdelyon lumix panasonic beauxarts musee rhone et peinture 2018 portrait
670.0,jardin лион winter франция river saone croixrousse nikon vieuxlyon lune
1448.0,palais saintjean cathedrale vieuxlyon 2010 travel fete cathedral lumieres jean
437.0,2019 feudartifice 14juillet juillet fujifilmxt2 14 fourviere nuit night saone
1383.0,eos lyons travel museedesbeauxarts beauxarts museum placebellecour placedesterreaux eglise church
1215.0,course croixrousse 1er urban pont pasted paper rhone cityscape streetart
298.0,2010 course moto cross sport competition voiture tour combat rhone
1259.0,instagramapp uploadedbyinstagram iphoneography squareformat square 1er xproii instagood artist croixrousse
1506.0,terreaux 8decembre decembre 69 lumiere fetedeslumieres fete lumieres 2017 2016
349.0,light 8thdecember 8dec 8december dec8 december8 fetedeslumieres2009 december8th 8decembre grandlyon
1534.0,spectacle couleur 2013 fetedeslumieres nuit 01 里昂 法国 リヨン フランス
1042.0,nuits sonores rhone river fleuve voyage trip 2011 travel franca
760.0,parcdelatetedor parc dor tete fleur tetedor flower 2019 francia rhone
635.0,sucriere star exposition musee biennale 2eme confluence art vie places
62.0,chat rose et ciel fleur printemps vert noir 里昂 法国
688.0,partdieu tour fujifilmxt10 bar fujifilmxt2 sunrise building ciel noiretblanc en
1460.0,beaux arts museedesbeauxarts musee fujifilmxt2 sculpture museedesbeauxartsdelyon 2010 fete museum
188.0,里昂 法国 リヨン フランス 프랑스 리옹 ลยง ประเทศฝรงเศส लय لیون
1413.0,fr rhonealpes love instagramapp uploadedbyinstagram iphoneography squareformat square museumoffineartsoflyon museedesbeauxartsdelyon
1274.0,pasted paper croixrousse streetart wheatpaste wheatpaper pasteup collage installation wall
818.0,flickriosappfilternofilter uploadedbyflickrmobile citeinternationale design iphone orange immeuble building blackandwhite noiretblanc
609.0,confluence d800 spectacle nikkor nikon nuit lyoncity villedelyon urban architecture
271.0,fleurs metal jaune avec flower fleur vert flowers oiseau rose
1463.0,museumoffineartsoflyon museedesbeauxartsdelyon beauxarts musee nikkor museum 2017 mort frankreich museedesbeauxarts
948.0,grandlyon 69005 5eme dec8 8dec 8december 8thdecember december8 fetedeslumieres2009 december8th
130.0,bron 2009 लय 01 里昂 法国 リヨン フランス 2052 لیون
250.0,geotagged interieur ville musee fresque macro sur crane statue ligne
1531.0,terreaux international manifestation gens animaux people fontaine 2013 place rue
191.0,sports vs villeurbanne 1er 2009 लय 01 里昂 法国 リヨン
996.0,fourviere europa dame notre 20140529 basilique eos lyons travel fr
1184.0,festa festedelleluci delle luci 05 12 2014 francia place biennaledelyon
40.0,fujifilmxt2 gallery stade urbain dans streetart art ol instagramapp uploadedbyinstagram
712.0,perrache live concert monochrome gare sncf en noir train instagramapp
187.0,里昂 法国 リヨン フランス 프랑스 리옹 ลยง ประเทศฝรงเศส लय لیون
927.0,theatre fourviere roman fr rhonealpes oss 24240mm jossarisfoto jossaris f3563
903.0,decembre 8decembre 2017 69 lumiere fetedeslumieres fete lumieres jossaris 24240mm
476.0,war beaux arts mode musee world et pour cinema decembre
1338.0,bellecour placebellecour place fetedeslumieres grande fourviere retraite rhonealps manifestation illuminations
659.0,saone river jossaris ilce7m3 24240mm oss jossarisfoto f3563 fe bij
605.0,orange confluence cube architecture onlylyon urban fr immeuble presquile 2013
55.0,vaulxenvelin piscine rhone instagramapp uploadedbyinstagram iphoneography shooting sunrise squareformat square
722.0,pride gay girl defile 2012 spring printemps portrait sign metropolisoflyon
351.0,lumiere fetedeslumieres film europa travel geotagged cinema voyage canon dark
750.0,cosplay cosplayer dor tete parc parcdelatetedor fleur old noir blanc
1434.0,opera lumix dance hoteldeville panasonic places ville fetedeslumieres d800 danse
265.0,onlylyon sculpture contemporain people biennale biennaledelyon artcontemporain 里昂 法国 リヨン
584.0,iphone exhibition rue crane saxotaz unescoclassifiedplace palais worldheritagesite morning unescoworldheritagesite
1444.0,museedesbeauxartsdelyon museumoffineartsoflyon beauxarts musee placedesterreaux painting unescoclassifiedplace worldheritagesite museum unescoworldheritagesite
1302.0,artcontemporain 25 instagramapp uploadedbyinstagram iphoneography squareformat square expo art rue
1179.0,concert musique music nikkor nikon live groupe लय 01 里昂
580.0,transbordeur live musique music concert band 2010 01 里昂 法国
284.0,acting villeurbanne performance spectacle rhonealpes rhone day grandlyon iphone uploadedbyflickrmobile
1606.0,dark leica miniature black travel art light flickriosappfilternofilter uploadedbyflickrmobile traboule
435.0,conference interieur sur jeu 80 en vue dress lumiere movie
680.0,evenement cosplay dieu 27 xml 2014 法国 リヨン フランス 2052
520.0,confluences musee confluence gallery लय ลยง لیون 리옹 museum ليون
981.0,fourviere city panorama rhonealpes basilique saone auvergnerhonealpes dame notre ville
910.0,fetedeslumieres decembre 8decembre jean 2017 fete 69 lumieres colline lumiere
686.0,graffiti festival streetart croixrousse words wall mur graff artiste cest
1400.0,museumoffineartsoflyon museedesbeauxartsdelyon beauxarts placedesterreaux roman unescoclassifiedplace worldheritagesite musee unescoworldheritagesite metropolisoflyon
724.0,parcdelatetedor sports vs sport parc tete dor onlylyon auvergnerhonealpes tetedor
844.0,mac fdl supermimil 2016 16 portrait 2017 war museum red
1524.0,musee vieuxlyon francja 2016 k20d heure fete 360 lheure lumieres
1504.0,lyons bw robot miniature home roman et cinema restaurant vert
1357.0,14juillet feudartifice saone feu 2011 artifice dartifice quai bridge pont
1038.0,citta feste chiesa festedelleluci francia 06 dame notre basilica 2009
519.0,creativecommons commons creative cc lyonnais lyons cathedral french church architecture
1172.0,lumieres fete fetedeslumieres 2013 fdl supermimil 2016 2011 instagramapp uploadedbyinstagram
652.0,gallery pransiya phap perancis frankryk ประเทศฝรงเศส فرانسه γαλλια franta fransa
1608.0,miniature saintjean museum jean saint vieux vieuxlyon night 1er 2009
294.0,eos canon fujifilmxt2 gerland bmx street 50d fleur macro flower
1272.0,2010 statue placebellecour love clouds white black 2011 bw canon
482.0,piscine juillet bridge people 2016 urbain river rue urban street
896.0,graffiti sport nuit graff noir blanc tag park nb painted
493.0,marchegare live concert concertlive gig 01 里昂 法国 リヨン フランス
169.0,里昂 法国 リヨン フランス 프랑스 리옹 ลยง ประเทศฝรงเศส लय لیون
1317.0,pasted paper croixrousse streetart pasteup wheatpaste wheatpaper collage wall sticker
1566.0,instagramapp uploadedbyinstagram iphoneography squareformat square traboule rue upload vieuxlyon 27
1546.0,2eme festival festivaloflights lights fete placedesterreaux lumieres 2013 terreaux fetedeslumieres
415.0,cimetiere loyasse 20151108 tombe architecture et 18 30 iso mm
658.0,parc juillet vue 14 2011 musique concert saone sur rouge
1018.0,pont rhone bridge incity night poselongue nuit longexposure lights partdieu
1399.0,museumoffineartsoflyon museedesbeauxartsdelyon beauxarts musee placedesterreaux unescoclassifiedplace worldheritagesite unescoworldheritagesite metropolisoflyon bourgogne
1373.0,gens bar people 2014 citta flickriosappfilternofilter uploadedbyflickrmobile rhonealpes francia saone
535.0,gare van urbanlandscape centre francja frankrijk urban frankreich francia ville
1228.0,band francia franca frankrijk man portrait frankreich jung retraites rhonealpes
1471.0,instagramapp uploadedbyinstagram iphoneography squareformat square hudson 1er oldlyon unescoclassifiedplace vieux
267.0,instagramapp uploadedbyinstagram iphoneography squareformat square xproii rise pour ce valencia
235.0,geotagged 2010 eau blanc ville reflet conference noiretblanc interieur foule
785.0,passerelle citeinternationale fleuve bridge river rhone landscape cityscape sunset pentaxk3ii
1586.0,traboule vieuxlyon paris buildings city saintjean 10 rue 2018 people
276.0,biennale villeurbanne artcontemporain matieres contemporain et 10 2018 nature 2017
1037.0,cathedrale fourviere rhonealpes rhone basilica notredame basilique lumix panasonic rose
205.0,villeurbanne rugby vs stade fr rhonealpes gare architecture urban 2012
892.0,instagramapp uploadedbyinstagram iphoneography squareformat square streetart lugdunum urbanart croixrousse photos
1335.0,georges eglise saint d800 church leica 35mm 2015 frankreich nikon
1446.0,museedesbeauxarts frankrijk man museum sculpture musee statue europa frankreich franca
921.0,jossaris oss 24240mm ilce7m3 jossarisfoto f3563 fe sec lr bij
445.0,2012 pride gay 2010 bokeh dream danse ce sign femme
4.0,fujifilmxt2 passerelle revolution instagramapp uploadedbyinstagram iphoneography squareformat fall square jonage
904.0,pasted paper croixrousse wheatpaper wheatpaste pasteup collage streetart wall mur
1594.0,rhonealpes fr orange nikkor flickriosappfilternofilter uploadedbyflickrmobile vieuxlyon mur 2017 frankreich
606.0,cube confluence orange quartier architecture quai 69 auvergnerhonealpes rhone frankrike
1561.0,rhonealps citeinternationale illuminations fra vieux festival light fetedeslumieres fete city
1131.0,fdl supermimil 2016 pride gay fontaine places 2017 place auvergnerhonealpes
819.0,bar d700 photographie photos pont photography nikon retraites manifestation book
588.0,里昂 法国 リヨン フランス 프랑스 리옹 ลยง ประเทศฝรงเศส लय لیون
1362.0,francia 2009 लय 01 里昂 法国 リヨン フランス 2052 لیون
713.0,sncf train gare partdieu paris リヨン フランス couleur punk blackandwhite
1019.0,pont rhone river bridge clouds nuages rhonealpes instagramapp uploadedbyinstagram iphoneography
1023.0,fourviere basilica notredame basilique hdr church rhonealpes eglise flickrandroidappfilternone architecture
840.0,mac artcontemporain musee performance 2016 2017 exposition water contemporain printemps
1254.0,pasted paper croixrousse streetart collage wheatpaste wheatpaper pasteup wall sticker
741.0,parc d5300 tetedor fleur dor nature tete urbain nikon animal
1502.0,saintjean vieuxlyon grandlyon vieux 69 cathedrale rhonealpes snow neige 69005
429.0,perrache gare pont fleuve eau fleur macro noir blanc nature
329.0,villeurbanne ville hotel architecture bleu frankrike 2012 vert francie frankrig
528.0,eglise church franca lumieres voyage fete fujifilmxt10 trip flower فرانسه
122.0,里昂 法国 リヨン フランス 프랑스 리옹 ลยง ประเทศฝรงเศส लय لیون
648.0,mdc people onlylyon river canon monochrome movie museedesconfluences animal snow
451.0,saone rhonealpes hudson eos lyons avec vieux river travel urban
305.0,couleur vue monochrome exterieur paysage issmys internationalsummerschoolofmathematicsforyoungstudents architecture sur noiretblanc
316.0,ninkasikao ninkasi gerland live concert 2016 tour rock musique music
208.0,notredamedefourviere traboule flickriosappfilternofilter uploadedbyflickrmobile dress artwork artist chat instagramapp uploadedbyinstagram
897.0,grandlyon theatre 5eme 69005 8dec 8december 8thdecember dec8 december8 fetedeslumieres2009
446.0,iphoneography instagramapp uploadedbyinstagram squareformat square amaro geotagged fontaine acier metal
173.0,hudson people place instagramapp uploadedbyinstagram iphoneography squareformat square 01 里昂
1472.0,festa evento luci delle 05 12 2014 francia フランス 2052
1312.0,theatre 2012 lumieres fete 2011 architecture chat sur facade pentax
1304.0,instagramapp uploadedbyinstagram iphoneography squareformat square saxotaz photography presquile followme en
718.0,instagramapp uploadedbyinstagram iphoneography squareformat square sncf train partdieu gare restaurant
552.0,live concert music band musique sonores 2015 nuits dance filoer
296.0,里昂 法国 リヨン フランス 프랑스 리옹 ลยง ประเทศฝรงเศส लय لیون
1060.0,hoteldeville terreaux presquile bellecour vue sur et rhone uploadedbyflickrmobile fourviere
1593.0,vieuxlyon saintjean francia rue frankrijk frankreich vieux rhone sticker frankrike
1549.0,fourviere pentaxk3ii saone river pentax fetedeslumieres saintjean passerelle urbanlandscape lumieres
666.0,tour partdieu tower building architecture city dieu urban ville reflet
773.0,tete parcdelatetedor dor parc creativecommons commons creative cc park animal
324.0,里昂 法国 リヨン フランス 프랑스 리옹 ลยง ประเทศฝรงเศส लय لیون
695.0,voiture rhonealpes rhone sncf gare partdieu 06 03 01 05
82.0,stefho74 frenchrailways railways bb train लय 01 里昂 法国 リヨン
860.0,2011 rue 2009 लय 01 里昂 法国 リヨン フランス 2052
1070.0,hoteldieu 2010 fete fujifilmxt2 lumieres river rhone illuminations pentaxk3ii quai
21.0,grand 2018 bleu conference sncf mai shooting ete sigma 22
223.0,peinture jean exhibition musee exposition painting museum croises et dans
627.0,confluence filoer villages villes tourisme 18 2015 saone rhone instagramapp
3.0,sncf miribel train bb ain par concert 2015 sunset rhonealpes
762.0,tetedor oiseau parc 1er 2009 लय 01 里昂 法国 リヨン
59.0,mur sur en pierre metal death canon orange basilica tree
1512.0,justice palais lumieres oldlyon romain fete unescoclassifiedplace worldheritagesite unesco unescoworldheritagesite
103.0,sigma nikon street auto cars car black night blue 2013
871.0,zombie marche perrache place nikon walk 2015 day pentax instagramapp
356.0,lumiere movie musee institutlumiere museum landscape film day festival light
248.0,garnier tony mural musee urbain urban lyonfrance architecture city quartier
339.0,sncf train gare instagramapp uploadedbyinstagram iphoneography squareformat square flickriosappfilternofilter uploadedbyflickrmobile
786.0,dor tete parc parcdelatetedor animaux chat fr auvergnerhonealpes zoo nature
365.0,instagramapp uploadedbyinstagram iphoneography squareformat square rise amaro hudson pour xproii
644.0,partdieu gare ligne lyonfrance 2013 train urban portrait en instagramapp
1224.0,creativecommons commons creative cc french lyons city graffiti graff tag
142.0,999 demeure saintromainaumontdor chaos contemporain musee art rhone laurentcourau 2052
287.0,villeurbanne spectacle rhonealpes rhone centre vue parc architecture 2011 fr
854.0,pont nuit bridge night nikon rhone quai lumiere longexposure cityscape
557.0,creativecommons commons creative cc rhone lyons quai city french trees
15.0,jonage miribel ain lac animaux oiseau rhone grand fr rhonealpes
475.0,metalmusic halle garnier tony live metal music concert tour 2017
233.0,villeurbanne insa ciel dream f28 artwork instagramapp uploadedbyinstagram iphoneography contemporaryart
101.0,japan cars lumix panasonic car photography 2013 nuit night 14
1164.0,place fontaine fetedeslumieres presquile fountain fete lumieres 2011 french evenement
777.0,feu festival citeinternationale pentaxk3ii pentax landscape nuages river clouds paysage
663.0,gallery culture perancis pransiya فرانسه frankryk phap ประเทศฝรงเศส γαλλια fransa
1580.0,photographe voyage photographie photos trip paysage color landscape photography travel
744.0,citeinternationale shooting architecture femme couleur color rhonealpes portrait canon fr
728.0,pasted paper croixrousse lune streetart wheatpaste wheatpaper pasteup collage wall
1227.0,instagramapp uploadedbyinstagram iphoneography squareformat square bellecour placebellecour retraite manifestation nb
1004.0,fujifilmxt2 feudartifice juillet 2018 fourviere 14 nuit night basilique 14juillet
375.0,gig rhonealps culture villeurbanne live musique music concert fra night
642.0,oss jossaris f3563 jossarisfoto ilce7m3 24240mm fe bij sec lr
376.0,foursquarevenue4be26f00b02ec9b6a1004dc0 instagramapp uploadedbyinstagram iphoneography squareformat square xproii avec rise en
480.0,concert hotel लय 01 里昂 法国 リヨン フランス 2052 لیون
915.0,pont rhone river unescoclassifiedplace worldheritagesite unescoworldheritagesite metropolisoflyon bourgogne burgundy trees
354.0,foursquarevenue4be26f00b02ec9b6a1004dc0 instagramapp uploadedbyinstagram iphoneography squareformat square rise xproii pour ce
374.0,band music groupe villeurbanne live musique concert bar culture rock
923.0,jour museum musee jossarisfoto oss jossaris ilce7m3 f3563 24240mm fe
510.0,gare marche grand blanc live concert canon couleur color nb
964.0,river neige quai rhone pont fourviere flickrandroidappfilternone 03 sous snow
1001.0,5eme fourviere basilique notredamedefourviere notredame 360 journee dame notre basilica
675.0,quais pasted paper saone f28 nuages clouds wheatpaste wheatpaper pasteup
1640.0,lumieres fete 2014 2016 rhonealpes 2018 2013 st details jean
1633.0,cathedral cathedrale oldlyon unescoclassifiedplace worldheritagesite saintjean unescoworldheritagesite metropolisoflyon bourgogne burgundy
1619.0,frankreich nikkor 2017 rhonealpes nikon fr auvergnerhonealpes cathedrale eglise basilique
740.0,parc parcdelatetedor tree dor tete fr auvergnerhonealpes park trees dark
1408.0,museumoffineartsoflyon museedesbeauxartsdelyon beauxarts placedesterreaux unescoclassifiedplace worldheritagesite unescoworldheritagesite metropolisoflyon bourgogne burgundy
736.0,parcdelatetedor dor tete parc fujifilmxt10 lac fall printemps oiseau tetedor
1466.0,panasonic lumix lyons beauxarts sculpture placedesterreaux musee photographe painting dieu
963.0,piscine rhone onlylyon river tony quai people 2016 20140529 27
1301.0,pasted paper croixrousse pasteup wheatpaste wheatpaper collage streetart installation wall
1485.0,decembre 8decembre 69 lumiere fetedeslumieres fete lumieres 2017 gare paul
805.0,expo miniature ville citeinternationale लय 01 里昂 法国 リヨン フランス
1395.0,instagramapp uploadedbyinstagram iphoneography squareformat square bellecour place xproii placebellecour fete
197.0,rhonealpes rhone graff streetart et instagramapp uploadedbyinstagram iphoneography squareformat visiteurs
1099.0,hoteldieu nikon oss 24240mm jossarisfoto jossaris f3563 ilce7m3 fe sec
504.0,blackandwhite bw light street night लय 01 里昂 法国 リヨン
373.0,gig live metal hardcore justice art music villeurbanne fontaine 18
949.0,fourviere basilique notredame exposition dame notre basilica streetart sunset opera
922.0,musee 2018 romain fourviere design architecture dark color museum building
623.0,biennaledelyon sucriere biennale artcontemporain mac building video star artwork confluence
1147.0,juillet 14 oeil fourviere bellecour dartifice sous 2012 place placebellecour
321.0,issmys internationalsummerschoolofmathematicsforyoungstudents लय 01 里昂 法国 リヨン フランス 2052 لیون
693.0,partdieu tour hotel tower architecture rhone frankrike francie frankrig building
102.0,sigma nikon art japan 16 cars sport shooting car black
461.0,里昂 法国 リヨン フランス 프랑스 리옹 ลยง ประเทศฝรงเศส लय لیون
1601.0,cinema miniature musee film urban et hotel vieuxlyon event interieur
933.0,live musique music concert cinema nuits fourviere mac roman romain
160.0,villeurbanne flower friends fleur fleurs flowers couleur color day urbain
478.0,showrock showmetal heavymetal hardrock rockshow concertlive arnallephotography k20d livepic metalshow
941.0,nuits lugdunum theatre romain rhonealpes fourviere frankreich rocknroll monochrome roman
558.0,garden rose creativecommons commons creative lyonnaise cc lyonnais lyons french
395.0,insa danse rock 22 16 11 18 14 24 10
1305.0,pasted paper instagramapp uploadedbyinstagram iphoneography squareformat square croixrousse streetart pour
872.0,pasted paper croixrousse streetart pasteup wheatpaste wheatpaper collage dd bleu
824.0,parcdelatetedor oiseau animal water nature eau tete macro parc dor
998.0,20140529 dame notre basilique fourviere visite notredamedefourviere dark leica cathedral
48.0,st eglise georges en cathedrale jean dartifice sur et justice
1185.0,2013 2014 लय 01 里昂 法国 リヨン フランス 2052 لیون
1233.0,concert rock bar d800 musique music nikkor nikon croixrousse installation
1613.0,5eme cathedrale fetedeslumieres festa cattedrale chiesa evento luci delle 05
619.0,confluence shooting rousse places bridge lyoncity villedelyon pont passerelle love
1555.0,rhonealpes vieuxlyon vieux man oldlyon saintjean rue unescoclassifiedplace worldheritagesite unescoworldheritagesite
1467.0,fireworks fete saone day fourviere artifice dartifice feudartifice creativecommons commons
957.0,pour night voyage world trip 2011 river travel franca europa
971.0,van instagramapp uploadedbyinstagram iphoneography squareformat square oss f3563 jossarisfoto ilce7m3
189.0,cosplay 05 2016 festival xml convention saint lyons 法国 リヨン
314.0,ninkasi instagramapp uploadedbyinstagram iphoneography squareformat square ninkasikao hardcore gerland flickrandroidappfilternone
989.0,cathedral church statue bridge river sculpture night tree skull painting
977.0,rose fleurs blackandwhite noiretblanc pierre bleu blue loeil oeil car
1438.0,2014 lumieres opera rue 2012 fete regard place presquile en
521.0,architecture visite patrimoine rhone auvergnerhonealpes 2012 rhonealpes town place ville
822.0,manifestation fresque places mural van mur guillotiere et cinema place
1558.0,passerelle bridge justice saone palais oldlyon unescoclassifiedplace worldheritagesite unescoworldheritagesite metropolisoflyon
1510.0,terreaux fontaine illuminations fujifilmxt10 fountain fete lumieres placedesterreaux fujifilmxt2 light
1311.0,pasted paper croixrousse streetart wheatpaper pasteup wheatpaste collage wall installation
768.0,parc dor tete fujifilmxt2 parcdelatetedor nature fleur bokeh d700 photographie
8.0,animaux oiseau nature fleur rhonealpes 里昂 nb लय 01 法国
661.0,confluences musee d700 nikon museum vue fleuve rhonealpes river paysage
1639.0,2010 travel rhonealpes river jean cathedral saint miniature dieu musee
469.0,2012 2009 लय 01 里昂 法国 リヨン フランス 2052 لیون
1453.0,instagramapp uploadedbyinstagram iphoneography squareformat square opera upload hotel rise francia
1461.0,musee beaux arts museedesbeauxarts creativecommons commons creative lyonnaise cc lyonnais
1441.0,opera instagramapp iphoneography squareformat square uploadedbyinstagram upload picoftheday onlylyon genie
935.0,fourviere concert theatre cosplayer cosplay lyonfrance roman architecture woman portrait
1200.0,fete lumieres fetedeslumieres fr tour auvergnerhonealpes decembre 2010 2017 8decembre
107.0,instagramapp uploadedbyinstagram iphoneography squareformat square eurexpo bus japantouch salon haru
393.0,vs ce cest couleur color rhonealpes 里昂 法国 リヨン フランス
332.0,jeu jean instagramapp uploadedbyinstagram iphoneography squareformat architecture square ville place
808.0,defile citeinternationale places en 2016 里昂 法国 リヨン フランス 2052
582.0,music concert photography lights canon iphone 11 tour day 法国
361.0,foursquarevenue4be26f00b02ec9b6a1004dc0 instagramapp uploadedbyinstagram iphoneography squareformat square xproii rise amaro hudson
544.0,guillotiere words pasted paper streetart wall wheatpaper wheatpaste pasteup fete
542.0,octogones 1er 2009 लय 01 里昂 法国 リヨン フランス 2052
620.0,video 1er 2009 लय 01 里昂 法国 リヨン フランス 2052
1161.0,restaurant 2017 fourviere fete lumieres vue sur notredame basilica presquile
759.0,tete creativecommons commons creative cc garden parc dor parcdelatetedor park
410.0,croixrousse pentax pentaxk3ii genie poselongue bus longexposure fresque instagramapp uploadedbyinstagram
219.0,artwork contemporaryart artcontemporain igerslyon art instagramapp uploadedbyinstagram iphoneography squareformat square
1574.0,vieuxlyon rose tour traboule vieux facade rhonealpes oldlyon unescoclassifiedplace worldheritagesite
292.0,villeurbanne hotel photos 24 ciel en place 里昂 法国 リヨン
723.0,parcdelatetedor world vs dor tete parc fr course fleur printemps
6.0,shooting woman summer girl places concours miribel франция instagramapp uploadedbyinstagram
2.0,oiseau nature hiver rhonealpes ete sunset ciel sur soleil par
326.0,stadedegerland lyonnais fr frankreich 360 nuages amaro uploadedbyflickrmobile people instagramapp
1211.0,traboule museum upload pierre instagramapp uploadedbyinstagram iphoneography squareformat square saint
68.0,里昂 法国 リヨン フランス 프랑스 리옹 ลยง ประเทศฝรงเศส लय لیون
729.0,100 2009 लय 01 里昂 法国 リヨン フランス 2052 لیون
1587.0,unesco 69005 pierre rhone sculpture architecture cathedrale street vieux frankreich
710.0,parc war parcdelatetedor onlylyon dor sculpture tete pierre people statue
559.0,confluence lyoncity villedelyon onlylyon architecture 2013 30 urban 11 buildings
565.0,musee confluences museedesconfluences nikoncoolpixp7100 museum fujifilmxt10 architecture nuit night nb
682.0,partdieu incity tour paul architecture fujifilmxt2 urban tower people building
958.0,rhone frankreich river van dame notre basilique fourviere 里昂 法国
1525.0,musees 8decembre 69 5eme 69005 8dec 8december 8thdecember dec8 december8
136.0,360 abodeofchaos demeureduchaos chaos panorama thierryehrmann ddc artistshouses servergroup prophetie
111.0,eurexpo haru japantouch touch japan cosplay amaro girl flickriosappfilternofilter noir
274.0,villeurbanne geotagged ville marche streetphotography rhone tag orange statue place
951.0,pasted paper croixrousse streetart wheatpaste wheatpaper collage pasteup wall installation
1292.0,artist rue immeuble pasted paper streetart nuit 06 03 filoer
259.0,flickriosappfilternofilter uploadedbyflickrmobile mon quartier tower notredame basilica fra rue fourviere
1451.0,museedesbeauxarts lumieres placedesterreaux fete terreaux geotagged 2009 cafe place fetedeslumieres
905.0,nuits fourviere 2015 danse live festival tour dans et paul
1597.0,flickriosappfilternofilter uploadedbyflickrmobile 2009 लय 01 里昂 法国 リヨン フランス 2052
1277.0,lumieres fete place лион франция winter sticker nikkor architecture fra
509.0,uploadedbyflickrmobile 2014 decembre streetphotography 2013 flickriosappfilternofilter auvergnerhonealpes avril metropolisoflyon bourgogne
1316.0,rhonealpes instagramapp uploadedbyinstagram iphoneography squareformat croixrousse snow square rise tree
920.0,romain theatre parc fourviere basilique jeu sur jardin paysage vue
258.0,urbain festa urban sign evento luci delle mur sport line
511.0,forum st mac line spring sign blanc nature monochrome rhone
732.0,sunset sky snow city instagramapp uploadedbyinstagram iphoneography squareformat square facade
1007.0,basilique notredame fourviere basilica colline french architecture interieur rhone patrimoine
1323.0,pasted paper wheatpaste wheatpaper collage croixrousse pasteup streetart wall mur
1326.0,pasted paper streetart pasteup wheatpaste wheatpaper collage croixrousse wall expo
1557.0,musique justice basilique palais passerelle par basilica en et city
119.0,eurexpo nikoncoolpixp7100 rock expo voiture car lego 2018 2014 2015
514.0,confluence rhone auvergnerhonealpes architecture quartier 69 exhibition cube expo exposition
594.0,confluence lyoncity villedelyon gerland 2014 fra fetedeslumieres fete lumieres rhone
377.0,foursquarevenue4be26f00b02ec9b6a1004dc0 instagramapp uploadedbyinstagram iphoneography squareformat square xproii rise en hudson
1634.0,69005 rhonealps culture film fra vieuxlyon festival gig musique cinema
539.0,manifestation 2017 mai 1er vie portrait ville city retraites noiretblanc
639.0,musee museedesconfluences confluences confluence 2014 2018 museum cityscape urbain night
1135.0,sanctuaire saint unescoclassifiedplace worldheritagesite unescoworldheritagesite metropolisoflyon bourgogne burgundy presquile unesco
306.0,snow night garden car winter color red day bw 法国
1189.0,genie saxotaz instagramapp uploadedbyinstagram iphoneography squareformat square fall ilove 2013
1051.0,dame notre fourviere basilique cityscape notredamedefourviere notredame basilica saone rhone
1421.0,patrimoine 1er journee hotel 2014 ville 2018 hoteldeville fetedeslumieres festivaloflights
283.0,villeurbanne residence etudiant pour lieux moto art street contemporain 01
468.0,concert en लय 01 里昂 法国 リヨン フランス 2052 لیون
1279.0,pasted paper croixrousse streetart pasteup wheatpaste wheatpaper collage installation wall
607.0,sang blood zombie walk confluence urban rhonealps architecture frankrike francie
45.0,showrock showmetal hardrock capturedalive arnal arnallephotography arnaudbouvard arnalphotography rocknroll arnaud
1392.0,international 2eme grande fetedeslumieres lumieres fete bellecour spectacle 2017 lumiere
1127.0,2013 lumieres fetedeslumieres lumiere light fete 2eme decembre 8decembre 69
1310.0,bellecour place girl places square people iphone man femme presquile
1268.0,lumieres 2011 fete celebration fetedeslumieres light ruins croixrousse лион франция
679.0,里昂 法国 リヨン フランス 프랑스 리옹 ลยง ประเทศฝรงเศส लय لیون
553.0,confluence lyoncity villedelyon quai auvergnerhonealpes 69 rhone visite lumieres 2013
1403.0,marche fourviere saintjean rhonealpes rhone vieuxlyon saint saone quai blue
161.0,villeurbanne festival streetart urban art street लय 01 里昂 法国
1201.0,sigma pentax shooting fiction art placebellecour bellecour confluence urbain rhone
522.0,citroen architecture rhone vinyl noiretblanc leica monochrome frankrike francie frankrig
898.0,pochoir jaune stencil dame sign notre graffiti basilique fourviere bus
890.0,urbanart d700 photographie photos girl graffiti streetphotography photography streetart nikon
700.0,tour dieu partdieu d800 leica 35mm visite 2015 red mai
704.0,incity tour tower building paul urbain sun couleur color reflet
735.0,instagramapp uploadedbyinstagram iphoneography squareformat square parcdelatetedor parc onlylyon dor tete
49.0,instagramapp uploadedbyinstagram iphoneography squareformat square rise amaro xproii hudson ce
999.0,jossarisfoto jossaris oss ilce7m3 f3563 24240mm fe lr sec bij
1404.0,bmx d800 nikkor day nikon street lumieres fete statue fetedeslumieres
158.0,360 abodeofchaos demeureduchaos 999 panorama art saintromainaumontdor contemporain artistshouses servergroup
809.0,jardin paysage nuit ville parc festival lights rhonealpes parcdelatetedor fete
1091.0,pasted paper croixrousse streetart stencil wheatpaste pasteup wheatpaper collage wall
1273.0,creativecommons pasted commons paper creative cc streetart croixrousse lyons ruins
1249.0,theatre pentaxk3ii instagramapp iphoneography squareformat architecture square pentax rhone uploadedbyinstagram
716.0,bb sncf gare train cc dieu et alpes exterieur partdieu
35.0,里昂 法国 リヨン フランス 프랑스 리옹 ลยง ประเทศฝรงเศส लय لیون
1624.0,cathedrale jean church saint frankrike frankrig vieuxlyon cathedral saintjean frankreich
137.0,concours 2015 concert rose white black lights bron dance danse
1337.0,bellecour grande place lumieres fete placebellecour people championnat lune 2014
885.0,green rock garden friends live woman spring macro park snow
239.0,tassinlademilune 06 2017 2011 rue rhone 里昂 法国 リヨン フランス
1483.0,notredame basilica fourviere hotel opera traboule paris terreaux rousse croix
277.0,instagramapp uploadedbyinstagram iphoneography squareformat square voiture villeurbanne time green amaro
978.0,et fleurs pierre time flowers rouge jaune orange photos noir
987.0,sunrise neige fourviere soleil colline sun grandlyon 里昂 nature partdieu
1300.0,50d saone river hiver fleuve nature canon georges hdr quai
1318.0,instagramapp uploadedbyinstagram iphoneography squareformat square rousse croix upload rise xproii
513.0,lune metro square rise 2010 instagramapp uploadedbyinstagram iphoneography squareformat 01
86.0,2012 musee 911 2019 01 里昂 法国 リヨン フランス 2052
966.0,frankrike pont rhone bridge river ete fleuve instagramapp uploadedbyinstagram iphoneography
501.0,vs perrache sport confluence conference sigma alpes 14 eos canon
711.0,prison patrimoine journee japan parc quartier bw rotonde paul 2011
1067.0,restaurant croixrousse pasted paper streetart words wall pasteup wheatpaste wheatpaper
1232.0,concert vie live cafe music pasted paper lyonnais pasteup wheatpaste
422.0,competition fourviere grandlyon neige snow 69 europa frankreich graffiti rhonealpes
385.0,retraites manifestation longexposure nuit piano retraite rhonealps avril ville night
1496.0,vieuxlyon rue trip frankreich europa rhone worldheritagesite franca auvergnerhonealpes frankrijk
366.0,villeurbanne metro bokeh nikon vs city nikkor iphone clouds noiretblanc
14.0,miribel jonage ain animaux lac oiseau rhone macro parc hiver
440.0,rocknroll ninkasi gerland musique concert music 10 color 2011 punk
1581.0,cathedrale jean saint frankrijk frankreich francia 69 place patrimoine fontaine
1287.0,croixrousse pasted paper streetart graffiti wheatpaste wheatpaper pasteup street collage
1286.0,bellecour place placebellecour grande places flickriosappfilternofilter uploadedbyflickrmobile 2016 supermimil exterieur
660.0,partdieu groupe avec flickrandroidappfilternone pour artwork 22 frankrike francie frankrig
937.0,rhonealpes instagramapp uploadedbyinstagram iphoneography squareformat square live 24240mm oss jossarisfoto
357.0,foursquarevenue4be26f00b02ec9b6a1004dc0 instagramapp uploadedbyinstagram iphoneography squareformat square rise xproii pour ce
216.0,artwork contemporaryart artcontemporain igerslyon instagramapp uploadedbyinstagram iphoneography squareformat art square
128.0,2013 painting instagramapp uploadedbyinstagram iphoneography squareformat square bar flickriosappfilternofilter uploadedbyflickrmobile
1319.0,musique concert jaune streetart urban nikon art लय 01 里昂
1108.0,2012 fetedeslumieres fete lumieres rhonealpes rhone festival lights nuit december8th
1382.0,bellecour place fete patrimoine lumieres statue world old town 2018
598.0,confluence frankrike francie frankrig lyons francja architecture franca frankrijk frankreich
1344.0,lumieres fete fetedeslumieres lights 1er festivaloflights 2012 nuit festival 2013
241.0,24 2018 2010 01 里昂 法国 リヨン フランス 2052 لیون
1087.0,fete croixrousse depuis rousse places vue croix lumieres pasted et
473.0,halle garnier tony concert laser star 80 flickriosappfilternofilter uploadedbyflickrmobile 5eme
1077.0,landscape fontaine festa mode rhone leica alpes jaune robot gallery
64.0,sncf bb dor train gare 69 rhone pour fr alpes
1590.0,saintjean eglise rhonealpes rhone jean saint 2011 place fetedeslumieres 69005
1595.0,miniature cinema musee et lyons sur लय 01 里昂 法国
641.0,3eme exposition artist artwork contemporaryart artcontemporain art instagramapp uploadedbyinstagram iphoneography
1532.0,fontaine fountain terreaux placedesterreaux vie cest 8decembre sculpture blue statue
488.0,hotel fourviere restaurant culture auvergnerhonealpes architecture fr interieur cosplay passerelle
254.0,gerland line oeil juillet tour 2012 ligne urbain train urban
244.0,里昂 法国 リヨン フランス 프랑스 리옹 ลยง ประเทศฝรงเศส लय لیون
1324.0,pasted paper croixrousse wheatpaste wheatpaper collage pasteup streetart wall words
780.0,instagramapp uploadedbyinstagram iphoneography squareformat square ce notre avec et rencontre
242.0,flower bokeh portrait spring photography macro flowers rose nikon bw
781.0,instagramapp uploadedbyinstagram iphoneography squareformat square upload theatre et pour rencontre
531.0,confluence landscape architecture city rhone lyoncity villedelyon perrache saone quais
828.0,parcdelatetedor dor tete parc zoo rhonealpes rhone animal tourisme metropolisoflyon
845.0,biennale exhibition biennaledelyon mac piano expo citeinternationale artwork exposition frankrike
1387.0,onlylyon bellecour place fetedeslumieres 2013 nuit exposition couleur color 2016
212.0,soleil gare ciel metro voyage grande printemps 35mm rose nature
1398.0,museedesbeauxartsdelyon museumoffineartsoflyon unescoclassifiedplace worldheritagesite beauxarts sculpture unescoworldheritagesite placedesterreaux metropolisoflyon bourgogne
182.0,里昂 法国 リヨン フランス 프랑스 리옹 ลยง ประเทศฝรงเศส लय لیون
701.0,movie train partdieu blue fr auvergnerhonealpes city gare dieu cest
1095.0,hoteldieu batiment presquile rhone french building dieu hotel fete lumieres
362.0,foursquarevenue4be26f00b02ec9b6a1004dc0 instagramapp uploadedbyinstagram iphoneography squareformat square xproii rise sur hudson
333.0,2011 crane night metal sign instagramapp uploadedbyinstagram iphoneography squareformat square
180.0,tour architecture rhonealpes 2009 लय 01 里昂 法国 リヨン フランス
1040.0,fourviere basilique basilica lumieres 2009 celebration fetedeslumieres fete light vieuxlyon
1049.0,fourviere river basilique blackandwhite noiretblanc notredame basilica details fdl supermimil
427.0,auvergnerhonealpes fr voyage restaurant trip hotel uploadedbyflickrmobile pour upload 2011
1194.0,acier steel fujifilmxt2 place 20140529 sculpture sunrise fete lumieres artcontemporain
747.0,parc flowers fleurs flower fleur tete dor parcdelatetedor park perancis
1248.0,instagramapp uploadedbyinstagram iphoneography genie squareformat square fetedeslumieres2009 saxotaz 2009 fetedeslumieres
637.0,biennale biennaledelyon sucriere artcontemporain 2013 city instagramapp uploadedbyinstagram iphoneography squareformat
1290.0,pasted paper pasteup wheatpaste wheatpaper collage croixrousse streetart line wall
926.0,roman museum fourviere 27 theatre f3563 oss jossaris ilce7m3 jossarisfoto
498.0,lieux people nuit confluence onlylyon rhone museedesconfluences friends confluences museum
792.0,parcdelatetedor cosplay dor parc tete printemps spring places rose fleur
1492.0,gare voyage 2017 12 fete urbain lumieres metal 16 urban
1340.0,retraites manifestation bellecour place ville city citta placebellecour hiver fall
873.0,lyonnaise onlylyon 1er 2009 लय 01 里昂 法国 リヨン フランス
198.0,architecture rhonealpes rhone design amaro instagramapp uploadedbyinstagram iphoneography squareformat square
855.0,place fr auvergnerhonealpes lumiere lumieres regards croises statue fete instagramapp
858.0,museum 2eme patrimoine journee musee 2014 franca europa frankrijk woman
1429.0,8dec 8december 8thdecember dec8 december8 fetedeslumieres2009 december8th 1er grandlyon festivaloflights
586.0,transbordeur instagramapp uploadedbyinstagram iphoneography squareformat square villeurbanne concert live rise
165.0,metro contemporain art vaulxenvelin bw bleu biennale nb villeurbanne tag
168.0,visiteurs 1er 2009 लय 01 里昂 法国 リヨン フランス 2052
388.0,2019 morning instagramapp uploadedbyinstagram iphoneography squareformat square 01 里昂 法国
1143.0,里昂 法国 リヨン フランス 프랑스 리옹 ลยง ประเทศฝรงเศส लय لیون
1603.0,vieuxlyon miniature vieux oldlyon cinema unescoclassifiedplace worldheritagesite unescoworldheritagesite metropolisoflyon bourgogne
1630.0,colline saintjean cathedral cathedrale panorama church places soleil basilique 69
75.0,retro moto automobile car लय 01 里昂 法国 リヨン フランス
1141.0,creativecommons commons creative cc cathedral lyons french church blackandwhite city
408.0,architecture frankrike francie frankrig lyons francja franca frankrijk rhone frankreich
61.0,depuis restaurant instagramapp uploadedbyinstagram iphoneography squareformat paysage square dor vue
60.0,dor flickriosappfilternofilter uploadedbyflickrmobile saint et rhone vieux eglise st paysage
571.0,capturedalive concertlive arnallephotography livepic metalshow arnaudbouvard arnal transbordeur arnalphotography groupe
673.0,paul 03 building sky architecture partdieu immeuble film tree ciel
175.0,里昂 法国 リヨン フランス 프랑스 리옹 ลยง ประเทศฝรงเศส लय لیون
334.0,uploadedbyflickrmobile 2014 flickriosappfilternofilter 2013 novembre decembre 27 instagramapp uploadedbyinstagram iphoneography
1054.0,basilique fourviere dame notre notredame eglise rhonealpes 里昂 法国 リヨン
1427.0,saone cathedrale quais basilique fete fourviere lumieres 2012 quai nikoncoolpixp7100
1047.0,perancis phap فرانسه pransiya frankryk ประเทศฝรงเศส γαλλια franta fransa लय
1538.0,sculpture statue river justice palais europa francia franca frankrijk passerelle
1347.0,pasted paper croixrousse stencil streetart pasteup wheatpaste wheatpaper collage pochoir
752.0,rose dor parc tete flower fleur parcdelatetedor fujifilmxt10 flowers iphone
1490.0,citta feste festedelleluci francia hoteldeville 05 2009 12 place fete
1489.0,terreaux fontaine 2009 hiver fete lumieres place nikon 2013 fountain
814.0,chat blanc orange white blue bleu noir black japan painting
1459.0,musee museedesbeauxartsdelyon museedesbeauxarts beauxarts 2018 museum rhone nb blackandwhite bw
560.0,confluence nikon building perrache quais orange immeuble nuit sucriere rhone
875.0,zombie walk 2015 nikoncoolpixp7100 zombiewalk marche fujifilmxt2 cube light star
295.0,moto woman femme places en jean issmys internationalsummerschoolofmathematicsforyoungstudents 2013 manifestation
1209.0,creativecommons commons creative cc lyons french clouds sky lyonnais blackandwhite
1207.0,music placebellecour places band girl man place bellecour friends instagramapp
1188.0,instagramapp uploadedbyinstagram iphoneography squareformat square genie rise upload xproii morning
1482.0,fete lumieres 2013 fetedeslumieres rhonealpes rhone terreaux place 2012 50d
1503.0,vieuxlyon traboule nikon rue blackandwhite noiretblanc sticker d700 лион lugdunum
367.0,exposition rencontre et avec ou notre pour en flickrandroidappfilternone journee
369.0,instagramapp uploadedbyinstagram iphoneography squareformat square amaro je hudson rise pour
1623.0,saintjean cathedrale saint french 5eme architecture jean fontaine eglise lyons
1122.0,instagramapp uploadedbyinstagram iphoneography upload squareformat square roman 2013 villages fete
1157.0,biennale danse rose 2010 place 2eme fetedeslumieres festivaloflights 2014 en
262.0,villeurbanne spectacle rhonealpes rhone fontaine 06 conference fresque 01 filoer
676.0,saone sticker quai quais love presquile reflection mur wall 69
1424.0,hoteldeville d800 nikkor day nikon street lumieres 2016 fete rhonealpes
179.0,里昂 法国 リヨン フランス 프랑스 리옹 ลยง ประเทศฝรงเศส लय لیون
548.0,confluence lyoncity villedelyon architecture canon quartier hotel centre francia bleu
54.0,citroen geotagged bleu 69 rhonealpes 06 03 01 05 11
80.0,japantouch cosplay eurexpo places touch japan 2017 里昂 法国 リヨン
545.0,guillotiere pasted paper 8dec 8december 8thdecember dec8 december8 fetedeslumieres2009 december8th
336.0,paris cinema lumiere francia लय 01 里昂 法国 リヨン フランス
92.0,里昂 法国 リヨン フランス 프랑스 리옹 ลยง ประเทศฝรงเศส लय لیون
758.0,parcdelatetedor fujifilmxt2 parc dor tete water flower fujifilmxt10 fleur eau
1528.0,2018 fetedeslumieres illuminations fujifilmxt2 lumieres festivaloflights fete night nuit saone
85.0,2012 musee d5300 automobile voiture car sigma museum nikon hdr
1314.0,paper pasted streetart croixrousse wheatpaste wheatpaper collage pasteup instagramapp uploadedbyinstagram
1610.0,miniature musee cinema museum film paris movie franca frankrijk roman
1539.0,sculpture onlylyon terreaux place fontaine museedesbeauxartsdelyon placedesterreaux fountain unescoworldheritagesite centre
655.0,confluences musee alpes confluence 2015 rhone statue exposition en museedesconfluences
534.0,gare upload instagramapp uploadedbyinstagram iphoneography metro squareformat exterieur square snow
1276.0,paper pasted streetart wheatpaste wheatpaper pasteup collage croixrousse wall installation
1258.0,theatre graffiti printemps sport night instagramapp uploadedbyinstagram iphoneography squareformat architecture
992.0,fourviere night europa fetedeslumieres hdr nikon nuit incity oldlyon city
319.0,gerland 2016 rhonealpes par sports pierre championnat combat en 2eme
817.0,artist citeinternationale artcontemporain contemporaryart instagramapp uploadedbyinstagram iphoneography squareformat square art
291.0,villeurbanne grandlyon europa snow neige rhone frankreich rhonealpes 69 statue
224.0,rhonealpes 1er 2009 लय 01 里昂 法国 リヨン フランス 2052
1128.0,hotel pasted paper croixrousse streetart urbanart lugdunum stencil photographie photos
1320.0,pasted paper croixrousse streetart pasteup wheatpaste wheatpaper collage stencil wall
1396.0,placebellecour grande bellecour buildings flickriosappfilternofilter uploadedbyflickrmobile streetphotography photography lights fetedeslumieres
1377.0,rhonealpes saone fleuve fourviere basilique fetedeslumieres notredame nuit places river
67.0,bron 里昂 star touch instagramapp uploadedbyinstagram iphoneography squareformat square train
405.0,touch japan 2011 लय 01 里昂 法国 リヨン フランス 2052
674.0,guillotiere 8dec 8december 8thdecember dec8 december8 fetedeslumieres2009 december8th grandlyon festivaloflights
564.0,hotel metropolisoflyon bourgogne burgundy auvergnerhonealpes rhonealpes bus rue flowers immeuble
1346.0,quai river saone rousse croix st jean feu rhone line
489.0,francia auvergnerhonealpes लय 01 里昂 法国 リヨン フランス 2052 لیون
464.0,installation van guillotiere 18 mur wall streetart nikon 01 里昂
1252.0,69 rhone 27 25 22 30 16 paris 11 18
1223.0,pasted paper croixrousse streetart collage wheatpaper wheatpaste pasteup graff creativecommons
1030.0,pont hoteldieu urbanlandscape rhone cityscape sunrise landscape bridge urban metropolisoflyon
424.0,citeinternationale pentaxk3ii landscape pentax hiver paysage urban ville city clouds
1231.0,instagramapp uploadedbyinstagram iphoneography squareformat square notredame eglise cafe sculpture rhone
272.0,fresque mural mur wall bus et car bokeh 05 love
943.0,cathedral basilica notredamedefourviere fourviere dame notre jardin basilique 法国 リヨン
508.0,garden hiver partdieu immeuble ciel buildings regards building blackandwhite rue
936.0,theatre decembre 8decembre 69 lumiere fetedeslumieres fete lumieres fourviere 2017
944.0,river rhone pont perrache fourviere 2013 depuis frankreich fleuve colline
1288.0,vieux fetedeslumieres vieuxlyon eos nikon d800 d700 partdieu lugdunum canon
1452.0,opera d800 frankreich leica 35mm 2015 nikon rhonealpes theatre jean
638.0,museedesconfluences confluences musee museum lumix ciel dans nuages clouds 2015
230.0,sncf train 1er 2009 लय 01 里昂 法国 リヨン フランス
112.0,interieur geotagged jardin statue portrait pour macro vue sur et
970.0,2016 fr auvergnerhonealpes fleuve bw noiretblanc eau rhone water fleurs
1303.0,river passerelle saone eglise bridge water urbain urban georges oiseau
384.0,musees statue passages partdieu mdc evenement museedesconfluences urbanlandscape exposition centre
1495.0,macro eau water vieuxlyon nature blackandwhite bw noiretblanc vieux bleu
252.0,uploadedbyflickrmobile flickriosappfilternofilter 2009 लय 01 里昂 法国 リヨン フランス 2052
681.0,pentaxk3ii urbanlandscape pentax hiver partdieu tower urban landscape tour nuages
1104.0,par eglise 24 fete lumieres unescoclassifiedplace alpes worldheritagesite unescoworldheritagesite metropolisoflyon
1092.0,zombie walk lumieres celebration 2010 fetedeslumieres fete places croixrousse light
345.0,prison fujifilmxt2 day nb monochrome blackandwhite bw noiretblanc ete eos
1560.0,frankrijk franca frankreich woman rhonealpes francia femme vieuxlyon europa place
100.0,flickriosappfilternofilter uploadedbyflickrmobile bron xproii fr auvergnerhonealpes instagramapp uploadedbyinstagram iphoneography squareformat
1146.0,sonores nuits garden 2009 rock fr 24240mm f3563 ilce7m3 jossaris
270.0,et 3eme december8 dec8 8thdecember 8december 8dec fetedeslumieres2009 december8th grandlyon
755.0,parc tete dor parcdelatetedor lac tetedor onlylyon girl places fdl
124.0,fujifilmxt2 wall mur nikon old rhone architecture nb bw ruins
523.0,dream rhone blackandwhite quai fr metropolisoflyon bourgogne burgundy cars rhonealpes
1394.0,opera dance danse movie places unescoclassifiedplace worldheritagesite unescoworldheritagesite metropolisoflyon bourgogne
183.0,里昂 法国 リヨン フランス 프랑스 리옹 ลยง ประเทศฝรงเศส लय لیون
1552.0,frankrijk frankreich saone francia fourviere rhonealpes passerelle nuit clouds cityscape
304.0,retraites manifestation bellecour 50d sigma eos 2018 canon snow jean
1239.0,rhonealps croixrousse fra winter red 2010 pasted paper streetart sticker
1221.0,nb portrait confluence tour monochrome prison partdieu fontaine couleur hotel
1237.0,5eme creativecommons commons creative cc alpes fourviere french lyons mai
1245.0,mode croixrousse followme instagood saxotaz pasted paper instagramapp uploadedbyinstagram iphoneography
1242.0,pasted paper croixrousse streetart wheatpaper pasteup wheatpaste collage wall words
458.0,norbertcellier norbert cellier eau confluence ou vert clouds color landscape
1255.0,pasted paper croixrousse streetart pasteup wheatpaste wheatpaper collage wall installation
490.0,里昂 法国 リヨン フランス 프랑스 리옹 ลยง ประเทศฝรงเศส लय لیون
1351.0,citta feste festedelleluci francia 05 2009 grande 12 bellecour fete
962.0,fourviere instagramapp uploadedbyinstagram iphoneography squareformat square lyoncity igerslyon onlylyon morning
465.0,flickriosappfilternofilter uploadedbyflickrmobile bjd facade rue ville et 里昂 法国 リヨン
312.0,alpes fleur macro flowers flower fleurs spring printemps vert rouge
1650.0,cathedrale st eos jean lumieres fete canon 2009 nikon jossaris
645.0,hacking gare partdieu interurbain bus metro bar tete parc upload
1417.0,terreaux place placedesterreaux museedesbeauxarts musee fontaine festival beauxarts lights fountain
1570.0,oldlyon vieuxlyon unescoclassifiedplace worldheritagesite rue unescoworldheritagesite metropolisoflyon bourgogne burgundy unesco
69.0,fleur vert flower eau red rouge 01 里昂 法国 リヨン
798.0,20140529 river saone perrache water jossarisfoto oss 24240mm f3563 jossaris
538.0,metro manifestation marche line urbain urban retraite monochrome people retraites
816.0,shooting femme couleur color portrait canon fr auvergnerhonealpes city フランス
1469.0,instagramapp uploadedbyinstagram iphoneography squareformat square museedesbeauxarts upload flickriosappfilternofilter uploadedbyflickrmobile art
602.0,confluence musee man pas 2013 instagramapp uploadedbyinstagram iphoneography squareformat square
1455.0,2013 lumiere light lumieres 2009 लय 01 里昂 法国 リヨン
215.0,2010 12 11 24 01 25 22 paris jean rue
807.0,fete lumieres dor tete parc fetedeslumieres tetedor park 2018 soleil
1000.0,basilique fourviere rhonealpes rhone notredame lumix panasonic sculpture visite vieuxlyon
1240.0,pasted paper croixrousse collage streetart wheatpaper wheatpaste pasteup street installation
1284.0,lumieres manifestation fleurs canon placebellecour retraite 69 fetedeslumieres lumiere hiver
914.0,ain 69005 photographe juillet 14 fourviere fete rhone artifice 14juillet
624.0,dark sucriere expo star exposition peinture dans art 法国 リヨン
1332.0,live musique concert fr auvergnerhonealpes 01 里昂 法国 リヨン フランス
899.0,fourviere tower tour worldheritagesite unescoworldheritagesite metropolisoflyon vieuxlyon bourgogne burgundy unesco
1296.0,pasted croixrousse paper streetart collage wheatpaste wheatpaper pasteup graff wall
257.0,line sign urbain reflection urban tree monochrome metal macro sous
1327.0,animaux fetedeslumieres rhonealpes rhone museum pasted paper musee gallery museedesbeauxarts
1516.0,musee arts fujifilmxt2 museum vieuxlyon citeinternationale patrimoine d700 dark lugdunum
1599.0,里昂 法国 リヨン フランス 프랑스 리옹 ลยง ประเทศฝรงเศส लय لیون
341.0,pont saone lumieres 1er 2009 लय 01 里昂 法国 リヨン
668.0,confluences confluence musee interieur auvergnerhonealpes architecture rhone 100 リヨン フランス
549.0,rhone river sky francia auvergnerhonealpes immeuble trees fleuve museum nature
1397.0,river saone vieuxlyon pont fleuve winter quai nikon architecture fujifilmxt2
1192.0,instagramapp uploadedbyinstagram iphoneography squareformat square upload rise friends hudson morning
1029.0,里昂 notredamedefourviere basilica fourviere architecture sun church basilique double worldheritagesite
1003.0,fourviere d5300 35mm basilique saone nikon nuit rhone notredame rhonealpes
1342.0,lumieres 2013 fete fetedeslumieres 2011 celebration 2014 light 2012 sticker
1256.0,pasted paper croixrousse streetart pasteup wheatpaste wheatpaper collage stencil installation
74.0,demeure chaos instagramapp uploadedbyinstagram iphoneography squareformat square hudson 法国 リヨン
827.0,instagramapp uploadedbyinstagram iphoneography squareformat square rise shooting woman palais femme
589.0,transbordeur instagramapp uploadedbyinstagram iphoneography squareformat square avec sur 01 里昂
1386.0,flickriosappfilternofilter uploadedbyflickrmobile bellecour french place feu placebellecour grande trip eos
1423.0,ประเทศฝรงเศส phap frankryk pransiya perancis فرانسه γαλλια fransa franta लय
1522.0,instagramapp uploadedbyinstagram iphoneography squareformat square museum musee photographie vieux body
1167.0,avril 14 2013 lumieres 2012 fete fetedeslumieres blackandwhite noiretblanc place
166.0,streetart 1er 2009 लय 01 里昂 法国 リヨン フランス 2052
1086.0,bmx 2009 लय 01 里昂 法国 リヨン フランス 2052 لیون
678.0,passages sonores mdc nuits beaux arts photographe museedesconfluences photographie photos
1071.0,pasted paper croixrousse streetart wheatpaste wheatpaper pasteup collage wall sticker
203.0,lou rugby lourugby top14 vs lyonnaise defense ligne sport fall
41.0,francia paul instagramapp uploadedbyinstagram iphoneography squareformat square cattedrale animaux il
826.0,conference 2018 लय 01 里昂 法国 リヨン フランス 2052 لیون
1065.0,citta feste festedelleluci mai francia 06 2010 2009 12 frankrike
1568.0,feu 2010 artifice dartifice 14juillet vieuxlyon unesco traboule rhone saintjean
153.0,demeureduchaos 360 abodeofchaos panorama artprice servergroup artistshouses groupeserveur maisondartiste lespritdelasalamandre
839.0,biennaledelyon biennale artcontemporain 22 30 16 11 18 14 24
311.0,neige ville sous exterieur eau villeurbanne immeuble geotagged blanc interieur
1407.0,metal punk band groupe georges rock music concert cafe musique
1410.0,romain facade quai rhonealpes rhone saintjean tour basilique ground fourviere
1177.0,places lugdunum bellecour place flickriosappfilternofilter uploadedbyflickrmobile pride gay grande marche
1015.0,oldlyon jossaris oss jossarisfoto ilce7m3 f3563 24240mm fe sec lr
1542.0,terreaux hotel hoteldeville 2014 canon ville fete lumieres fetedeslumieres frankrike
502.0,里昂 法国 リヨン フランス 프랑스 리옹 ลยง ประเทศฝรงเศส लय لیون
610.0,croixrousse graffiti pasted paper rhone town urbain wall rhonealpes streetart
764.0,zoo parcdelatetedor tetedor printemps spring 2010 animal parc dor tete
909.0,jossarisfoto jossaris ilce7m3 f3563 oss 24240mm fe lr sec bij
512.0,lune juillet 14 incity fr 2014 auvergnerhonealpes notredame tour soleil
371.0,spectacle villeurbanne rhonealpes rhone insa transbordeur 27 25 22 06
690.0,bus metro partdieu gare dieu lyonnais bw en frankreich 12
1620.0,oss jossaris jossarisfoto ilce7m3 f3563 24240mm fe sec lr bij
268.0,instagramapp uploadedbyinstagram iphoneography squareformat square rise upload portrait valencia amaro
1120.0,place fontaine rose fete lumieres oss ilce7m3 24240mm f3563 jossarisfoto
192.0,里昂 法国 リヨン フランス 프랑스 리옹 ลยง ประเทศฝรงเศส लय لیون
1197.0,2012 danse architecture building bw rue dance d800 cinema theatre
1283.0,pasted paper croixrousse streetart installation wall pasteup wheatpaste wheatpaper collage
450.0,vue exposition 2015 exhibition novembre leica par film installation 10
1556.0,vieuxlyon лион франция winter vieux architecture auvergnerhonealpes place oldlyon unescoclassifiedplace
1271.0,pasted paper croixrousse wheatpaste wheatpaper pasteup collage streetart installation sticker
1436.0,evento festa delle 05 12 2014 francia love nuit フランス
1041.0,3eme 2eme rhone rhonealpes fleuve instagramapp uploadedbyinstagram iphoneography squareformat square
177.0,里昂 法国 リヨン フランス 프랑스 리옹 ลยง ประเทศฝรงเศส लय لیون
863.0,perrache interieur gare geotagged train ville longexposure city urbain nuit
730.0,parc dor tete morning park parcdelatetedor nature snow french light
285.0,portrait cars photography canon photographie iphone summer love eos ciel
1247.0,sticker instagramapp uploadedbyinstagram iphoneography squareformat square friends ilove saxotaz fall
1297.0,pasted paper pasteup wheatpaste wheatpaper collage streetart croixrousse stencil instagramapp
1479.0,phap pransiya فرانسه perancis frankryk ประเทศฝรงเศส franta fransa γαλλια लय
1093.0,zombie walk croixrousse rousse croix places square upload instagramapp uploadedbyinstagram
10.0,shooting instagramapp uploadedbyinstagram iphoneography squareformat soleil naissance square rencontre lac
123.0,interieur lugdunum d700 auvergnerhonealpes nikon rhonealpes cafe sous et mon
1308.0,lumieres fetedeslumieres fete लय 01 里昂 法国 リヨン フランス 2052
901.0,paper pasted croixrousse streetart wheatpaste wheatpaper pasteup collage wall installation
1315.0,grande festival pasted paper live concert rousse croix wheatpaste wheatpaper
932.0,musee ruins лион франция winter lugdunum museum architecture 2016 canon
1210.0,pasted paper croixrousse streetart pasteup wheatpaste wheatpaper collage urbanart d700
1646.0,saintjean cathedrale jean saint jour fete lumieres 2018 2017 lumiere
1062.0,basilica fourviere notredame church europa nikon travel architecture unesco onlylyon
56.0,soleil 16 11 18 14 10 12 et フランス 2052
1056.0,basilique fourviere d800 nikkor eglise church nikon rhonealpes basilica notredamedefourviere
1136.0,villages 2013 fete lumieres architecture ilce7m3 24240mm jossarisfoto f3563 oss
1165.0,instagramapp uploadedbyinstagram iphoneography squareformat square place upload night igerslyon valencia
1072.0,novembre rousse croix 2011 zombie croixrousse walk streetart rue tag
799.0,borgonha franca saone quais reflection water street लय 01 里昂
640.0,musee museedesconfluences confluences museum fujifilmxt10 fujifilmxt2 exposition nb architecture blackandwhite
626.0,confluence centre architecture rhone auvergnerhonealpes batiment filoer villages villes tourisme
965.0,rhone frankreich river quais fourviere rhonealpes streetphotography town white black
1488.0,placedesterreaux hoteldeville fetedeslumieres fete lumieres rhonealpes rhone zombies walk dance
460.0,2018 halletonygarnier convention cosplay lyoncity 22 villedelyon confluence garnier tony
457.0,beaux pierre 2009 लय 01 里昂 法国 リヨン フランス 2052
985.0,fourviere instagramapp uploadedbyinstagram iphoneography squareformat square igerslyon lyoncity morning onlylyon
477.0,sncf bb guillotiere flickrandroidappfilternone train sous soleil ciel french sur
1011.0,basilique fourviere auvergnerhonealpes notredame church eglise jossaris ilce7m3 f3563 oss
604.0,unesco sncf dieu centre lumiere लय 01 里昂 法国 リヨン
654.0,museedesconfluences confluences musee saone 2018 francia instagramapp uploadedbyinstagram iphoneography squareformat
96.0,uploadedbyflickrmobile 1er 2009 लय 01 里昂 法国 リヨン フランス 2052
1494.0,5eme gare paul saint fetedeslumieres saone rhonealpes rhone vieuxlyon 2017
1111.0,illuminations citta 2009 fete feste francia festedelleluci rue festival city
698.0,jardin garden dor tete parc culture 01 里昂 法国 リヨン
924.0,5eme lugdunum musee 2009 लय 01 里昂 法国 リヨン フランス
524.0,dame pentax 911 lheure regard grand sous cest clouds 法国
126.0,french 2009 लय 01 里昂 法国 リヨン フランス 2052 لیون
614.0,confluence nb light filoer villages confluences villes tourisme reflet soleil
1477.0,eglise paul church cathedral creativecommons commons creative oldlyon cc saint
28.0,chaponost instagramapp uploadedbyinstagram iphoneography squareformat square parc leau pas dans
29.0,filoer villages villes tourisme 18 parc 2011 rhone d700 lyonnaise
1152.0,20140529 eglise church palais light facade lumieres francja festival architecture
340.0,paris place fete instagramapp uploadedbyinstagram iphoneography squareformat square theatre femme
1125.0,defile instagramapp uploadedbyinstagram iphoneography squareformat square igerslyon onlylyon biennale danse
7.0,miribel animaux parc oiseau rhonealpes grand jonage eau 2018 pont
108.0,haru cosplay cosplayer touch japan 2016 death japantouch eurexpo salon
1635.0,fetedeslumieres saintjean cathedrale decembre 2017 8decembre 2009 69 lumiere fete
81.0,cars alpes geotagged 69 rhone 06 03 01 05 instagramapp
1294.0,architecture лион франция winter mural fresque mur sky rue francja
487.0,confluence film 35mm blackandwhite nature quai vs saone architecture quais
443.0,chat interieur nuit noir reflet heure sur mon paysage streetphotography
217.0,jean rhone artwork contemporaryart artcontemporain igerslyon art instagramapp uploadedbyinstagram iphoneography
220.0,showrock showmetal heavymetal hardrock rockshow capturedalive concertlive k20d livepic metalshow
218.0,villeurbanne cimetiere francja tombe bokeh worldwar snow neige flickriosappfilternofilter winter
303.0,mode marche sonores rise instagramapp uploadedbyinstagram iphoneography squareformat nuits square
1553.0,8decembre justice palais 2014 fetedeslumieres fr 2018 panorama rhonealpes visite
973.0,fourviere lieux basilique 50d colline urbanlandscape cityscape basilica francja rhone
990.0,hiver fleuve river guillotiere rhone night quais fujifilmxt2 pont winter
790.0,parcdelatetedor lac fujifilmxt2 parc sunrise dor fete tete lumieres 2014
1364.0,nikon dark centre hiver morning valencia basilique saone fourviere light
1554.0,justice passerelle palais fujifilmxt10 night nuit nikoncoolpixp7100 bridge statue light
656.0,2012 2009 लय 01 里昂 法国 リヨン フランス 2052 لیون
1551.0,saone dartifice feudartifice juillet feu 2013 pont nikon saintjean 2009
1034.0,notredame fourviere francia rhonealpes hdr basilica time old sky artwork
1053.0,fetedeslumieres fourviere eglise dame notre basilique d800 nikkor neige festivaloflights
1044.0,notredame basilica fourviere लय 01 里昂 法国 リヨン フランス 2052
1048.0,neige partdieu guillotiere train night 2012 sucriere cars voiture perrache
432.0,sculpture 1er 2009 लय 01 里昂 法国 リヨン フランス 2052
431.0,eglise church लय 01 里昂 法国 リヨン フランス 2052 لیون
1218.0,instagramapp uploadedbyinstagram iphoneography squareformat square dance valencia saxotaz night fall
1401.0,museedesbeauxartsdelyon museumoffineartsoflyon beauxarts placedesterreaux unescoclassifiedplace musee worldheritagesite unescoworldheritagesite metropolisoflyon bourgogne
167.0,place vie pour en 2009 लय 01 里昂 法国 リヨン
1064.0,guillotiere place metropolisoflyon bourgogne burgundy rhonealpes trees tree rhone exposition
412.0,cimetiere 20151108 loyasse tombe architecture 01 里昂 法国 リヨン フランス
1183.0,instagramapp uploadedbyinstagram iphoneography squareformat square friends ilove saxotaz fall picoftheday
327.0,etudiant residence pour park paysage avec parc travel en francia
1145.0,festa lumix panasonic francia festedelleluci evento luci delle palais franca
1163.0,rue 35mm rose nikon street fr fete lumieres shooting flower
646.0,partdieu architecture exterieur dieu batiment tour mur wall visite ville
707.0,incity partdieu tower urban architecture rhone voyage tourisme tour town
63.0,auto salon lieux car voiture hdr citroen hotel sport night
1588.0,vieuxlyon flickriosappfilternofilter uploadedbyflickrmobile лион فرانسه perancis phap ประเทศฝรงเศส pransiya frankryk
1130.0,square instagramapp iphoneography squareformat uploadedbyinstagram fete fetedeslumieres 8decembre igerslyon onlylyon
1168.0,fetedeslumieres rhonealpes saone fleuve bridge rhone creativecommons commons water vieuxlyon
1480.0,instagramapp uploadedbyinstagram iphoneography squareformat fete square lumieres winter upload flickriosappfilternofilter
719.0,citta feste festedelleluci francia 05 12 2009 place fete lumieres
386.0,lumiere museum musee fetedeslumieres van 25 22 06 03 01
382.0,macro nature blackandwhite noiretblanc animaux chat jeu fleur rose nb
1572.0,vieuxlyon quartier paul saint 20140529 museum musee rue vieux rhone
856.0,2019 saone perrache facade bellecour dainay place rhone vie passerelle
1425.0,spring printemps travel ville rhone pride gay marche 2012 places
1017.0,tour portrait fr jaune rhonealpes instagramapp uploadedbyinstagram iphoneography squareformat square
1008.0,dartifice feudartifice 14juillet fireworks juillet feu 14 2011 fourviere nikon
561.0,confluence pentaxk3ii pentax nb building bw noiretblanc urban architecture ville
162.0,bron tour parc 2009 लय 01 里昂 法国 リヨン フランス
1032.0,fourviere notredame basilica dame notre symbol basilique eglise church cathedral
1432.0,2015 saone upload frankreich instagramapp uploadedbyinstagram iphoneography squareformat square xproii
176.0,里昂 法国 リヨン フランス 프랑스 리옹 ลยง ประเทศฝรงเศส लय لیون
1370.0,river rhone sticker metal flickriosappfilternofilter uploadedbyflickrmobile jaune urbain urban movie
237.0,villeurbanne peinture dans 2009 लय 01 里昂 法国 リヨン フランス
1250.0,pasted paper croixrousse streetart wall pasteup wheatpaste wheatpaper collage installation
1355.0,restaurant 1er 2009 लय 01 里昂 法国 リヨン フランス 2052
251.0,12 man city lyonfrance metro line hotel travel nuit ville
421.0,2012 cross sport double course 2011 photographe fra 24 10
547.0,musee landscape confluences museedesconfluences urbanlandscape rhone pont cityscape lumiere urban
959.0,river flickriosappfilternofilter uploadedbyflickrmobile rhone paris 10 2018 fra dieu rhonealpes
1627.0,cathedrale 69 rhone 27 25 22 16 11 18 14
279.0,piscine chat interieur exterieur leau bleu en dans voiture par
1598.0,cathedrale jean saint church rhonealpes geotagged eglise rhone 69 light
1616.0,festa cattedrale chiesa evento delle 05 12 2014 francia luci
19.0,lyonnais 2016 2009 लय 01 里昂 法国 リヨン フランス 2052
1235.0,pasted paper pasteup wheatpaste wheatpaper collage croixrousse streetart लय 01
343.0,instagramapp uploadedbyinstagram iphoneography squareformat square je rise xproii pour il
643.0,cosplayteen cosplayjapactu cosplaylyon cosplay fr jossarisfoto jossaris oss ilce7m3 f3563
1500.0,dans rue old 2009 लय 01 里昂 法国 リヨン フランス
611.0,museedesconfluences confluences musee leica exposition portrait paul rhone sur architecture
133.0,paul restaurant uploadedbyflickrmobile rhonealpes flickriosappfilternofilter instagramapp uploadedbyinstagram iphoneography squareformat pont
1050.0,69005 5eme 8december dec8 december8 8thdecember 8dec fetedeslumieres2009 december8th grandlyon
409.0,ruins romain st roman revolution bridge bleu pont place groupe
413.0,cimetiere loyasse 20151108 blackandwhite noiretblanc tombe architecture et 法国 リヨン
733.0,parc dor tete parcdelatetedor lac rhonealpes il woman girl sunset
1225.0,pasted paper croixrousse streetart wheatpaste wheatpaper collage pasteup wall mur
994.0,fourviere city basilica auvergnerhonealpes fr cathedral panorama francja statue 360
993.0,fourviere auvergnerhonealpes fujifilmxt2 fr rhonealpes sunrise cityscape panorama vieuxlyon ciel
851.0,fr auvergnerhonealpes perrache sncf night d700 01 里昂 法国 リヨン
247.0,garnier tony musee urbain francia artist contemporaryart artcontemporain art instagramapp
492.0,marchegare live concert gare marche music 2017 nikon instagramapp uploadedbyinstagram
486.0,pentax museedesconfluences automobile urbanlandscape pentaxk3ii urban architecture ville city musee
231.0,mural fresque mur frankreich francja rue graffiti painted streetart snow
876.0,square instagramapp franca uploadedbyinstagram iphoneography squareformat perrache 2011 geotagged hudson
150.0,tassinlademilune 2018 croises urbain 01 12 lyonnais jean ninkasi exhibition
146.0,demeure demeureduchaos chaos romain dor st 2019 mur monochrome blackandwhite
152.0,portrait artsingulier postapocalyptique sculpturemoderne palaisideal landart modernsculpture rawart outsiderart organmuseum
802.0,parcdelatetedor dor parc tete zoo animal animaux oeil nikoncoolpixp7100 sign
1219.0,pasted paper croixrousse streetart wheatpaste wheatpaper pasteup collage sticker exposition
1439.0,opera eos panorama landscape travel dance canon francia creativecommons commons
1033.0,d800 leica 35mm notredame 2015 basilique church fourviere frankreich nikon
1402.0,fetedeslumieres lumieres fete place lights decembre 8decembre lumiere instagramapp uploadedbyinstagram
289.0,gerland interieur concert facade dress nuit fujifilmxt2 love paysage white
378.0,institutlumiere lumiere 里昂 architecture rhonealpes rhone लय 01 法国 リヨン
13.0,miribel vaulxenvelin tombe f28 leau auvergnerhonealpes photographe instagramapp uploadedbyinstagram iphoneography
1144.0,instagramapp iphoneography squareformat uploadedbyinstagram square saxotaz upload instagood followme genie
109.0,dor saint skull crane perrache sunset lights लय 01 里昂
753.0,parcdelatetedor parc tete dor tetedor lyoncity grandlyon supermimil paysage landscape
1084.0,vieux couleur luci 06 03 01 unescoclassifiedplace cafe peinture jaune
651.0,musee confluences museedesconfluences architecture confluence frankrike patrimoine francie rhone museum
1097.0,hoteldieu fujifilmxt2 fetedeslumieres dieu illuminations 2017 2018 nb monochrome blackandwhite
930.0,5eme basilique musee fourviere streetart art street dame notre 20140529
1309.0,rassemblement bellecour marche fete lumieres 2014 blackandwhite noiretblanc fourviere place
913.0,pasted paper croixrousse streetart wheatpaste wheatpaper wall collage pasteup installation
1313.0,december8 dec8 8thdecember 8december 8dec fetedeslumieres2009 december8th 2eme bokeh grandlyon
581.0,villeurbanne fr 2009 लय 01 里昂 法国 リヨン フランス 2052
1430.0,festa delle evento luci francia 05 12 2014 presquile paysage
1618.0,festival lights fetedeslumieres saintjean nuit canon fourviere facade night basilique
767.0,onlylyon mdc parc dor tete people tetedor parcdelatetedor park nikkor
370.0,villeurbanne jardin oiseau vert garden square ciel en hiver green
708.0,gare partdieu sncf valencia instagramapp uploadedbyinstagram iphoneography squareformat square flickrandroidappfilternone
1579.0,cathedral 2013 里昂 lyonfrance st jean place rose lyons hdr
691.0,ground sunset flickrandroidappfilternone instagramapp uploadedbyinstagram iphoneography squareformat square dieu batiment
1114.0,jean rue saint basilique immeuble facade fourviere rhone metro cathedrale
1578.0,metro jean saint cathedrale 2018 flickrandroidappfilternone vieuxlyon saintjean lumiere fete
665.0,confluences musee museum confluence museedesconfluences tourisme architecture rhone gallery 2016
1637.0,st jean cathedrale fete 12 lumieres auvergnerhonealpes fra frankreich saintjean
931.0,theatre colline old fourviere romain nuits 2014 grand basilique en
516.0,places fourviere fleur flower immeuble salon rhonealpes novembre jour paris
506.0,evento festa delle 05 12 2014 francia square partdieu film
1264.0,eglise presquile francia frankreich lumieres frankrijk facade fetedeslumieres saint fete
201.0,stadetoulousain championnat top14 sports lou rugby stade rhonealpes nb portrait
880.0,3eme december8 dec8 8thdecember 8december 8dec fetedeslumieres2009 december8th grandlyon festivaloflights
200.0,fresque demi dieu jean saint mural mur artwork artist contemporaryart
288.0,villeurbanne neige parc ville square fr rhonealpes statue sous love
232.0,2012 sur partdieu dark printemps alpes nuages rhonealpes clouds 2018
214.0,macro parc canon fleur vert flower sang green villeurbanne rouge
127.0,sport soleil street jour metro sncf gare exterieur color 35mm
134.0,pont paul et restaurant 16 cafe rhone en 1er saintjean
775.0,लय ลยง لیون 리옹 ليون perancis فرانسه pransiya frankryk phap
347.0,croixrousse instagramapp uploadedbyinstagram iphoneography squareformat square pasted paper soleil lumiere
1644.0,fete 2009 lumieres uploadedbyinstagram squareformat square instagramapp iphoneography fetedeslumieres light
857.0,basilique dainay perrache bellecour saone rhone flickrandroidappfilternone 2eme centre ville
846.0,perrache train gare sncf en bb jeu rhone 01 里昂
453.0,exposition art zoo fujifilmxt2 streetart street skull crane nb monochrome
1411.0,mai 2010 museumoffineartsoflyon terreaux placedesterreaux museedesbeauxartsdelyon beauxarts unescoclassifiedplace worldheritagesite unescoworldheritagesite
599.0,confluence gerland fr auvergnerhonealpes perrache world longexposure rhonealpes cityscape night
995.0,instagramapp uploadedbyinstagram iphoneography squareformat square basilica dame notre basilique fra
1393.0,fetedeslumieres placebellecour bellecour fete lumieres 2011 rhonealpes rhone place 12
1341.0,bellecour place grand metro monochrome blackandwhite noiretblanc streetphotography street 01
266.0,biennaledelyon contemporain biennale artcontemporain people onlylyon 里昂 法国 リヨン フランス
929.0,dress fourviere centre filoer villages villes tourisme sun fra trees
884.0,pont rhone bridge river arnaud fleuve perrache city sky presquile
825.0,interieur centre voiture drone panorama automobile en avril γαλλια urbanlandscape
149.0,tassinlademilune filoer villages villes 05 tourisme tassin 2011 explosion artifice
830.0,water tete dor parc eau parcdelatetedor animal nature line leau
423.0,rhonealpes rhone 69 citeinternationale river world clouds cityscape water building
1187.0,genie instagramapp uploadedbyinstagram iphoneography squareformat square saxotaz ilove fall instagood
1046.0,fourviere notredame basilica worldheritagesite unescoworldheritagesite metropolisoflyon bourgogne burgundy unesco vieuxlyon
746.0,parcdelatetedor spring printemps flower park avril tete parc flowers dor
726.0,croixrousse pasted paper streetart stencil wheatpaper pasteup wheatpaste collage dd
725.0,parc parcdelatetedor dor fleur tete vert couleur color tree green
739.0,flickriosappfilternofilter uploadedbyflickrmobile naissance flickrandroidappfilternone लय 01 里昂 法国 リヨン フランス
1080.0,rhonealpes rhone 8dec 8december 8thdecember dec8 december8 fetedeslumieres2009 december8th 2eme
93.0,octobre 2013 uploadedbyflickrmobile fall sncf ou pas film rhone dans
1515.0,placedesterreaux fontaine fountain terreaux place sculpture rhonealpes travel hoteldeville rhone
1464.0,placedesterreaux animaux animal places 2013 dance biennale regard danse centre
1499.0,2012 vieuxlyon lyonfrance iphone graffiti streetart iphoneography 里昂 法国 リヨン
664.0,confluence musee confluences auvergnerhonealpes rhone architecture 里昂 法国 リヨン フランス
1367.0,1er course urban festivaloflights festival lights 2013 fetedeslumieres fete lumieres
952.0,streetphotography art onlylyon monochrome street urban photographie confluence saone bridge
527.0,confluence lyoncity villedelyon design rhone batiment presquile color bleu town
928.0,visite mai voyage colline centre alpes trip cityscape panorama vue
1600.0,traboule tour travel 20140529 sign summer world lyonnais trip unesco
163.0,video mode journee flickriosappfilternofilter uploadedbyflickrmobile en लय 01 里昂 法国
1222.0,theme groupe 2019 hotel eglise church saint urbain urban city
806.0,parcdelatetedor parc tete dor tetedor animal tree rhonealpes rhone nature
121.0,里昂 法国 リヨン フランス 프랑스 리옹 ลยง ประเทศฝรงเศส लय لیون
346.0,etudiant residence pour 2009 लय 01 里昂 法国 リヨン フランス
621.0,jossaris jossarisfoto ilce7m3 24240mm f3563 oss fe sec bij lr
630.0,oss 24240mm jossarisfoto jossaris f3563 ilce7m3 fe sec lr bij
83.0,ete printemps fra nature portrait regard photographe shooting 30 painting
1497.0,citeinternationale nikon d700 lugdunum rouge vieuxlyon saintjean streetphotography town lyonnaise
595.0,museedesconfluences musee confluences museum architecture confluence grand saone shooting metal
1173.0,illuminations saintjean 8decembre bellecour 2010 saone fourviere place fetedeslumieres rhonealpes
1462.0,beauxarts museedesbeauxarts musee paris statue jardin femme musique nikon art
1052.0,20140529 dame notre basilique fourviere 里昂 法国 リヨン フランス 2052
1576.0,cathedral jean buildings couleur st cathedrale eglise color panorama streetphotography
791.0,nikoncoolpixp7100 parcdelatetedor festival world parc tete dor macro park fleur
1458.0,terreaux palais beauxarts pierre musee st beaux arts placedesterreaux rhone
495.0,macro croixrousse moto rue rhonealpes streetphotography rhone town 69 urban
282.0,villeurbanne reflet immeuble geotagged ville urban soleil ciel filoer villages
1253.0,phap pransiya فرانسه perancis frankryk ประเทศฝรงเศส franta γαλλια fransa ลยง
554.0,gig 69005 rhonealps culture perrache musique music concert fra vieuxlyon
1026.0,ete quai rock fleuve eau water urbain monochrome pont urban
1028.0,basilique fourviere dame notre 20140529 franciaorszag basilica eglise church rhonealpes
1190.0,instagramapp uploadedbyinstagram iphoneography squareformat square saxotaz followme instagood photography upload
1442.0,opera 69 theatre rhonealpes rhone frankrike francie frankrig lhistoire lyons
1431.0,instagramapp uploadedbyinstagram iphoneography squareformat square friends morning opera cafe followme
1280.0,pasted paper streetart pasteup wheatpaste wheatpaper collage croixrousse installation wall
1420.0,fetedeslumieres hoteldeville lumieres light lights fete lumiere terreaux fontaine poselongue
1241.0,pasted paper croixrousse wheatpaste wheatpaper pasteup streetart collage wall words
550.0,place dieu tour jean 06 restaurant fontaine lyonnais upload lumiere
1414.0,gay pride marche 2015 festa delle opera francia evento luci
835.0,artcontemporain mac 2018 rhonealpes musee contemporain contemporaryart 2017 art リヨン
551.0,cafe 2009 लय 01 里昂 法国 リヨン フランス 2052 لیون
174.0,里昂 法国 リヨン フランス 프랑스 리옹 ลยง ประเทศฝรงเศส लय لیون
1106.0,automobile rue eglise et 01 里昂 法国 リヨン フランス 2052
1592.0,cinema citta feste festedelleluci francia 06 2009 12 fete st
667.0,musee auvergnerhonealpes confluence confluences presquile museum town exposition ville city
1156.0,jung pride gay placebellecour marche man places franca frankrijk nb
618.0,confluence architecture onlylyon place urban lyoncity 2013 villedelyon passerelle auvergnerhonealpes
1530.0,8decembre fetedeslumieres lumieres nuit लय 01 里昂 法国 リヨン フランス
104.0,eurexpo flickriosappfilternofilter uploadedbyflickrmobile et 01 里昂 法国 リヨン フランス 2052
1563.0,eglise jean saint vieux 69005 oldlyon pierre architecture grand cathedral
1564.0,fr vieux auvergnerhonealpes metro jossaris jossarisfoto ilce7m3 oss 24240mm f3563
721.0,jardin croixrousse 2016 blue wall streetart zombie 16 pochoir stencil
1121.0,jour croixrousse streetart sticker stencil installation 2015 pochoir pasted paper
650.0,confluences musee instagramapp uploadedbyinstagram iphoneography squareformat square museedesconfluences confluence museum
636.0,mac artcontemporain 2017 photos rhone robot night 2016 musee 2012
1103.0,onlylyon fete lumieres 2013 hoteldieu 8december 8thdecember dec8 december8 8dec
1102.0,fetedeslumieres fete lumieres 2010 lights festa hoteldieu delle evento luci
793.0,saone quais rhonealpes nb hiver monochrome blackandwhite bw noiretblanc rhone
1162.0,cinema bellecour instagramapp uploadedbyinstagram iphoneography squareformat square frankrike francie frankrig
769.0,parcdelatetedor parc park dor tete flower flowers frankreich red avril
411.0,parc canon sculpture green neige fr rhonealpes statue croixrousse course
302.0,course mai 2013 residence etudiant paysage monochrome noiretblanc light auvergnerhonealpes
1243.0,cosplay st eglise places sur georges pasted paper 27 d800
1416.0,beauxarts museum summer 2009 travel sculpture painting museumoffineartsoflyon musee museedesbeauxartsdelyon
1212.0,unescoworldheritagesite 2015 auvergnerhonealpes vieuxlyon cathedral cathedrale placebellecour 里昂 法国 リヨン
313.0,issmys internationalsummerschoolofmathematicsforyoungstudents paper लय 01 里昂 法国 リヨン フランス 2052
1193.0,bellecour placebellecour 24240mm oss jossarisfoto f3563 ilce7m3 jossaris fe lr
418.0,cimetiere tombe loyasse 20151108 architecture georges vue 06 100 10
1016.0,rhone river water 法国 fountain pont green bridge rose film
186.0,cinema eglise church architecture rhonealpes artist rhone onlylyon artwork art
290.0,villeurbanne spectacle rhonealpes rhone 22 06 03 01 16 quartier
449.0,flickrandroidappfilternone lac mural fresque orange color mur rue 01 里昂
234.0,2011 canon filoer villages villes tourisme rhonealpes confluence vue stade
1336.0,pasted paper streetart pasteup wheatpaste wheatpaper collage croixrousse stencil installation
275.0,home mort zombie flickriosappfilternofilter uploadedbyflickrmobile morning notredame basilique book fourviere
891.0,cinema writer ecrivain rhonealps culture paul fra conference film 2017
961.0,francja trip church 2014 rhonealpes rhone 01 里昂 法国 リヨン
1359.0,eos 2013 panorama landscape travel lumieres canon francia saone fetedeslumieres
879.0,fetedeslumieres places building canon fete nuit lumieres night rhone 里昂
950.0,rhone fourviere oss jossarisfoto jossaris ilce7m3 f3563 24240mm fe sec
945.0,fourviere basilique notre 20140529 dame auvergnerhonealpes notredame fr colline monochrome
918.0,world trip tour travel nikon rhonealpes rhone oldlyon ete summer
919.0,street streetphotography loeil gallery 20140529 1er flower green nuages buildings
934.0,cosplay jossarisfoto jossaris oss ilce7m3 f3563 24240mm fe sec lr
263.0,14 artifice 14juillet fireworks juillet 2011 nikon rhone lune 18
34.0,nuit rhonealpes 1er 2009 लय 01 里昂 法国 リヨン フランス
36.0,doll fr auvergnerhonealpes uploadedbyflickrmobile 01 里昂 法国 リヨン フランス 2052
699.0,pour tour 2016 partdieu tower et architecture urban fdl supermimil
703.0,parc dor tete bar oiseau foule tetedor gens eau vue
497.0,confluence lyoncity pont villedelyon urbanlandscape rhone landscape sunset lumiere ville
925.0,musee fourviere oldlyon vieuxlyon building architecture 01 里昂 法国 リヨン
391.0,trees patrimoine snow architecture f28 villeurbanne fleurs green facade blue
763.0,parcdelatetedor piano parc man jung fujifilmxt2 tetedor portrait franca frankrijk
649.0,musee instagramapp uploadedbyinstagram iphoneography squareformat square confluences museedesconfluences museum confluence
1285.0,2018 jardin bus 06 03 filoer villages villes man tourisme
1281.0,pasted paper pasteup wheatpaste wheatpaper collage streetart croixrousse words wall
1098.0,dieu onlylyon grand hotel architecture hoteldieu oss 24240mm ilce7m3 jossarisfoto
671.0,centre partdieu dieu train grand ce sous fontaine soleil franca
51.0,instagramapp uploadedbyinstagram iphoneography squareformat square lego rise unicef portrait time
714.0,里昂 法国 hotel partdieu restaurant vanity details lyonnaise bar gare
583.0,iphone exhibition day book expo home time river リヨン フランス
576.0,ou mon love old day 2011 building instagramapp uploadedbyinstagram iphoneography
1265.0,d800 leica 35mm saint church 2015 frankreich nikon rhonealpes eglise
976.0,fourviere colline depuis flowers vue flickrandroidappfilternone nuit ville orange 2018
1257.0,danse theatre festival 2010 lights fetedeslumieres 里昂 法国 リヨン フランス
406.0,里昂 法国 リヨン フランス 프랑스 리옹 ลยง ประเทศฝรงเศส लय لیون
1160.0,manifestation retraite rhonealps placebellecour fra french octobre fr citeinternationale citta
1155.0,bellecour place stencil chat juillet pochoir dame notre basilique 2014
612.0,museedesconfluences confluences musee leica illuminations rhone fetedeslumieres interieur nuit architecture
869.0,dainay basilique eglise december8 dec8 8thdecember 8december 8dec fetedeslumieres2009 december8th
1372.0,girl lumix hdr rue place city 01 里昂 法国 リヨン
1063.0,pasted paper croixrousse streetart wall wheatpaste wheatpaper pasteup collage sticker
172.0,35mm sun nikkor clouds sunset sky canon nikon 01 里昂
221.0,saone rhonealpes rhone et art river 2013 details nuages clouds
308.0,design live concert rhone लय 01 里昂 法国 リヨン フランス
310.0,villeurbanne spectacle rhonealpes rhone 2017 06 03 01 16 05
982.0,rhone dieu facade hotel confluence vision avril 프랑스 printemps spring
1440.0,opera jean 69 auvergnerhonealpes rhone terreaux place ville villeurbanne cafe
1214.0,stencil croixrousse streetart pochoir night church wall graff traboule animal
426.0,2013 ou immeuble lyonnais facade soleil town mur travel rue
293.0,band spectacle villeurbanne rhonealpes rhone 25 22 06 03 01
1474.0,vieux 22 16 11 18 14 10 12 フランス 2052
1468.0,frankreich tourisme justice palais vieuxlyon rhonealpes 69 rhone frankrijk frankrike
577.0,iphone night grand love day people 01 里昂 法国 リヨン
788.0,zoo animaux animal parc dor tete parcdelatetedor chat nature 里昂
1069.0,vue sur croixrousse croix paysage urbain fourviere jeu et chat
796.0,zoo novembre parcdelatetedor octobre tetedor animal animaux jour paris dor
795.0,line artist contemporaryart urbain tete gens dor urban artcontemporain parc
1178.0,zombies blood zombie walk rhonealpes placebellecour trees bellecour statue sky
438.0,saone patrimoine journee fujifilmxt2 instagramapp uploadedbyinstagram iphoneography squareformat square 2014
1226.0,frankrike ete lumieres geotagged fetedeslumieres fete summer 2009 2012 bellecour
1010.0,fete lumieres fetedeslumieres 2009 2011 festival light rhone church 2010
1419.0,instagramapp uploadedbyinstagram iphoneography squareformat square upload ville xproii hotel hoteldeville
1196.0,instagramapp uploadedbyinstagram iphoneography squareformat square upload rise genie friends hudson
569.0,livepic metalshow arnal transbordeur arnalphotography lieux villeurbanne live metal concert
911.0,lugdunum 2016 2017 fourviere fete lumieres love 里昂 法国 リヨン
1632.0,cathedrale saintjean places fetedeslumieres moto cathedral unescoworldheritagesite 2015 vieux vieuxlyon
1617.0,festa cattedrale chiesa evento luci delle 05 12 2014 francia
1647.0,69 jean saint rhonealpes rhone cathedrale place lune photographe printemps
692.0,bar 里昂 法国 hotel restaurant tour rue regard architecture partdieu
1491.0,terreaux fetedeslumieres 2011 hoteldeville place 8decembre 2014 fontaine lyons wall
1251.0,eglise onlylyon rhone rhonealpes jossaris 24240mm oss f3563 ilce7m3 jossarisfoto
466.0,marche noiretblanc rhone rue nuit orange bw guillotiere paysage night
1363.0,fireworks exterieur 2011 nuit book quartier st quai river fr
1565.0,rue traboule 27 oldlyon worldheritagesite unescoclassifiedplace vieuxlyon unescoworldheritagesite metropolisoflyon bourgogne
485.0,pont confluence night museedesconfluences nuit bridge fujifilmxt10 musee saone longexposure
1057.0,basilica fourviere dame tower notre church 2016 basilique リヨン フランス
125.0,paul dor 2009 लय 01 里昂 法国 リヨン フランス 2052
774.0,parcdelatetedor 2019 park spring printemps flower flowers garden francia fleur
246.0,etudiant residence mural fresque pour mur auto automobile rue cars
1517.0,cathedrale jardin saintjean fujifilmxt2 69005 rhone nuit night lugdunum pasted
1353.0,placebellecour bellecour fetedeslumieres places lumieres light night musique music japan
734.0,parc fleurs exterieur lyonnais chat statue jeu et lyonnaise animal
536.0,metropolisoflyon bourgogne burgundy unescoclassifiedplace worldheritagesite unescoworldheritagesite rue unesco auvergnerhonealpes eglise
634.0,confluences museedesconfluences musee confluence blackandwhite noiretblanc bleu blue 法国 リヨン
1521.0,pont 2012 lumieres colline bridge saone river facade fete fourviere
633.0,confluences musee museedesconfluences saone nikon nuit ville night city architecture
647.0,musee filoer villages villes confluence tourisme 10 2015 confluences rhone
748.0,parcdelatetedor parc tetedor vert bleu fleurs soleil shooting jardin ville
1142.0,lyonnais fresque fr mur rhonealpes art painted rhone francia auvergnerhonealpes
526.0,perrache confluence saone pont rhone et लय لیون ลยง 리옹
229.0,rotonde sncf guillotiere bb cc metal train en color railways
204.0,lou top14 ubb rugby lourugby accreditation stade vs fr auvergnerhonealpes
1180.0,instagramapp uploadedbyinstagram iphoneography squareformat square genie ilove saxotaz upload valencia
689.0,partdieu tour urbanlandscape landscape city urban 360 ville pentaxk3ii architecture
16.0,miribel jonage ain animaux lac oiseau rhone fr rhonealpes bleu
419.0,fourviere upload instagramapp uploadedbyinstagram iphoneography squareformat square basilica basilique 2012
862.0,perrache gare confluence francia train eos canon hdr frankreich frankryk
1203.0,pasted paper streetart croixrousse pasteup wheatpaper wheatpaste collage installation wall
1229.0,pasted paper croixrousse streetart wheatpaper pasteup wheatpaste collage shooting girl
1216.0,1er croixrousse pasted streetart paper course installation pasteup wheatpaste wheatpaper
842.0,mac contemporain exhibition expo musee 2011 sonores art nuits exposition
1380.0,fete lumieres 22 16 11 18 14 24 10 12
301.0,stade gerland 2009 लय 01 里昂 法国 リヨン フランス 2052
1583.0,vieux vieuxlyon quartier traboule rue dans jean saintjean saint rhone
1571.0,vieux traboule oss jossarisfoto 24240mm jossaris f3563 ilce7m3 fe bij
1569.0,quartier st jean place vieux 69005 bar traboule restaurant alpes
1584.0,flickriosappfilternofilter uploadedbyflickrmobile miniature musee 2009 लय 01 里昂 法国 リヨン
338.0,nuages sur instagramapp uploadedbyinstagram iphoneography squareformat square amaro chat lyonnaise
1299.0,onlylyon theatre 100 longexposure trip eos rhone town travel europa
895.0,quai rhone place jeu couleur laser tag quais sur rue
43.0,ol stade onlylyon panorama nikon grand parc musee lyonnais museum
1602.0,miniature fall museum rhonealpes musee dans rhone लय 01 里昂
1096.0,oldlyon placebellecour vieuxlyon bellecour statue et place prison retraites fdl
731.0,oiseau parcdelatetedor dor tete parc soleil en park nikkor nikon
89.0,fr auvergnerhonealpes rhone 11 01 里昂 法国 リヨン フランス 2052
1540.0,passerelle justice palais street winter ix bridge nb bw oiseau
1074.0,zombie walk croixrousse places streetart metro 1er sticker words pasted
1628.0,design church building architecture people sky cathedrale vieuxlyon city fr
1140.0,sanctuaire eglise palais presquile rhonealpes rhone streetphotography town white black
756.0,parc park dor parcdelatetedor tete shooting femme couleur color portrait
1330.0,pasted paper croixrousse streetart wheatpaste wheatpaper collage pasteup sticker stencil
256.0,villeurbanne livre 2011 fete pasted paper portrait exposition wheatpaste wheatpaper
555.0,gig musique music concert rhonealps culture fra rock live nb
1263.0,instagramapp uploadedbyinstagram iphoneography squareformat confluence square quai saone en painting
1035.0,auvergnerhonealpes fr bellecour prison paul placebellecour theatre unescoclassifiedplace cafe worldheritagesite
1045.0,notredame basilica fourviere notredamedefourviere dame notre basilique 20140529 法国 リヨン
1493.0,onlylyon paul st gare auvergnerhonealpes saintjean eglise vieuxlyon place urban
348.0,musee lumiere institutlumiere confluences cinema exposition film blackandwhite en street
541.0,train exterieur gare bb sncf alpes dieu batiment immeuble architecture
1267.0,citta feste chiesa festedelleluci francia 05 st 2009 12 fete
1508.0,auvergnerhonealpes fr vieux ville tour fetedeslumieres ain nikon art city
1349.0,fdl supermimil 2016 bellecour placebellecour 2009 festival lights place fete
255.0,lieux villeurbanne noiretblanc batiment facade couleur 2012 portrait 里昂 法国
738.0,tete parc dor parcdelatetedor park flower flowers creativecommons commons creative
1368.0,creativecommons commons creative cc lyons french fourviere croixrousse rousse buildings
1174.0,place presquile rhone fontaine lumix tree panasonic fetedeslumieres rhonealpes dieu
1457.0,cinema fete lumieres hoteldeville juillet terreaux sunset 2010 europa place
813.0,tete dor parc parcdelatetedor novembre jour paris 2016 tetedor graffiti
831.0,mac artcontemporain body animal light rhone architecture jean 2017 love
832.0,film 35mm light color rhone blackandwhite longexposure street fleuve quai
1443.0,francie frankrig hotel hoteldeville francja franca francia frankrijk frankreich ville
979.0,rouge et color red vieux interieur orange eau blanc portrait
983.0,basilique cathedral notredame lyons basilica fourviere church rhonealpes instagramapp uploadedbyinstagram
562.0,crane confluence musee building museum sun metal 2012 confluences museedesconfluences
1013.0,nikoncoolpixp7100 fourviere fireworks basilique artifice 14juillet 2018 miniature noir blanc
1206.0,instagramapp uploadedbyinstagram iphoneography squareformat square igerslyon amaro fourviere nuages valencia
434.0,retraites manifestation 1er 2009 लय 01 里昂 法国 リヨン フランス
439.0,patrimoine journee printemps jean saint soleil croixrousse 2014 saone street
1591.0,flickriosappfilternofilter uploadedbyflickrmobile traboule 12 jean saint vieux town 2010 ville
1418.0,18 12 photographe opera photographie lyonnais hotel photography blackandwhite frankreich
30.0,d700 chat invaders lheure il mon man snow 2015 pour
1615.0,festa cattedrale chiesa evento luci delle 05 12 2014 francia
1643.0,jean cathedral st place saint fete lumieres light night spectacle
1641.0,lumieres instagramapp uploadedbyinstagram iphoneography squareformat square jean place cathedrale saint
1614.0,festa cattedrale chiesa evento luci delle 05 12 2014 francia
1645.0,flickriosappfilternofilter uploadedbyflickrmobile saintjean 2012 fete lumieres geotagged lumiere en 法国
42.0,sur fleur jour ou blue en 01 里昂 法国 リヨン
694.0,paul blanc upload instagramapp uploadedbyinstagram iphoneography squareformat square 01 里昂
27.0,chaponost shooting tag batiment lyonnais peinture couleur hdr 2013 法国
1230.0,croixrousse 2018 pasted streetart paper sticker collage wheatpaste wheatpaper installation
717.0,train sncf gare partdieu francia instagramapp uploadedbyinstagram iphoneography squareformat square
684.0,instagramapp uploadedbyinstagram iphoneography squareformat square uploadedbyflickrmobile 2013 novembre rise 11
705.0,frankreich architecture franca 프랑스 paul tour partdieu 法国 フランス франция
355.0,foursquarevenue4be26f00b02ec9b6a1004dc0 instagramapp uploadedbyinstagram iphoneography squareformat square metro rise je xproii
420.0,2014 photographe notredamedefourviere cathedral photos notredame church vieuxlyon photography french
452.0,mural fresque mur rue white black लय 01 里昂 法国
568.0,sucriere exposition cube confluence filoer villages villes orange tourisme 18
570.0,metro line unescoclassifiedplace worldheritagesite unescoworldheritagesite metropolisoflyon bourgogne burgundy unesco place
878.0,cinema flowers couleur nature people nikon 01 里昂 法国 リヨン
1186.0,instagramapp uploadedbyinstagram iphoneography squareformat square ilove instagood upload saxotaz spring
608.0,paul 1er 2009 लय 01 里昂 法国 リヨン フランス 2052
1213.0,danse dance bellecour places place 2013 fete lumieres rhone 法国
1205.0,24240mm f3563 ilce7m3 jossarisfoto jossaris oss fe sec lr bij
592.0,2013 rhonealpes fetedeslumieres fete lumieres interieur rhone confluence architecture jardin
1390.0,saone quai rhone theatre cathedrale bellecour jean saint d800 leica
1006.0,basilica fourviere notredame basilique notredamedefourviere statue cityscape church rhonealpes sculpture
823.0,3eme 8dec 8december 8thdecember dec8 december8 fetedeslumieres2009 guillotiere december8th grandlyon
1437.0,festa evento delle 05 francia 12 festedelleluci 2014 luci 2052
585.0,transbordeur villeurbanne live concert musique music femme लय 01 里昂
1559.0,citta feste festedelleluci francia 06 2009 12 fete st lumieres
540.0,confluence design quais urbain saone urban architecture ville rhone project
1523.0,50d dark rue urban people vieux vieuxlyon performance canon artwork
761.0,parcdelatetedor fujifilmxt2 macro parc dor tete printemps spring fleurs park
745.0,parcdelatetedor parc dor lac tete fujifilmxt2 fall reflet reflection fujifilmxt10
1078.0,manifestation pour 2013 vert 2011 cross filoer villages villes lyonnais
1081.0,d800 nikkor portrait nikon nuit ville night city sunset sunrise
1082.0,girl portrait rhone places video guillotiere dieu fleuve hotel quai
243.0,french urbanart d700 artcontemporain lugdunum photographie photos graffiti streetphotography photography
917.0,lumiere fetedeslumieres fourviere colline lyoncity jardin igerslyon morning onlylyon interdit
1334.0,nikoncoolpixp7100 eglise passerelle night bridge saone nuit church georges pont
110.0,里昂 法国 リヨン フランス 프랑스 리옹 ลยง ประเทศฝรงเศส लय لیون
1519.0,fetedeslumieres illuminations 8decembre terreaux 2013 lumieres fontaine placedesterreaux ville fountain
1518.0,2012 fete lumieres quai presquile saone sur etudiant 2013 fourviere
1505.0,2011 europa nuit night rhone 2013 fete lumieres 里昂 法国
537.0,confluence arnaud architecture city acier lyoncity metal villedelyon reflection project
770.0,eau parcdelatetedor water animal nature reflet reflection tree parc macro
596.0,perrache confluence lyoncity villedelyon ilce7m3 oss f3563 jossaris 24240mm jossarisfoto
114.0,epoquauto salon voiture car exposition auto alpes rhone 法国 リヨン
1166.0,place biennaledelyon auto biennale artcontemporain parc pas dress d800 voyage
889.0,artwork contemporaryart artcontemporain igerslyon je streetart art pasted paper instagramapp
1350.0,square instagramapp uploadedbyinstagram iphoneography bellecour squareformat festival lights livre fete
225.0,saone panasonic cityscape vue landscape ciel river 69 sur rhonealpes
776.0,parcdelatetedor dor tete parc zoo animal fujifilmxt10 nikoncoolpixp7100 sculpture red
479.0,avec 2015 instagramapp uploadedbyinstagram iphoneography squareformat square halle garnier tony
787.0,dor tete parc parcdelatetedor auvergnerhonealpes fr 01 里昂 法国 リヨン
1171.0,2eme fetedeslumieres festival lumieres fete place rhone dans nuit night
1036.0,fujifilmxt2 fleuve river rhone nuit piscine guillotiere pont nb monochrome
865.0,train pour festa place trip francia 2019 travel festedelleluci luci
1262.0,pasted paper croixrousse streetart pasteup wheatpaste wheatpaper collage sticker line
1476.0,vieuxlyon fr auvergnerhonealpes rhonealpes 69005 lumieres rue cathedrale pasted paper
1454.0,opera sous leica rhone citta ville et 2009 francia hoteldeville
300.0,villeurbanne artwork artcontemporain instagramapp uploadedbyinstagram iphoneography squareformat square contemporaryart art
662.0,confluences musee museedesconfluences museum confluence 2014 sculpture rhonealpes statue rhone
66.0,2013 eurexpo groupe lyonnais portrait blackandwhite bw noiretblanc 法国 リヨン
727.0,croixrousse pasted paper streetart wall mur wheatpaste wheatpaper pasteup collage
358.0,foursquarevenue4be26f00b02ec9b6a1004dc0 instagramapp uploadedbyinstagram iphoneography squareformat square rise cest en ce
938.0,theatre лион fourviere instagramapp uploadedbyinstagram iphoneography squareformat square nuits rise
1124.0,place exterieur リヨン フランス fontaine rhone लय 01 里昂 法国
1134.0,saone лион франция winter fresque architecture mural quai bridge pont
1109.0,lyoncity villedelyon 2012 blood fete lumieres jaune photographie rose trip
1117.0,dor tete parc ville rhone walk opera notredamedefourviere grandlyon dieu
1577.0,gens mai people fourviere urbain line 2017 urban jean metro
0.0,里昂 法国 リヨン フランス 프랑스 리옹 ลยง ประเทศฝรงเศส लय لیون
955.0,fourviere saone basilique rhone rhonealpes notredame dame notre basilica panorama
1149.0,defile dance biennale danse places girl 法国 リヨン フランス 2052
518.0,里昂 法国 リヨン フランス 프랑스 리옹 ลยง ประเทศฝรงเศส लय لیون
1137.0,passerelle saone croixrousse rhonealpes installation river rhone fleuve pont lumix
563.0,confluence cube vert lyoncity villedelyon jossarisfoto jossaris f3563 oss ilce7m3
456.0,pentax eau architecture batiment pentaxk3ii snow winter leau urbanlandscape printemps
1406.0,quartier valencia hotel vieuxlyon ville instagramapp uploadedbyinstagram iphoneography squareformat square
26.0,d700 lhistoire matter regard ce dame 11 je old vieux
1642.0,cathedrale vieuxlyon st jean spectacle illuminations lugdunum festivaloflights decembre couleur
1636.0,jossarisfoto oss jossaris ilce7m3 f3563 24240mm fe sec lr bij
50.0,instagramapp uploadedbyinstagram iphoneography squareformat square rise amaro hudson et ol
379.0,2010 fete lumieres लय 01 里昂 法国 リヨン フランス 2052
353.0,里昂 法国 リヨン フランス 프랑스 리옹 ลยง ประเทศฝรงเศส लय لیون
843.0,musee contemporain artcontemporain fujifilmxt2 museum art mac biennale biennaledelyon reflet
178.0,里昂 法国 リヨン フランス 프랑스 리옹 ลยง ประเทศฝรงเศส लय لیون
1435.0,lumieres spectacle statue 2017 franca lumiere canon fr fete francia
575.0,confluence 2019 mm f3563 oss jossarisfoto 24240mm jossaris ilce7m3 fe
803.0,zoo parcdelatetedor animal dor tete parc nikoncoolpixp7100 tree fujifilmxt10 metropolisoflyon
318.0,里昂 法国 リヨン フランス 프랑스 리옹 ลยง ประเทศฝรงเศส लय لیون
801.0,里昂 法国 リヨン フランス 프랑스 리옹 ลยง ประเทศฝรงเศส लय لیون
991.0,frankreich partdieu fourviere villeurbanne nikon rousse croix bellecour panorama vue
1426.0,gare fdl supermimil train paul 2016 sncf saint lumieres 2018
1.0,d5300 35mm saone nikon fleur nature rhone ciel paysage nuit
1113.0,bellecour place placebellecour 2017 fete lumieres statue cafe unescoclassifiedplace worldheritagesite
1306.0,pasted paper croixrousse wall streetart words pasteup wheatpaste wheatpaper collage
368.0,instagramapp uploadedbyinstagram iphoneography squareformat square hudson rise dans amaro et
1607.0,里昂 法国 リヨン フランス 프랑스 리옹 ลยง ประเทศฝรงเศส लय لیون
1133.0,facade grand presquile reflet urbanlandscape centre palais ville francja city
364.0,foursquarevenue4be26f00b02ec9b6a1004dc0 instagramapp uploadedbyinstagram iphoneography squareformat square je xproii valencia dans
749.0,lyons parcdelatetedor zoo tete parc dor garden fleur jardin time
947.0,69005 5eme december8 dec8 8thdecember 8december 8dec fetedeslumieres2009 december8th grandlyon
960.0,soleil europa francia city 01 里昂 法国 リヨン フランス 2052
1366.0,rhonealpes novembre jour paris 2016 rousse croix rhone croixrousse 2015
783.0,event shooting femme couleur color portrait canon fr auvergnerhonealpes city
1375.0,manifestation placebellecour en place bellecour 2012 peinture lumieres video light
1478.0,upload instagramapp uploadedbyinstagram iphoneography squareformat square लय 01 里昂 法国
1158.0,evento festa delle 05 12 2014 francia hoteldieu filoer 2016
529.0,musee museedesconfluences urbanlandscape confluences landscape cityscape reflet urban ville lumiere
249.0,avril snow uploadedbyflickrmobile 12 2013 ligne night bokeh mm 18
106.0,confluences home conference star car time quartier sun confluence blue
238.0,2018 instagramapp uploadedbyinstagram iphoneography squareformat square 01 里昂 法国 リヨン
881.0,2013 tour croixrousse stencil jeu journee colline exposition 16 pochoir
496.0,danse pasted paper croixrousse musique wheatpaste wheatpaper pasteup collage streetart
494.0,confluence lyoncity villedelyon en architecture 01 里昂 法国 リヨン フランス
556.0,confluence vert rhone exposition filoer villages villes saone tourisme 18
866.0,dainay 2eme 8dec 8december 8thdecember dec8 december8 fetedeslumieres2009 december8th grandlyon
135.0,chaos abode saintromainaumontdor abodeofchaos 360 thierryehrmann demeure demeureduchaos museum artistshouses
1481.0,rue vieuxlyon auvergnerhonealpes saintjean rhonealpes pasted paper rhone 69005 street
861.0,borgonha franca लय 01 里昂 法国 リヨン フランス 2052 لیون
1246.0,instagramapp uploadedbyinstagram iphoneography squareformat square xproii oss ilce7m3 jossarisfoto jossaris
430.0,defense rencontre novembre quartier 14 2019 avec mysterieuses hiver neige
159.0,2019 tour lune sun rhonealpes soleil macro hdr paysage landscape
196.0,里昂 法国 リヨン フランス 프랑스 리옹 ลยง ประเทศฝรงเศส लय لیون
88.0,et interieur avec rouge 01 里昂 法国 リヨン フランス 2052
1291.0,lyoncity villedelyon presquile street auvergnerhonealpes et film 2010 blackandwhite urban
939.0,roman theatre fourviere lugdunum live musique iphone depuis music concert
942.0,live instagramapp uploadedbyinstagram iphoneography squareformat square theatre concert fourviere 里昂
484.0,immeuble fujifilmxt10 film building blackandwhite bw street sous 2011 nb
84.0,rochetailleesursaone automobile course musee voiture rhone voitures fontaine 01 里昂
1208.0,1er orange pasted paper instagramapp uploadedbyinstagram iphoneography squareformat portrait square
1195.0,instagramapp uploadedbyinstagram iphoneography squareformat square upload friends morning hudson rise
821.0,parcdelatetedor parc dor tete train metropolisoflyon bourgogne burgundy auvergnerhonealpes rhonealpes
1422.0,hotel decembre 8decembre 69 ville 2017 lumiere fete fetedeslumieres lumieres
1118.0,里昂 法国 リヨン フランス 프랑스 리옹 ลยง ประเทศฝรงเศส लय لیون
37.0,fr auvergnerhonealpes लय 01 里昂 法国 リヨン フランス 2052 لیون
53.0,auto cars 69 nikon voiture citroen rhone 2010 automobile f28
190.0,peinture 2018 piscine octobre et en exposition artcontemporain ou 法国
184.0,里昂 法国 リヨン フランス 프랑스 리옹 ลยง ประเทศฝรงเศส लय لیون
1405.0,instagramapp uploadedbyinstagram iphoneography squareformat square genie opera rise friends valencia
870.0,dainay old presquile basilique saint church 01 里昂 法国 リヨン
986.0,fourviere 2017 fetedeslumieres sunrise hoteldieu partdieu francia eos city 2016
307.0,concert groupe ninkasi 50d rock spectacle musique music canon architecture
841.0,14 03 16 25 22 06 01 24 2052 لیون
1202.0,ligne croix metro lumieres genie fete rhonealpes 2009 2012 fetedeslumieres
1470.0,musee museumoffineartsoflyon museedesbeauxarts museedesbeauxartsdelyon beaux arts beauxarts placedesterreaux unescoclassifiedplace worldheritagesite
428.0,eglise лион франция winter cathedral croixrousse church nikon architecture facade
425.0,лион франция winter nikon architecture sky croixrousse street लय 01
1473.0,vieuxlyon quartier jean saint saintjean cathedrale 2009 लय 01 里昂
1487.0,flickriosappfilternofilter uploadedbyflickrmobile frankrijk placedesterreaux pransiya perancis frankryk ประเทศฝรงเศส phap فرانسه
156.0,chaos saintromainaumontdor abodeofchaos thierryehrmann demeure demeureduchaos museum ddc artistshouses servergroup
331.0,bb japan cars lumix sncf panasonic shooting car mural gare
1181.0,fetedeslumieres 18 lumieres croixrousse fete pasted paper spectacle lugdunum vinyl
1170.0,fete 2012 illuminations lumieres presquile 2009 festival light city ville
789.0,parcdelatetedor zoo nikoncoolpixp7100 animal dor tete parc japan lyonfrance star
273.0,villeurbanne partdieu 里昂 world rhonealpes cityscape sunset town building tower
532.0,confluences museedesconfluences musee tourisme architecture 2015 confluence fr city people
1333.0,pasted paper installation streetart wall wheatpaste wheatpaper collage pasteup streetphotography
1331.0,pasted paper croixrousse wheatpaste wheatpaper pasteup collage streetart lyoncity villedelyon
98.0,rock flickriosappfilternofilter uploadedbyflickrmobile instagramapp uploadedbyinstagram iphoneography squareformat square 01 里昂
97.0,里昂 法国 リヨン フランス 프랑스 리옹 ลยง ประเทศฝรงเศส लय لیون
766.0,parcdelatetedor parc dor tete onlylyon rhonealpes trees garden tree nature
974.0,artcontemporain place streetart mural fresque croixrousse fr musique 2015 building
414.0,cimetiere loyasse 20151108 tombe architecture 14 里昂 法国 リヨン フランス
1278.0,pasted paper croixrousse wheatpaste wheatpaper pasteup collage streetart sticker vinyl
757.0,phap frankryk pransiya perancis فرانسه ประเทศฝรงเศส γαλλια fransa franta लय
1535.0,decembre 2009 dame notre saone saintjean cathedrale fourviere basilique river
1527.0,onlylyon justice palais passerelle pont river saone frankreich city rhonealpes
653.0,instagramapp uploadedbyinstagram iphoneography squareformat square je pas culture artwork artist
1537.0,justice saone palais passerelle nuit river rhonealpes pont quai travel
278.0,interieur geotagged chat portrait panorama nuit jardin vue pour residence
1085.0,bmx rhone guillotiere gens streetphotography quais rue people woman femme
483.0,saone river jossarisfoto jossaris oss ilce7m3 f3563 24240mm fe sec
953.0,patrimoine vieuxlyon centre world old vue vieux town geotagged river
907.0,iphone croixrousse streetart pasted paper square wall pasteup wheatpaste wheatpaper
1321.0,zombiepride zombie pride croixrousse garden shooting film girl installation graffiti
342.0,pont fujifilmxt2 bridge saone sunset blackandwhite noiretblanc nb monochrome poselongue
1150.0,passerelle lumix river pont saone fourviere nuit auvergnerhonealpes mai quartier
1328.0,marche travel saint bw saone artist voyage peinture love trip
363.0,foursquarevenue4be26f00b02ec9b6a1004dc0 xproii instagramapp uploadedbyinstagram iphoneography squareformat square pour cest rise
1298.0,pasted paper wheatpaste wheatpaper pasteup collage streetart croixrousse wall installation
1609.0,69 dans vieux rhonealpes rhone vieuxlyon लय 01 里昂 法国
1101.0,decembre rue fetedeslumieres 8decembre lumieres fete 69 lumiere facade 2017
916.0,vieux wall 2017 dans लय 01 里昂 法国 リヨン フランス
657.0,frankreich rhone frankrike partdieu 35mm francie frankrig rhonealpes color lyons
72.0,demeureduchaos demeure romain chaos graffiti saintromainaumontdor dor saint robot 999
1105.0,fontaine lugdunum fall rhonealpes presquile paysage rhone franca monochrome noiretblanc
1626.0,instagramapp iphoneography squareformat square uploadedbyinstagram saintjean cathedrale jean fete eglise
