cluster_id,convex_hull
0.0,"[[45.704166, 4.984444], [45.706452, 4.98718], [45.705263, 4.991608], [45.705188, 4.991627], [45.705055, 4.991644], [45.704994, 4.991613], [45.704838, 4.991441]]"
1.0,"[[45.665773, 4.888722], [45.666665, 4.888615], [45.665893, 4.888894]]"
2.0,
3.0,"[[45.829616, 4.956405], [45.824485, 4.963974], [45.822333, 4.962166], [45.821831, 4.953471], [45.827946, 4.949469], [45.828613, 4.950088], [45.828814, 4.950724]]"
4.0,"[[45.78011, 4.959856], [45.778089, 4.970433], [45.763797, 4.961288], [45.762575, 4.954172], [45.763167, 4.952167], [45.76967, 4.949158], [45.77565, 4.953954]]"
5.0,"[[45.804198, 4.933612], [45.802953, 4.942173], [45.800002, 4.944469], [45.799164, 4.944899], [45.798603, 4.943997], [45.798323, 4.943028], [45.798333, 4.939667], [45.798483, 4.937752], [45.802709, 4.931284], [45.802717, 4.931284]]"
6.0,"[[45.808107, 4.944298], [45.807773, 4.942109], [45.809156, 4.93962], [45.810558, 4.937641], [45.813965, 4.937596], [45.814176, 4.937691], [45.815011, 4.940779], [45.815034, 4.941444]]"
7.0,"[[45.794881, 4.99472], [45.790344, 4.991683], [45.79038, 4.991113], [45.791286, 4.989641], [45.792986, 4.989361], [45.795555, 4.99048]]"
8.0,"[[45.782172, 4.997713], [45.78557, 5.002936], [45.785438, 5.003397], [45.785351, 5.003608], [45.785044, 5.003486]]"
9.0,"[[45.779182, 4.980958], [45.7777, 4.975776], [45.777958, 4.97538], [45.782534, 4.975281], [45.781232, 4.979853]]"
10.0,"[[45.76123, 5.006709], [45.761694, 5.001731], [45.76643, 5.003081], [45.767666, 5.003858], [45.766085, 5.005044]]"
11.0,"[[45.760972, 4.993169], [45.769008, 4.99214], [45.767945, 4.997862], [45.76637, 4.997406]]"
12.0,"[[45.776729, 4.991707], [45.776111, 4.988055], [45.776111, 4.987777]]"
13.0,"[[45.794325, 4.958611], [45.79861, 4.956518], [45.798872, 4.958224], [45.798577, 4.958752], [45.797527, 4.959719]]"
14.0,"[[45.804135, 4.963186], [45.803741, 4.964318], [45.803375, 4.964243], [45.801583, 4.962936], [45.801774, 4.962365], [45.804085, 4.962934], [45.80413, 4.962998]]"
15.0,"[[45.806944, 4.973333], [45.80677, 4.971377], [45.80683, 4.97113], [45.809941, 4.972753]]"
16.0,"[[45.813055, 4.970555], [45.81263, 4.971538], [45.810824, 4.970937], [45.810809, 4.970916], [45.810839, 4.970744], [45.811535, 4.969511], [45.811565, 4.969523]]"
17.0,
18.0,
19.0,"[[45.766791, 4.981516], [45.768169, 4.981116], [45.768797, 4.981447], [45.768694, 4.981711], [45.767875, 4.981919], [45.767691, 4.981963], [45.767519, 4.981941]]"
20.0,"[[45.761703, 4.729013], [45.741517, 4.750707], [45.729584, 4.743106], [45.728688, 4.741438], [45.731344, 4.734613], [45.737333, 4.722833], [45.747214, 4.720838], [45.754166, 4.722666], [45.756418, 4.724419], [45.761595, 4.728841]]"
21.0,"[[45.786996, 4.730654], [45.787936, 4.730652], [45.788288, 4.731216], [45.788466, 4.731863], [45.787659, 4.731824]]"
22.0,"[[45.785236, 4.730844], [45.784752, 4.730322], [45.785429, 4.72985], [45.785826, 4.729807], [45.786392, 4.730162], [45.786447, 4.730536], [45.785624, 4.730826]]"
23.0,"[[45.764294, 4.980475], [45.764797, 4.980397], [45.764652, 4.980444]]"
24.0,"[[45.719566, 4.759215], [45.731747, 4.76328], [45.723768, 4.765512]]"
25.0,"[[45.702833, 4.771833], [45.697375, 4.771445], [45.698799, 4.764525], [45.699952, 4.766365]]"
26.0,"[[45.684833, 4.770166], [45.687816, 4.769187], [45.687801, 4.770115]]"
27.0,"[[45.709167, 4.7525], [45.721379, 4.749441], [45.715141, 4.751718]]"
28.0,"[[45.706404, 4.751651], [45.707, 4.7455], [45.71022, 4.743219], [45.710612, 4.745408], [45.710666, 4.7465], [45.707437, 4.751243], [45.707333, 4.751393]]"
29.0,"[[45.690379, 4.787034], [45.691409, 4.784867], [45.691627, 4.784953], [45.694096, 4.787678], [45.693927, 4.787764], [45.69123, 4.788794], [45.691166, 4.788815]]"
30.0,"[[45.687308, 4.785372], [45.685665, 4.78609], [45.685777, 4.784798], [45.686429, 4.784932]]"
31.0,"[[45.845986, 4.802822], [45.83747, 4.805295], [45.818833, 4.799833], [45.813994, 4.797077], [45.815774, 4.795414], [45.83835, 4.790419], [45.838819, 4.790441]]"
32.0,"[[45.838225, 4.917022], [45.847058, 4.909755], [45.842418, 4.914665]]"
33.0,
34.0,
35.0,"[[45.818408, 4.905188], [45.818394, 4.905916], [45.818113, 4.905644], [45.81775, 4.905247], [45.817444, 4.904563], [45.817844, 4.904252]]"
36.0,"[[45.815902, 4.904502], [45.8155, 4.904166], [45.815833, 4.904], [45.816166, 4.904]]"
37.0,
38.0,
39.0,"[[45.765277, 4.9818], [45.765301, 4.981763], [45.765291, 4.981794]]"
40.0,"[[45.765238, 4.981919], [45.765269, 4.981875], [45.765311, 4.981883], [45.765372, 4.981911], [45.76528, 4.981944], [45.765266, 4.981944]]"
41.0,"[[45.815081, 4.861435], [45.821335, 4.862501], [45.816933, 4.867861]]"
42.0,"[[45.831056, 4.87412], [45.831041, 4.87412], [45.831056, 4.874099]]"
43.0,"[[45.76521, 4.981688], [45.765236, 4.981675], [45.765227, 4.981683]]"
44.0,
45.0,"[[45.675624, 4.861643], [45.675444, 4.860689], [45.67715, 4.860986], [45.67791, 4.861149]]"
46.0,"[[45.671969, 4.857477], [45.672997, 4.855452], [45.676066, 4.85805], [45.673727, 4.858306]]"
47.0,"[[45.817479, 4.897198], [45.816634, 4.895447], [45.817291, 4.892791], [45.817923, 4.891811], [45.818024, 4.891684], [45.818269, 4.891699], [45.818698, 4.893153], [45.819466, 4.896436]]"
48.0,
49.0,"[[45.813833, 4.887666], [45.814, 4.888166], [45.813824, 4.888273], [45.813438, 4.888367], [45.812153, 4.888273], [45.811097, 4.887844], [45.811841, 4.887677], [45.812153, 4.887612]]"
50.0,"[[45.813656, 4.889621], [45.812674, 4.890086], [45.812779, 4.889564], [45.812818, 4.889564]]"
51.0,"[[45.812645, 4.891813], [45.812058, 4.891516], [45.812666, 4.891227], [45.812707, 4.891334]]"
52.0,"[[45.831363, 4.879624], [45.831527, 4.879646], [45.831595, 4.879914], [45.831475, 4.879871], [45.831412, 4.879785]]"
53.0,"[[45.831423, 4.879378], [45.831714, 4.879125], [45.831729, 4.879249], [45.831722, 4.879292]]"
54.0,"[[45.831266, 4.879458], [45.831191, 4.87956], [45.831262, 4.879345]]"
55.0,
56.0,"[[45.779975, 4.923827], [45.777932, 4.922304], [45.779698, 4.922883], [45.780102, 4.923827]]"
57.0,"[[45.703976, 4.853575], [45.68734, 4.84614], [45.695771, 4.840561], [45.703182, 4.840657], [45.707404, 4.843672], [45.706044, 4.852706]]"
58.0,"[[45.697191, 4.861224], [45.698263, 4.873585], [45.692766, 4.872072], [45.692652, 4.871819], [45.692993, 4.866589]]"
59.0,"[[45.81392, 4.818352], [45.814396, 4.817697], [45.816776, 4.816389], [45.816278, 4.818399], [45.814826, 4.821442], [45.81451, 4.820412]]"
60.0,"[[45.825297, 4.827063], [45.827002, 4.827205], [45.825547, 4.829275], [45.825486, 4.829327], [45.822653, 4.829099], [45.822569, 4.829083], [45.825241, 4.827097]]"
61.0,"[[45.821943, 4.819339], [45.826047, 4.819361], [45.825165, 4.822225], [45.821076, 4.824285], [45.821552, 4.819686], [45.821804, 4.819386]]"
62.0,"[[45.849, 4.855166], [45.847893, 4.854079], [45.849122, 4.854208], [45.8495, 4.854833], [45.849387, 4.854986]]"
63.0,"[[45.723055, 4.97], [45.716262, 4.971858], [45.720802, 4.96788]]"
64.0,"[[45.84762, 4.828759], [45.850654, 4.829628], [45.850415, 4.829649], [45.849511, 4.829682], [45.848801, 4.829553], [45.84755, 4.828995], [45.847553, 4.828898]]"
65.0,"[[45.833015, 4.844498], [45.835755, 4.846011], [45.834808, 4.847663], [45.834452, 4.848238], [45.834255, 4.848397], [45.830989, 4.850873], [45.829502, 4.849666], [45.829566, 4.849386], [45.829644, 4.849055], [45.831625, 4.845056]]"
66.0,"[[45.732816, 4.948052], [45.732164, 4.947785], [45.73275, 4.947102]]"
67.0,"[[45.730988, 4.937753], [45.731205, 4.938919], [45.730284, 4.939877], [45.725019, 4.939792], [45.728027, 4.938022]]"
68.0,
69.0,"[[45.73593, 4.786863], [45.726506, 4.780147], [45.733055, 4.782222]]"
70.0,
71.0,
72.0,
73.0,
74.0,
75.0,
76.0,
77.0,
78.0,
79.0,
80.0,"[[45.733016, 4.951447], [45.733503, 4.95161], [45.733505, 4.952177], [45.733103, 4.95203]]"
81.0,"[[45.835763, 4.836447], [45.83463, 4.835958], [45.835625, 4.835191], [45.836605, 4.83468], [45.836259, 4.835711], [45.836072, 4.836019]]"
82.0,"[[45.834753, 4.83349], [45.834899, 4.833297], [45.834248, 4.834628], [45.834219, 4.834671], [45.834656, 4.833641]]"
83.0,"[[45.796886, 4.780138], [45.798293, 4.776096], [45.799277, 4.777047], [45.799277, 4.77705], [45.799083, 4.777752], [45.799011, 4.777944], [45.796977, 4.780413], [45.796955, 4.780433]]"
84.0,
85.0,"[[45.845338, 4.836997], [45.845061, 4.837061], [45.844922, 4.836905], [45.844896, 4.836704], [45.844911, 4.836671], [45.844967, 4.836639], [45.84503, 4.836693], [45.845297, 4.836922]]"
86.0,"[[45.843888, 4.836666], [45.84273, 4.836333], [45.842963, 4.836047], [45.843636, 4.836199]]"
87.0,"[[45.843888, 4.836666], [45.844391, 4.836688], [45.844343, 4.836886], [45.844166, 4.836944]]"
88.0,"[[45.800354, 4.769762], [45.800666, 4.769666], [45.802829, 4.769976], [45.802851, 4.770029], [45.800833, 4.769833]]"
89.0,"[[45.799922, 4.764163], [45.800036, 4.764102], [45.800136, 4.76413], [45.800283, 4.764688], [45.799661, 4.766336], [45.799472, 4.766555], [45.799886, 4.764322]]"
90.0,"[[45.803791, 4.774577], [45.807092, 4.770353], [45.806999, 4.770833], [45.80529, 4.77343], [45.80526, 4.773473]]"
91.0,"[[45.730816, 4.94934], [45.731039, 4.949599], [45.730853, 4.949619]]"
92.0,"[[45.731433, 4.949572], [45.731566, 4.949511], [45.73178, 4.949863], [45.731861, 4.950066], [45.731875, 4.95013], [45.73183, 4.950222], [45.731469, 4.950108]]"
93.0,"[[45.81685, 4.764219], [45.815401, 4.761191], [45.818206, 4.759676], [45.81858, 4.760402], [45.817658, 4.763444]]"
94.0,"[[45.7297, 4.953825], [45.729713, 4.953375], [45.730415, 4.95351], [45.729905, 4.954047]]"
95.0,"[[45.837566, 4.826916], [45.837475, 4.826963], [45.8375, 4.826944]]"
96.0,"[[45.815569, 4.769947], [45.816513, 4.768783], [45.817711, 4.769263], [45.817505, 4.769563], [45.816013, 4.770294]]"
97.0,"[[45.81884, 4.767197], [45.819296, 4.766854], [45.819393, 4.766896], [45.819401, 4.767175], [45.819094, 4.767347], [45.818967, 4.767411]]"
98.0,"[[45.729911, 4.951527], [45.729756, 4.951295], [45.729891, 4.951069], [45.729961, 4.951183], [45.729952, 4.951277]]"
99.0,"[[45.729675, 4.951588], [45.729438, 4.951558], [45.729498, 4.95155]]"
100.0,"[[45.7363, 4.934463], [45.731333, 4.931666], [45.73568, 4.93133], [45.738906, 4.932375], [45.7375, 4.933669]]"
101.0,
102.0,"[[45.820605, 4.766521], [45.820425, 4.766489], [45.820463, 4.766472]]"
103.0,"[[45.820441, 4.766158], [45.82053, 4.766113], [45.820575, 4.766355], [45.820481, 4.766258]]"
104.0,"[[45.732291, 4.95283], [45.732105, 4.952686], [45.732186, 4.952566], [45.732311, 4.952466], [45.732322, 4.952463], [45.732402, 4.952505], [45.732491, 4.952841]]"
105.0,"[[45.732594, 4.953055], [45.732941, 4.953133], [45.732947, 4.953455], [45.732941, 4.95358], [45.732777, 4.95365], [45.732598, 4.953306]]"
106.0,"[[45.710494, 4.837417], [45.712337, 4.834585], [45.712607, 4.834756], [45.712502, 4.835357], [45.712082, 4.836087], [45.711588, 4.836537]]"
107.0,"[[45.731139, 4.951722], [45.731108, 4.951916], [45.731019, 4.951911], [45.730914, 4.951651], [45.73104, 4.951608], [45.731065, 4.951625]]"
108.0,"[[45.731452, 4.95184], [45.731288, 4.951958], [45.73142, 4.951693]]"
109.0,"[[45.798833, 4.8075], [45.7935, 4.807833], [45.797915, 4.802366]]"
110.0,"[[45.731205, 4.953452], [45.731136, 4.953475], [45.731113, 4.953455], [45.731075, 4.953361], [45.731066, 4.953336], [45.731066, 4.953327], [45.731125, 4.953197], [45.731163, 4.953269]]"
111.0,"[[45.7309, 4.952848], [45.731086, 4.952788], [45.731169, 4.952811], [45.731183, 4.952998], [45.731052, 4.953011]]"
112.0,"[[45.73093, 4.952327], [45.730959, 4.952281], [45.731005, 4.952286], [45.730933, 4.952352]]"
113.0,
114.0,
115.0,
116.0,
117.0,
118.0,"[[45.730975, 4.951094], [45.73106, 4.951231], [45.731018, 4.951164]]"
119.0,"[[45.73083, 4.951191], [45.73095, 4.951094], [45.730975, 4.951094], [45.730936, 4.951153], [45.730883, 4.951208], [45.730831, 4.951196]]"
120.0,
121.0,"[[45.847897, 4.851994], [45.847911, 4.85198], [45.847922, 4.851988], [45.847925, 4.851994], [45.847911, 4.851997]]"
122.0,"[[45.847888, 4.85198], [45.847897, 4.852011], [45.84788, 4.852019], [45.847877, 4.852019], [45.847863, 4.851986], [45.847875, 4.85198]]"
123.0,"[[45.702708, 4.809069], [45.699945, 4.808009], [45.702223, 4.807484], [45.702755, 4.8075]]"
124.0,"[[45.702043, 4.80978], [45.700799, 4.811925], [45.700304, 4.811378], [45.69996, 4.810037], [45.700211, 4.809851]]"
125.0,"[[45.811138, 4.842011], [45.811216, 4.842307], [45.810919, 4.842344], [45.810913, 4.842305], [45.811011, 4.842094]]"
126.0,
127.0,"[[45.704396, 4.890031], [45.704789, 4.887443], [45.708888, 4.887777], [45.704995, 4.889785]]"
128.0,"[[45.77741, 4.767089], [45.776333, 4.767667], [45.7765, 4.766894], [45.776944, 4.76666]]"
129.0,"[[45.775507, 4.769203], [45.776167, 4.768], [45.775962, 4.768687]]"
130.0,"[[45.740688, 4.919966], [45.737907, 4.918141], [45.739832, 4.915995], [45.741202, 4.916112]]"
131.0,"[[45.768525, 4.76621], [45.768361, 4.767519], [45.767332, 4.767283], [45.765517, 4.76651], [45.761666, 4.761111], [45.766667, 4.763833]]"
132.0,"[[45.837261, 4.826333], [45.837263, 4.826402], [45.837258, 4.826452], [45.837202, 4.826444], [45.837188, 4.826397], [45.837197, 4.826352]]"
133.0,"[[45.815569, 4.847397], [45.815577, 4.847361], [45.815625, 4.847377], [45.815636, 4.847386], [45.815638, 4.847433], [45.815583, 4.847432]]"
134.0,"[[45.8157, 4.847641], [45.815558, 4.847611], [45.815586, 4.847486], [45.815686, 4.847605]]"
135.0,"[[45.837272, 4.826188], [45.837222, 4.826111], [45.837291, 4.826055], [45.837294, 4.82612]]"
136.0,"[[45.83718, 4.826702], [45.837197, 4.826661], [45.837216, 4.82665], [45.837225, 4.826647], [45.837277, 4.826638], [45.837277, 4.826716], [45.837258, 4.826775], [45.837255, 4.826777], [45.837213, 4.826752], [45.837191, 4.826736]]"
137.0,"[[45.7255, 4.921833], [45.722544, 4.921741], [45.727105, 4.9198], [45.727296, 4.919793], [45.727569, 4.92]]"
138.0,"[[45.837463, 4.826053], [45.837485, 4.826012], [45.837497, 4.826044], [45.837511, 4.826086], [45.837466, 4.826083]]"
139.0,"[[45.837545, 4.82613], [45.837563, 4.826086], [45.837591, 4.826138], [45.837572, 4.826177], [45.837561, 4.826177]]"
140.0,"[[45.837613, 4.826213], [45.837638, 4.826179], [45.837646, 4.826173], [45.837638, 4.826197], [45.837633, 4.826205]]"
141.0,"[[45.83741, 4.826163], [45.837419, 4.826127], [45.837438, 4.826152], [45.837447, 4.826205], [45.837418, 4.826184]]"
142.0,
143.0,
144.0,
145.0,
146.0,
147.0,"[[45.716626, 4.873732], [45.709685, 4.873509], [45.709745, 4.871331], [45.711798, 4.869582], [45.715837, 4.86993]]"
148.0,
149.0,"[[45.760651, 4.776207], [45.761916, 4.778007], [45.761572, 4.778398], [45.760816, 4.777486], [45.760734, 4.777314]]"
150.0,"[[45.760833, 4.775277], [45.760555, 4.775555], [45.760555, 4.774722], [45.760637, 4.774492], [45.760833, 4.774722]]"
151.0,"[[45.83743, 4.82644], [45.837418, 4.826409], [45.83744, 4.826388], [45.837458, 4.826408]]"
152.0,
153.0,"[[45.837441, 4.826477], [45.837477, 4.826508], [45.837475, 4.826513], [45.837411, 4.826505], [45.837427, 4.826488]]"
154.0,"[[45.837536, 4.826622], [45.837519, 4.826597], [45.837547, 4.826569], [45.837569, 4.826575], [45.837558, 4.826616]]"
155.0,"[[45.837463, 4.826592], [45.837475, 4.826591], [45.837486, 4.826611], [45.8375, 4.826641], [45.83747, 4.826613]]"
156.0,"[[45.83748, 4.826669], [45.8375, 4.826666], [45.8375, 4.826683], [45.837483, 4.826677]]"
157.0,"[[45.837569, 4.82653], [45.837583, 4.826486], [45.837586, 4.826513], [45.837572, 4.826533]]"
158.0,"[[45.837555, 4.826486], [45.83753, 4.826499], [45.837519, 4.826486], [45.837505, 4.826447], [45.837513, 4.826422], [45.837528, 4.826433], [45.837547, 4.826452]]"
159.0,"[[45.714111, 4.8839], [45.713883, 4.882669], [45.714261, 4.882138], [45.715305, 4.880827], [45.715513, 4.880933], [45.716961, 4.882216], [45.715864, 4.884823], [45.715122, 4.885911]]"
160.0,"[[45.756356, 4.910971], [45.75878, 4.913549], [45.757485, 4.916542], [45.756565, 4.91415], [45.756455, 4.913358]]"
161.0,
162.0,"[[45.71397, 4.899952], [45.71375, 4.901308], [45.712325, 4.902183], [45.712202, 4.902233], [45.713269, 4.900747]]"
163.0,"[[45.718, 4.8905], [45.718887, 4.891021], [45.718833, 4.891], [45.718392, 4.890751]]"
164.0,"[[45.764641, 4.923166], [45.764648, 4.923055], [45.765258, 4.923173], [45.765292, 4.923484], [45.76491, 4.923419]]"
165.0,"[[45.761097, 4.920898], [45.761272, 4.921852], [45.761056, 4.923419], [45.760113, 4.923634], [45.760427, 4.921338]]"
166.0,
167.0,
168.0,
169.0,
170.0,
171.0,"[[45.763813, 4.923858], [45.763894, 4.923861], [45.763888, 4.923888]]"
172.0,"[[45.717947, 4.895647], [45.718083, 4.895374], [45.718413, 4.895469], [45.718238, 4.895613], [45.717968, 4.89575]]"
173.0,"[[45.718963, 4.895444], [45.718797, 4.895441], [45.718752, 4.895394], [45.718644, 4.895222], [45.718661, 4.895177], [45.718872, 4.895027], [45.718911, 4.895088]]"
174.0,"[[45.718822, 4.894691], [45.718827, 4.894522], [45.718877, 4.894552], [45.718991, 4.894638], [45.718838, 4.894697], [45.718833, 4.894697], [45.718827, 4.894694]]"
175.0,"[[45.763644, 4.923883], [45.763611, 4.923833], [45.763638, 4.923861]]"
176.0,
177.0,
178.0,
179.0,
180.0,"[[45.785467, 4.793515], [45.786216, 4.793858], [45.784166, 4.794444], [45.784166, 4.794166], [45.785, 4.793638]]"
181.0,"[[45.759036, 4.927913], [45.759052, 4.927705], [45.759075, 4.927705], [45.759077, 4.927713], [45.759086, 4.927758], [45.759052, 4.927938]]"
182.0,"[[45.759086, 4.9282], [45.758991, 4.928391], [45.759016, 4.928086]]"
183.0,
184.0,
185.0,"[[45.789447, 4.797356], [45.787025, 4.799438], [45.787205, 4.795819], [45.788333, 4.796], [45.789166, 4.797]]"
186.0,"[[45.787712, 4.800796], [45.789469, 4.79992], [45.788556, 4.800671], [45.788399, 4.800757]]"
187.0,"[[45.740719, 4.792761], [45.73928, 4.79303], [45.740333, 4.791577], [45.740719, 4.792708]]"
188.0,"[[45.717725, 4.894724], [45.717736, 4.894711], [45.717763, 4.894713], [45.717827, 4.895005], [45.717825, 4.895011], [45.717794, 4.895058], [45.717786, 4.895063], [45.717661, 4.895027], [45.717652, 4.894863], [45.717652, 4.894855]]"
189.0,"[[45.734494, 4.798344], [45.736333, 4.797333], [45.736333, 4.798], [45.736103, 4.798417]]"
190.0,"[[45.736944, 4.795555], [45.7375, 4.794722], [45.737222, 4.795555]]"
191.0,
192.0,"[[45.766288, 4.907377], [45.766261, 4.907372], [45.766277, 4.90735], [45.766351, 4.907337], [45.766291, 4.907377]]"
193.0,"[[45.784823, 4.899387], [45.781972, 4.897715], [45.782687, 4.894961], [45.784629, 4.891029], [45.787157, 4.892499], [45.787846, 4.894151], [45.788474, 4.896919]]"
194.0,"[[45.718105, 4.894488], [45.717927, 4.894355], [45.717886, 4.89423], [45.717869, 4.894144], [45.717872, 4.894047], [45.71788, 4.893936], [45.718027, 4.893752], [45.718125, 4.893763], [45.718205, 4.893838], [45.718211, 4.893855], [45.718122, 4.894455]]"
195.0,"[[45.718002, 4.894672], [45.7181, 4.894591], [45.718033, 4.894711], [45.718022, 4.894727], [45.718002, 4.894713]]"
196.0,
197.0,"[[45.735721, 4.893894], [45.7379, 4.890536], [45.745305, 4.892542], [45.73645, 4.896439]]"
198.0,"[[45.765611, 4.794402], [45.765291, 4.791822], [45.765808, 4.791908], [45.768897, 4.794377]]"
199.0,"[[45.721221, 4.879367], [45.720833, 4.880833], [45.720517, 4.880794], [45.719958, 4.878786], [45.719969, 4.878677], [45.719994, 4.878661]]"
200.0,"[[45.72218, 4.854269], [45.722955, 4.852145], [45.724994, 4.853899], [45.724861, 4.854152]]"
201.0,
202.0,
203.0,"[[45.7208, 4.875308], [45.720841, 4.875172], [45.721184, 4.875472], [45.720952, 4.87544]]"
204.0,"[[45.721184, 4.875472], [45.721433, 4.8757], [45.721416, 4.875826], [45.721296, 4.875751]]"
205.0,"[[45.76378, 4.900417], [45.762583, 4.90355], [45.760457, 4.902681], [45.758784, 4.901533], [45.758574, 4.90135], [45.757044, 4.89973], [45.756606, 4.896871], [45.758002, 4.896962]]"
206.0,"[[45.733954, 4.848425], [45.735874, 4.857008], [45.734837, 4.857845], [45.732333, 4.858991], [45.732272, 4.858977], [45.732115, 4.85881], [45.730797, 4.857319], [45.729425, 4.854519], [45.732138, 4.850219]]"
207.0,"[[45.728487, 4.875129], [45.725333, 4.875333], [45.725, 4.875], [45.723186, 4.871499], [45.723, 4.871], [45.725342, 4.870698]]"
208.0,"[[45.756402, 4.79679], [45.756475, 4.798364], [45.75592, 4.80057], [45.755588, 4.79953], [45.755688, 4.79793]]"
209.0,"[[45.749162, 4.803278], [45.749167, 4.802833], [45.749333, 4.802833], [45.7495, 4.803], [45.7495, 4.803167], [45.749463, 4.803463], [45.749431, 4.803541], [45.749259, 4.803646], [45.749218, 4.803517]]"
210.0,"[[45.749027, 4.802524], [45.749003, 4.802593], [45.748934, 4.80262], [45.748916, 4.802589], [45.748877, 4.802347], [45.748981, 4.802464]]"
211.0,"[[45.715289, 4.81405], [45.715502, 4.80885], [45.717844, 4.809988], [45.71835, 4.814736], [45.718308, 4.815348], [45.717401, 4.815262], [45.715394, 4.814769]]"
212.0,"[[45.713166, 4.803], [45.714819, 4.801324], [45.716111, 4.802777], [45.714344, 4.806656], [45.714298, 4.80669], [45.713166, 4.803999]]"
213.0,"[[45.719722, 4.831388], [45.717911, 4.833512], [45.718312, 4.832932]]"
214.0,"[[45.788809, 4.878133], [45.78799, 4.88015], [45.787846, 4.880043], [45.787682, 4.878628], [45.788399, 4.878294]]"
215.0,"[[45.795869, 4.8466], [45.796538, 4.847983], [45.793908, 4.850549], [45.793531, 4.850206], [45.794267, 4.848528]]"
216.0,"[[45.799041, 4.849294], [45.801402, 4.850827], [45.799847, 4.851241]]"
217.0,"[[45.798649, 4.845697], [45.798999, 4.844831], [45.799281, 4.845636], [45.7993, 4.84577], [45.799488, 4.847211], [45.799347, 4.84715]]"
218.0,"[[45.785494, 4.885935], [45.786038, 4.887591], [45.785998, 4.887966], [45.785552, 4.888455], [45.784233, 4.887899], [45.784241, 4.88742], [45.784958, 4.886019]]"
219.0,"[[45.797566, 4.843152], [45.797858, 4.842625], [45.798058, 4.843019], [45.798008, 4.84323], [45.7979, 4.843466], [45.797566, 4.843244]]"
220.0,"[[45.797344, 4.843694], [45.797597, 4.843427], [45.797735, 4.843887], [45.797558, 4.843891], [45.797397, 4.843801]]"
221.0,"[[45.796097, 4.829058], [45.79594, 4.829725], [45.795474, 4.829427], [45.795386, 4.829305], [45.795663, 4.828888]]"
222.0,"[[45.797213, 4.829975], [45.797358, 4.830913], [45.797271, 4.831613], [45.796493, 4.832482], [45.796003, 4.83246], [45.795933, 4.832402], [45.795963, 4.831297], [45.795988, 4.83115], [45.796475, 4.830216], [45.796568, 4.830111]]"
223.0,"[[45.797799, 4.829778], [45.798469, 4.829322], [45.798888, 4.829444], [45.798888, 4.829722]]"
224.0,"[[45.797313, 4.841902], [45.79723, 4.842136], [45.797138, 4.842088], [45.7971, 4.841902], [45.797077, 4.841749], [45.79713, 4.841594], [45.797261, 4.841791]]"
225.0,"[[45.797119, 4.834194], [45.796987, 4.834756], [45.79653, 4.834569], [45.796425, 4.834263], [45.796616, 4.834188], [45.796853, 4.834156]]"
226.0,"[[45.798144, 4.833982], [45.797918, 4.834134], [45.797558, 4.833794], [45.797458, 4.833673], [45.797496, 4.833254], [45.797601, 4.833104], [45.797675, 4.833061], [45.797803, 4.833072], [45.797908, 4.833211], [45.798049, 4.833426]]"
227.0,
228.0,"[[45.796793, 4.841451], [45.796823, 4.841365], [45.796955, 4.841272], [45.796938, 4.841316]]"
229.0,"[[45.740023, 4.845432], [45.739117, 4.846837], [45.737511, 4.845732], [45.736844, 4.84452], [45.738883, 4.844705]]"
230.0,"[[45.735901, 4.845829], [45.731991, 4.845108], [45.733672, 4.845044]]"
231.0,"[[45.737211, 4.86146], [45.739806, 4.858982], [45.740979, 4.859771], [45.739955, 4.861013], [45.737353, 4.861643]]"
232.0,"[[45.736807, 4.805316], [45.736619, 4.805059], [45.738941, 4.806025], [45.740833, 4.807], [45.737855, 4.806196], [45.737511, 4.806005]]"
233.0,"[[45.782504, 4.879206], [45.785003, 4.881191], [45.785044, 4.881938], [45.785033, 4.882135], [45.784108, 4.883563], [45.783481, 4.883009]]"
234.0,"[[45.748177, 4.812644], [45.747044, 4.81133], [45.747666, 4.810833], [45.749166, 4.8115], [45.750163, 4.812344]]"
235.0,"[[45.751662, 4.887907], [45.750243, 4.889028], [45.749133, 4.888144], [45.748655, 4.886322], [45.750297, 4.885586]]"
236.0,"[[45.753585, 4.888744], [45.75561, 4.889141], [45.753855, 4.889345]]"
237.0,"[[45.757193, 4.890906], [45.757167, 4.889167], [45.757667, 4.888833], [45.757833, 4.888833], [45.759, 4.889333], [45.758166, 4.890833]]"
238.0,"[[45.759061, 4.888333], [45.7575, 4.885833], [45.757819, 4.885133], [45.758127, 4.884866], [45.758163, 4.884855], [45.75887, 4.88712]]"
239.0,"[[45.791563, 4.820125], [45.792094, 4.819205], [45.7925, 4.819444], [45.792866, 4.820136], [45.792873, 4.820197], [45.792888, 4.820352], [45.792869, 4.82103]]"
240.0,"[[45.733172, 4.879555], [45.732802, 4.877161], [45.734027, 4.877233], [45.735686, 4.877858], [45.7355, 4.8785]]"
241.0,"[[45.738441, 4.878455], [45.737758, 4.877111], [45.73807, 4.876359], [45.7386, 4.8759], [45.738833, 4.875833], [45.740438, 4.875702], [45.740508, 4.875852]]"
242.0,"[[45.735211, 4.872895], [45.733796, 4.87396], [45.73515, 4.871619], [45.735188, 4.871658]]"
243.0,"[[45.730628, 4.872779], [45.732495, 4.873929], [45.7314, 4.874142], [45.731048, 4.87353]]"
244.0,"[[45.773516, 4.793408], [45.773943, 4.792613], [45.774886, 4.794341], [45.773541, 4.793827]]"
245.0,"[[45.776503, 4.7983], [45.778703, 4.798203], [45.777446, 4.798514]]"
246.0,"[[45.776255, 4.797751], [45.77563, 4.796763], [45.776338, 4.795424], [45.777266, 4.795241]]"
247.0,"[[45.732362, 4.864722], [45.732558, 4.865083], [45.732373, 4.865194]]"
248.0,"[[45.732845, 4.864786], [45.732665, 4.864325], [45.732958, 4.86425], [45.732987, 4.864454]]"
249.0,"[[45.742928, 4.877934], [45.743437, 4.878948], [45.743119, 4.879347], [45.742459, 4.879586], [45.742558, 4.878308], [45.742722, 4.878133]]"
250.0,"[[45.742382, 4.880536], [45.741833, 4.881333], [45.742232, 4.880676]]"
251.0,"[[45.785459, 4.832782], [45.786708, 4.832246], [45.78595, 4.834202], [45.785534, 4.833319]]"
252.0,
253.0,
254.0,"[[45.725888, 4.842342], [45.724195, 4.842245], [45.724262, 4.841934], [45.725281, 4.840421], [45.725745, 4.839756], [45.726247, 4.840346]]"
255.0,
256.0,
257.0,"[[45.753196, 4.883068], [45.751961, 4.882383], [45.752155, 4.882071], [45.753039, 4.881148], [45.7536, 4.8807], [45.754691, 4.880836], [45.754772, 4.880916], [45.754775, 4.880927], [45.753458, 4.882864]]"
258.0,"[[45.754038, 4.876261], [45.753333, 4.878333], [45.75262, 4.87927], [45.751266, 4.879666], [45.752754, 4.876588]]"
259.0,"[[45.755958, 4.87411], [45.757008, 4.872811], [45.7574, 4.872711], [45.757988, 4.872977], [45.758033, 4.873088], [45.758122, 4.873383], [45.757686, 4.874375], [45.757488, 4.874513], [45.756166, 4.874166]]"
260.0,"[[45.7555, 4.875833], [45.755666, 4.875666], [45.756, 4.876], [45.755666, 4.876]]"
261.0,"[[45.755949, 4.876727], [45.7564, 4.877725], [45.75605, 4.877214]]"
262.0,"[[45.775573, 4.8626], [45.775736, 4.86352], [45.774761, 4.863456], [45.773547, 4.862662], [45.774624, 4.862158], [45.774643, 4.862152]]"
263.0,"[[45.741382, 4.826109], [45.739255, 4.826431], [45.738641, 4.825519], [45.738604, 4.82542], [45.738417, 4.824907], [45.738641, 4.824843], [45.739819, 4.825161]]"
264.0,"[[45.732222, 4.839444], [45.731944, 4.839444], [45.7313, 4.838688], [45.7313, 4.838674], [45.731383, 4.838475], [45.731972, 4.838513], [45.73243, 4.839008], [45.732533, 4.83913], [45.7325, 4.839166]]"
265.0,"[[45.730555, 4.840555], [45.730555, 4.84], [45.730833, 4.840277], [45.730833, 4.840833]]"
266.0,"[[45.731388, 4.840833], [45.731111, 4.840833], [45.731347, 4.840571], [45.731388, 4.840555]]"
267.0,
268.0,
269.0,
270.0,"[[45.750812, 4.87426], [45.749472, 4.874597], [45.751288, 4.873002], [45.752363, 4.872441], [45.752094, 4.873269], [45.751777, 4.873633]]"
271.0,"[[45.747896, 4.876567], [45.747177, 4.875515], [45.747252, 4.87425], [45.747258, 4.874183], [45.747261, 4.874175], [45.74745, 4.874138]]"
272.0,"[[45.748128, 4.880343], [45.748082, 4.877699], [45.74845, 4.876856], [45.749393, 4.876234], [45.749288, 4.876803], [45.74833, 4.879785]]"
273.0,"[[45.768146, 4.866233], [45.769952, 4.86508], [45.770894, 4.866277], [45.770651, 4.867243], [45.769338, 4.86676]]"
274.0,"[[45.775908, 4.867922], [45.775148, 4.868981], [45.773663, 4.8688], [45.773547, 4.868638], [45.773491, 4.868504], [45.77365, 4.867123], [45.77378, 4.866444], [45.773808, 4.866366], [45.773822, 4.866363], [45.774047, 4.866375], [45.7753, 4.867177]]"
275.0,"[[45.765186, 4.870025], [45.763788, 4.868381], [45.763851, 4.867682], [45.763915, 4.867308], [45.764988, 4.866936], [45.765408, 4.866954], [45.765333, 4.868333]]"
276.0,"[[45.761284, 4.873208], [45.762608, 4.872092], [45.76313, 4.872422], [45.76369, 4.873466], [45.762837, 4.874078]]"
277.0,"[[45.767455, 4.874488], [45.767066, 4.875805], [45.765791, 4.875113], [45.765038, 4.874024], [45.76614, 4.873487], [45.766902, 4.873163]]"
278.0,
279.0,
280.0,
281.0,"[[45.772073, 4.876792], [45.771728, 4.876899], [45.770381, 4.876502], [45.770232, 4.876309], [45.770089, 4.875743], [45.771362, 4.876191], [45.771888, 4.876613]]"
282.0,"[[45.771886, 4.86999], [45.770928, 4.870455], [45.771089, 4.869239], [45.771264, 4.869174]]"
283.0,"[[45.77093, 4.872702], [45.770626, 4.871449], [45.772009, 4.8722], [45.77205, 4.872468], [45.771913, 4.872958], [45.771663, 4.873047]]"
284.0,"[[45.76878, 4.884248], [45.767814, 4.883562], [45.768591, 4.88208], [45.768929, 4.881877], [45.76914, 4.882329]]"
285.0,"[[45.746065, 4.849766], [45.74374, 4.84894], [45.745058, 4.847792], [45.745555, 4.8475], [45.74562, 4.847567]]"
286.0,"[[45.782317, 4.812641], [45.785706, 4.810874], [45.787904, 4.811316], [45.788819, 4.814972], [45.783319, 4.814222], [45.782466, 4.81332]]"
287.0,"[[45.77189, 4.880095], [45.771354, 4.879388], [45.771901, 4.87926], [45.772686, 4.879281], [45.772611, 4.879689]]"
288.0,"[[45.768234, 4.877447], [45.768536, 4.878063], [45.768416, 4.878077]]"
289.0,"[[45.740693, 4.833984], [45.738533, 4.832802], [45.740059, 4.832505]]"
290.0,"[[45.769008, 4.880211], [45.769206, 4.879764], [45.769166, 4.880166]]"
291.0,"[[45.76925, 4.87945], [45.769528, 4.879302], [45.769678, 4.879452], [45.769625, 4.87956], [45.769386, 4.879658], [45.769305, 4.879561]]"
292.0,"[[45.769798, 4.878959], [45.769768, 4.87868], [45.76979, 4.878852]]"
293.0,
294.0,"[[45.724555, 4.825379], [45.721925, 4.825894], [45.722602, 4.824361], [45.72332, 4.823748], [45.723858, 4.823598], [45.724667, 4.824199], [45.724667, 4.8242]]"
295.0,"[[45.74045, 4.838168], [45.741, 4.838999], [45.74094, 4.83923], [45.740551, 4.839391], [45.739388, 4.839333], [45.739326, 4.839231], [45.739443, 4.838795], [45.739603, 4.838575]]"
296.0,"[[45.739585, 4.840422], [45.739844, 4.840241], [45.7399, 4.840544], [45.739911, 4.840722], [45.7399, 4.84073], [45.739894, 4.840733], [45.73985, 4.840752]]"
297.0,
298.0,"[[45.725909, 4.829217], [45.725663, 4.828442], [45.725798, 4.828695], [45.725909, 4.828938]]"
299.0,"[[45.73128, 4.83083], [45.731623, 4.830377], [45.731812, 4.830894], [45.731885, 4.831525], [45.731722, 4.831495], [45.731631, 4.831364]]"
300.0,
301.0,"[[45.724667, 4.830036], [45.724144, 4.830055], [45.724144, 4.829911], [45.724177, 4.829711], [45.724227, 4.82953], [45.724433, 4.829419], [45.72465, 4.829686]]"
302.0,"[[45.73495, 4.835604], [45.735294, 4.834864], [45.735646, 4.835046], [45.735211, 4.835775]]"
303.0,"[[45.73775, 4.834911], [45.738439, 4.834842], [45.738798, 4.835035], [45.738941, 4.835186], [45.738911, 4.835507], [45.738117, 4.835979], [45.737938, 4.835636], [45.737788, 4.835199]]"
304.0,"[[45.738875, 4.837313], [45.738443, 4.837846], [45.737833, 4.837666], [45.7375, 4.837499], [45.736663, 4.837077], [45.738394, 4.836838]]"
305.0,"[[45.73188, 4.832736], [45.731827, 4.833408], [45.731188, 4.833597], [45.73104, 4.833512], [45.730902, 4.832955], [45.731497, 4.832707], [45.731772, 4.832694]]"
306.0,"[[45.736191, 4.838766], [45.735333, 4.838999], [45.735333, 4.838666], [45.7365, 4.837938], [45.73641, 4.838361]]"
307.0,
308.0,
309.0,"[[45.736827, 4.840708], [45.736574, 4.840593], [45.736698, 4.840499], [45.736888, 4.840394]]"
310.0,"[[45.767433, 4.879474], [45.767472, 4.879517], [45.767448, 4.879496]]"
311.0,"[[45.767333, 4.8795], [45.767413, 4.879544], [45.767358, 4.879539], [45.767357, 4.879538]]"
312.0,
313.0,"[[45.734043, 4.832278], [45.733437, 4.832428], [45.733646, 4.832139]]"
314.0,"[[45.728036, 4.830411], [45.72805, 4.83055], [45.727847, 4.830771], [45.727691, 4.830763], [45.727694, 4.830652], [45.727955, 4.830466]]"
315.0,
316.0,"[[45.728171, 4.830721], [45.728322, 4.830787], [45.728202, 4.830873]]"
317.0,"[[45.723461, 4.832205], [45.723377, 4.832122], [45.72345, 4.831977]]"
318.0,"[[45.724494, 4.828227], [45.724572, 4.828349], [45.724555, 4.828408], [45.724552, 4.828408], [45.724383, 4.828327], [45.724377, 4.828241], [45.724438, 4.82823]]"
319.0,"[[45.72408, 4.828158], [45.724319, 4.828347], [45.724208, 4.828425], [45.723944, 4.828369], [45.724038, 4.828212]]"
320.0,"[[45.724166, 4.832222], [45.72405, 4.832255], [45.72415, 4.832096]]"
321.0,
322.0,
323.0,
324.0,
325.0,
326.0,"[[45.723769, 4.832238], [45.723799, 4.832246], [45.723798, 4.832246]]"
327.0,"[[45.748161, 4.855686], [45.746458, 4.854266], [45.747836, 4.854755]]"
328.0,"[[45.743208, 4.855916], [45.743051, 4.854787], [45.743433, 4.854047], [45.744916, 4.853628], [45.745388, 4.854004], [45.745919, 4.854884], [45.745535, 4.855429], [45.743456, 4.856117]]"
329.0,"[[45.766961, 4.879555], [45.766662, 4.879716], [45.76652, 4.879614], [45.766452, 4.87956], [45.766523, 4.879469], [45.766636, 4.87942], [45.766669, 4.87941], [45.766909, 4.879474], [45.766924, 4.879496]]"
330.0,"[[45.766297, 4.879399], [45.766345, 4.879503], [45.76613, 4.879592], [45.766019, 4.879636], [45.766018, 4.879565], [45.76613, 4.87941]]"
331.0,"[[45.791653, 4.860748], [45.791077, 4.861269], [45.790583, 4.860611], [45.789791, 4.858941], [45.790894, 4.859852]]"
332.0,"[[45.769962, 4.807532], [45.769887, 4.809313], [45.767021, 4.80551], [45.766879, 4.805037], [45.768833, 4.805]]"
333.0,"[[45.781302, 4.807502], [45.780151, 4.806217], [45.782242, 4.806153], [45.782623, 4.806261], [45.782743, 4.807076], [45.782747, 4.80713], [45.782721, 4.807173], [45.782556, 4.807315]]"
334.0,"[[45.747677, 4.866316], [45.747012, 4.866167], [45.747522, 4.865248], [45.747738, 4.864872], [45.748377, 4.864438]]"
335.0,"[[45.74898, 4.863923], [45.748322, 4.86337], [45.748397, 4.862705], [45.748408, 4.862674], [45.74851, 4.862469], [45.748521, 4.862469], [45.748622, 4.862558], [45.74929, 4.863292], [45.749779, 4.863971], [45.750277, 4.864883], [45.750276, 4.864883]]"
336.0,"[[45.746941, 4.868808], [45.746413, 4.868752], [45.74643, 4.868363]]"
337.0,"[[45.778882, 4.808428], [45.778815, 4.810713], [45.777909, 4.810745], [45.777655, 4.810552], [45.77752, 4.810338], [45.778306, 4.808079], [45.778611, 4.808055]]"
338.0,"[[45.773471, 4.804139], [45.773916, 4.80303], [45.774134, 4.803133], [45.774189, 4.803199], [45.774318, 4.803364], [45.774167, 4.804], [45.774003, 4.804093]]"
339.0,"[[45.778941, 4.80418], [45.778917, 4.803807], [45.779357, 4.803428], [45.780902, 4.802849], [45.781404, 4.803278], [45.781464, 4.804383]]"
340.0,"[[45.777458, 4.802341], [45.777763, 4.803467], [45.777493, 4.803917], [45.777408, 4.803986], [45.77656, 4.804262], [45.777191, 4.802404]]"
341.0,
342.0,"[[45.780087, 4.810273], [45.780304, 4.810123], [45.780252, 4.810209], [45.780169, 4.810338]]"
343.0,"[[45.772204, 4.808164], [45.7725, 4.808008], [45.772305, 4.808153]]"
344.0,
345.0,"[[45.749958, 4.860875], [45.75095, 4.861246], [45.750711, 4.861643], [45.750434, 4.861965], [45.750347, 4.862022], [45.750213, 4.861911], [45.750027, 4.861616]]"
346.0,
347.0,"[[45.772342, 4.81656], [45.772731, 4.815509], [45.77296, 4.816217], [45.772787, 4.816697], [45.772596, 4.817086]]"
348.0,"[[45.745462, 4.869164], [45.745769, 4.868788], [45.745859, 4.868874], [45.745844, 4.869024]]"
349.0,"[[45.747105, 4.85982], [45.747589, 4.859733], [45.749618, 4.85939], [45.749905, 4.859697], [45.7504, 4.860268], [45.747964, 4.860688], [45.747963, 4.860688], [45.747357, 4.860495], [45.747184, 4.86027]]"
350.0,
351.0,"[[45.744999, 4.871556], [45.744897, 4.871256], [45.745008, 4.87117], [45.74517, 4.871149], [45.74541, 4.871322], [45.745437, 4.871524], [45.745365, 4.871621]]"
352.0,"[[45.773611, 4.806111], [45.773888, 4.806111], [45.773835, 4.806141]]"
353.0,
354.0,"[[45.773888, 4.805833], [45.774207, 4.805615], [45.774258, 4.805703], [45.774215, 4.805779], [45.774166, 4.805833], [45.774024, 4.805859]]"
355.0,"[[45.774821, 4.805801], [45.774722, 4.805778], [45.774795, 4.805683]]"
356.0,"[[45.745588, 4.869689], [45.74575, 4.870005], [45.745627, 4.870138], [45.745486, 4.8701], [45.745338, 4.869861], [45.745516, 4.869719]]"
357.0,"[[45.774452, 4.805833], [45.774585, 4.80574], [45.77458, 4.805767], [45.774477, 4.805836]]"
358.0,
359.0,"[[45.777969, 4.868377], [45.77763, 4.867655], [45.7777, 4.867029], [45.778485, 4.86662], [45.778552, 4.866694], [45.778233, 4.868366]]"
360.0,
361.0,"[[45.775036, 4.805673], [45.775023, 4.805696], [45.775023, 4.805675]]"
362.0,"[[45.77387, 4.806538], [45.773798, 4.806384], [45.773888, 4.806388], [45.77398, 4.806609]]"
363.0,
364.0,
365.0,"[[45.775175, 4.805563], [45.775132, 4.805563], [45.775144, 4.805546], [45.775172, 4.805558], [45.775173, 4.805559]]"
366.0,"[[45.769877, 4.862958], [45.770172, 4.861793], [45.770269, 4.861804], [45.770797, 4.86308], [45.770819, 4.863405], [45.770789, 4.863598], [45.770453, 4.863397]]"
367.0,"[[45.769304, 4.863392], [45.769065, 4.863015], [45.769207, 4.863038], [45.769453, 4.863402]]"
368.0,
369.0,"[[45.775079, 4.805566], [45.775086, 4.805562], [45.775094, 4.805564], [45.77508, 4.805568]]"
370.0,
371.0,"[[45.781791, 4.862638], [45.782242, 4.862008], [45.782, 4.863667]]"
372.0,"[[45.779268, 4.878702], [45.779121, 4.878582], [45.77915, 4.878361], [45.779175, 4.878311], [45.779177, 4.878308], [45.779247, 4.878297], [45.779324, 4.878401]]"
373.0,
374.0,
375.0,
376.0,
377.0,
378.0,"[[45.745055, 4.870536], [45.744976, 4.870462], [45.74498, 4.870427], [45.745, 4.870277], [45.745066, 4.870297]]"
379.0,
380.0,"[[45.74532, 4.870387], [45.745398, 4.870483], [45.745372, 4.870563], [45.745215, 4.870634], [45.745184, 4.870584], [45.745178, 4.870537], [45.745217, 4.870484]]"
381.0,"[[45.753288, 4.856414], [45.752522, 4.855839], [45.753278, 4.855699]]"
382.0,"[[45.777797, 4.824958], [45.776874, 4.82348], [45.777274, 4.823166], [45.778423, 4.82348]]"
383.0,"[[45.745088, 4.870816], [45.745, 4.870833], [45.745022, 4.870788]]"
384.0,"[[45.752275, 4.855144], [45.751512, 4.854412], [45.752, 4.8545], [45.752043, 4.85454], [45.752182, 4.854712]]"
385.0,"[[45.751473, 4.853361], [45.752019, 4.8527], [45.751946, 4.853253], [45.751676, 4.853811]]"
386.0,"[[45.745118, 4.87073], [45.745108, 4.870733], [45.745113, 4.87073]]"
387.0,
388.0,"[[45.780547, 4.86263], [45.780205, 4.863197], [45.780125, 4.863113], [45.779808, 4.862713], [45.780272, 4.862311]]"
389.0,"[[45.78152, 4.866235], [45.782333, 4.866166], [45.782318, 4.866214]]"
390.0,"[[45.780902, 4.864733], [45.780394, 4.864755], [45.780424, 4.864283], [45.780753, 4.86454]]"
391.0,"[[45.781, 4.8675], [45.780394, 4.865344], [45.780923, 4.866394], [45.781441, 4.86779]]"
392.0,"[[45.754281, 4.86676], [45.7544, 4.866311], [45.754601, 4.866448], [45.754708, 4.866664], [45.754748, 4.866875], [45.754379, 4.867104]]"
393.0,"[[45.75363, 4.867094], [45.753815, 4.866936], [45.753772, 4.867222]]"
394.0,
395.0,
396.0,"[[45.783405, 4.875569], [45.783177, 4.875032], [45.783192, 4.874984], [45.783699, 4.875347]]"
397.0,"[[45.780583, 4.872019], [45.780473, 4.871974], [45.780555, 4.871944]]"
398.0,"[[45.783511, 4.876158], [45.783444, 4.876061], [45.78348, 4.876063], [45.783596, 4.876073]]"
399.0,"[[45.783832, 4.876513], [45.783469, 4.876427], [45.783611, 4.876438]]"
400.0,"[[45.783678, 4.876846], [45.783558, 4.876708], [45.783678, 4.876781]]"
401.0,
402.0,"[[45.780883, 4.872416], [45.780752, 4.872263], [45.780797, 4.872227], [45.780861, 4.872219], [45.781069, 4.872238], [45.781094, 4.872241], [45.781127, 4.872255], [45.781147, 4.872275], [45.781108, 4.872322], [45.780977, 4.872397], [45.780944, 4.872411]]"
403.0,"[[45.780648, 4.872558], [45.780679, 4.872624], [45.780666, 4.872666]]"
404.0,"[[45.780671, 4.872372], [45.780708, 4.872393], [45.780675, 4.872375]]"
405.0,
406.0,
407.0,
408.0,"[[45.753922, 4.860697], [45.754983, 4.861463], [45.754978, 4.862072], [45.754588, 4.862566], [45.753713, 4.862169], [45.753305, 4.861825], [45.753425, 4.861533]]"
409.0,"[[45.75448, 4.811736], [45.75451, 4.811325], [45.754862, 4.811486], [45.755566, 4.812008], [45.755494, 4.81376], [45.755119, 4.814008], [45.754502, 4.812322]]"
410.0,"[[45.773261, 4.812361], [45.7743, 4.809697], [45.775104, 4.812592], [45.77532, 4.815294], [45.77452, 4.814779], [45.773666, 4.813499]]"
411.0,"[[45.775313, 4.815852], [45.775878, 4.816491], [45.775848, 4.816539], [45.775343, 4.816723], [45.774849, 4.816807], [45.774665, 4.816732], [45.77434, 4.816045], [45.775051, 4.815852]]"
412.0,"[[45.762888, 4.810622], [45.763097, 4.810283], [45.763102, 4.810327], [45.763105, 4.810386], [45.762961, 4.81065], [45.76295, 4.810669], [45.762888, 4.810661]]"
413.0,"[[45.762369, 4.811269], [45.762403, 4.811046], [45.762463, 4.811024], [45.762538, 4.811069], [45.762547, 4.811075], [45.76248, 4.811163], [45.762375, 4.81128]]"
414.0,"[[45.76365, 4.810136], [45.764089, 4.809843], [45.764127, 4.810027], [45.764025, 4.810136]]"
415.0,"[[45.764126, 4.811345], [45.764294, 4.810641], [45.764447, 4.810352], [45.764463, 4.810333], [45.764544, 4.810647], [45.764577, 4.811044], [45.764552, 4.811397], [45.76455, 4.811405], [45.764461, 4.811444]]"
416.0,"[[45.76343, 4.811416], [45.763497, 4.81158], [45.763497, 4.811599], [45.763461, 4.811797], [45.762747, 4.811915], [45.762625, 4.81185], [45.76253, 4.811777], [45.76253, 4.811744], [45.762591, 4.811672], [45.762841, 4.811472], [45.763163, 4.811238]]"
417.0,"[[45.762111, 4.812152], [45.762644, 4.812338], [45.762566, 4.812802], [45.762519, 4.812891], [45.762141, 4.81288], [45.762096, 4.812863], [45.76193, 4.812647], [45.761911, 4.812611], [45.761927, 4.812363], [45.76193, 4.812347], [45.761966, 4.812297], [45.762066, 4.812183], [45.762069, 4.81218]]"
418.0,"[[45.763244, 4.812241], [45.763272, 4.812963], [45.76325, 4.812969], [45.762969, 4.812927], [45.762619, 4.812802], [45.763191, 4.812269]]"
419.0,"[[45.762222, 4.815555], [45.762253, 4.816217], [45.762134, 4.816421], [45.761964, 4.816676], [45.761484, 4.816349], [45.761666, 4.815833], [45.762008, 4.815629]]"
420.0,"[[45.763047, 4.8151], [45.763181, 4.814693], [45.763672, 4.814933], [45.763697, 4.814961], [45.763658, 4.814999], [45.763305, 4.815166], [45.763211, 4.815144]]"
421.0,"[[45.764247, 4.815922], [45.764304, 4.816217], [45.763556, 4.816495], [45.763319, 4.816244], [45.76399, 4.815981]]"
422.0,"[[45.764708, 4.817386], [45.764775, 4.816325], [45.765663, 4.817086], [45.764904, 4.817989]]"
423.0,"[[45.78724, 4.859797], [45.787651, 4.858531], [45.788341, 4.858886], [45.787524, 4.859863]]"
424.0,"[[45.787651, 4.858531], [45.787472, 4.858052], [45.787502, 4.857471], [45.788, 4.857333]]"
425.0,"[[45.771324, 4.820669], [45.771096, 4.820059], [45.7711, 4.819993], [45.771613, 4.819719], [45.771663, 4.819783], [45.771802, 4.820311]]"
426.0,"[[45.747993, 4.843672], [45.748019, 4.844017], [45.748, 4.844333], [45.747735, 4.844489], [45.747666, 4.844166], [45.747666, 4.843833], [45.747833, 4.843666]]"
427.0,"[[45.746735, 4.845904], [45.746402, 4.845464], [45.746855, 4.84478], [45.747086, 4.844799], [45.747166, 4.844822], [45.747019, 4.845508]]"
428.0,"[[45.77119, 4.822483], [45.770845, 4.822472], [45.771122, 4.822279]]"
429.0,"[[45.746485, 4.830551], [45.746323, 4.831967], [45.746009, 4.831924], [45.74553, 4.831731], [45.744804, 4.83024], [45.746337, 4.830444]]"
430.0,"[[45.744804, 4.83024], [45.744141, 4.831252], [45.743813, 4.831222], [45.7438, 4.831211], [45.743683, 4.8311], [45.743722, 4.830927], [45.743766, 4.830794], [45.743838, 4.830622]]"
431.0,
432.0,
433.0,"[[45.745227, 4.841483], [45.745619, 4.841955], [45.745492, 4.842041], [45.745166, 4.842166], [45.744961, 4.842154], [45.744768, 4.841819], [45.74483, 4.841602], [45.744882, 4.84158]]"
434.0,
435.0,"[[45.746486, 4.841701], [45.746498, 4.841833], [45.746288, 4.842124], [45.746247, 4.842119], [45.746197, 4.842066], [45.7462, 4.84195], [45.746205, 4.841866], [45.746329, 4.841776]]"
436.0,"[[45.771713, 4.811926], [45.77062, 4.81231], [45.770626, 4.811325], [45.771392, 4.811448]]"
437.0,"[[45.769658, 4.812695], [45.769955, 4.812452], [45.770292, 4.812548], [45.770336, 4.812591], [45.770297, 4.813116], [45.770215, 4.813776], [45.769667, 4.813]]"
438.0,"[[45.769608, 4.814838], [45.769286, 4.81466], [45.769289, 4.814608], [45.769483, 4.814318], [45.769835, 4.814382], [45.76988, 4.814522]]"
439.0,"[[45.77086, 4.814747], [45.770321, 4.814339], [45.77077, 4.814243], [45.770833, 4.814286]]"
440.0,"[[45.756056, 4.818588], [45.755427, 4.817858], [45.755685, 4.817204], [45.756063, 4.817821], [45.756071, 4.817912]]"
441.0,"[[45.765606, 4.847717], [45.765786, 4.844669], [45.7661, 4.844945], [45.766797, 4.845838], [45.76628, 4.846687]]"
442.0,"[[45.768055, 4.849883], [45.767727, 4.849172], [45.767934, 4.84879], [45.769036, 4.847375], [45.769127, 4.847408], [45.769925, 4.848865], [45.769908, 4.848947], [45.769536, 4.849414], [45.769176, 4.849585]]"
443.0,"[[45.768762, 4.851878], [45.769603, 4.852201], [45.7695, 4.852533], [45.769286, 4.852663], [45.76899, 4.852437]]"
444.0,
445.0,"[[45.769244, 4.851369], [45.769402, 4.851302], [45.769842, 4.851568], [45.769435, 4.851483]]"
446.0,"[[45.779205, 4.82664], [45.779675, 4.826121], [45.780249, 4.826591], [45.780055, 4.82806], [45.779675, 4.828598], [45.779256, 4.82745]]"
447.0,"[[45.778333, 4.8275], [45.778463, 4.828144], [45.778277, 4.828225], [45.777924, 4.828344], [45.777777, 4.828055], [45.778014, 4.827772]]"
448.0,"[[45.777917, 4.827514], [45.777581, 4.827504], [45.777797, 4.827455]]"
449.0,"[[45.748438, 4.837283], [45.748486, 4.837625], [45.748425, 4.837874], [45.747722, 4.837847], [45.747506, 4.837803], [45.747444, 4.837718], [45.747556, 4.837517]]"
450.0,"[[45.755569, 4.847588], [45.755997, 4.847062], [45.756999, 4.847277], [45.755922, 4.847642]]"
451.0,"[[45.747372, 4.818556], [45.746955, 4.81803], [45.747415, 4.817831], [45.74778, 4.817674], [45.748138, 4.817938], [45.747888, 4.818466]]"
452.0,"[[45.770041, 4.845818], [45.770546, 4.845721], [45.7705, 4.845833], [45.770333, 4.845833]]"
453.0,
454.0,
455.0,"[[45.759166, 4.86835], [45.758705, 4.867479], [45.75925, 4.867472], [45.75945, 4.867658], [45.759461, 4.868069]]"
456.0,"[[45.72881, 4.821749], [45.728089, 4.821955], [45.728479, 4.821281], [45.728576, 4.821227]]"
457.0,"[[45.727977, 4.815477], [45.728, 4.8155], [45.728022, 4.815552], [45.728, 4.81552]]"
458.0,
459.0,
460.0,"[[45.7315, 4.8245], [45.731617, 4.825122], [45.731051, 4.82495], [45.730938, 4.824752], [45.730952, 4.824711], [45.731008, 4.824641]]"
461.0,"[[45.746076, 4.834949], [45.745925, 4.834808], [45.745966, 4.834788]]"
462.0,"[[45.749333, 4.850099], [45.749333, 4.849833], [45.750594, 4.849864], [45.750426, 4.849991]]"
463.0,"[[45.738525, 4.817575], [45.738057, 4.81965], [45.737833, 4.819666], [45.737311, 4.819702], [45.73623, 4.818255], [45.736185, 4.817987], [45.736279, 4.817826], [45.736958, 4.817611]]"
464.0,"[[45.74991, 4.847964], [45.750464, 4.847899], [45.75065, 4.847983], [45.750823, 4.848157], [45.750972, 4.848388], [45.750872, 4.848397], [45.750486, 4.848391]]"
465.0,"[[45.749644, 4.846552], [45.749486, 4.847203], [45.749305, 4.846908], [45.749286, 4.846736], [45.749291, 4.846547], [45.7494, 4.846483]]"
466.0,"[[45.749091, 4.84798], [45.749026, 4.847888], [45.749056, 4.847835], [45.749299, 4.847664], [45.749329, 4.847654], [45.749322, 4.84803], [45.749317, 4.848113]]"
467.0,"[[45.730147, 4.824455], [45.73003, 4.824647], [45.729647, 4.824522], [45.729605, 4.824325], [45.729613, 4.824149], [45.730022, 4.824202], [45.7301, 4.824305]]"
468.0,
469.0,
470.0,
471.0,"[[45.729716, 4.825063], [45.72963, 4.824924], [45.729712, 4.824991]]"
472.0,"[[45.730013, 4.825166], [45.729984, 4.825143], [45.730013, 4.825122]]"
473.0,"[[45.730239, 4.825057], [45.730177, 4.825069], [45.730194, 4.825057], [45.730277, 4.825]]"
474.0,
475.0,
476.0,"[[45.746952, 4.836461], [45.746421, 4.835894], [45.746698, 4.835572], [45.747611, 4.835121], [45.74793, 4.835218], [45.74783, 4.835919]]"
477.0,"[[45.744561, 4.835955], [45.745012, 4.835786], [45.745761, 4.836377], [45.745727, 4.836402], [45.745013, 4.836151]]"
478.0,"[[45.729933, 4.824974], [45.729925, 4.825004], [45.729933, 4.824961]]"
479.0,
480.0,
481.0,"[[45.754103, 4.822002], [45.754063, 4.821955], [45.754337, 4.821318], [45.754467, 4.821081], [45.754911, 4.820358], [45.755262, 4.820208], [45.755861, 4.819986], [45.755749, 4.822236], [45.755329, 4.8223], [45.755, 4.822222]]"
482.0,"[[45.756333, 4.852], [45.756168, 4.852856], [45.755973, 4.853037], [45.755813, 4.853077], [45.756, 4.852666]]"
483.0,"[[45.737244, 4.813711], [45.737054, 4.813234], [45.737451, 4.813181], [45.73785, 4.813452]]"
484.0,"[[45.767556, 4.860806], [45.768608, 4.861171], [45.768578, 4.861621], [45.768338, 4.861707], [45.768013, 4.8616]]"
485.0,"[[45.731025, 4.814994], [45.730247, 4.815294], [45.730656, 4.814743], [45.730872, 4.814502]]"
486.0,"[[45.729855, 4.81557], [45.73018, 4.815694], [45.730179, 4.815702], [45.729422, 4.815758], [45.728872, 4.815702], [45.728861, 4.815691], [45.728958, 4.815648]]"
487.0,"[[45.745994, 4.816088], [45.746596, 4.816322], [45.746024, 4.816528], [45.745702, 4.816614], [45.745575, 4.816421], [45.745635, 4.816131]]"
488.0,"[[45.758249, 4.816914], [45.758922, 4.814655], [45.759537, 4.815408], [45.759506, 4.815627], [45.75896, 4.817225]]"
489.0,"[[45.732916, 4.822661], [45.732905, 4.822558], [45.732936, 4.822497], [45.73298, 4.822418], [45.733036, 4.822508], [45.733066, 4.822613], [45.733066, 4.822644], [45.733038, 4.822722], [45.732977, 4.822888]]"
490.0,"[[45.732719, 4.823116], [45.732763, 4.823147], [45.732777, 4.823172], [45.732783, 4.823191], [45.732747, 4.823183], [45.732719, 4.823161], [45.732697, 4.823138], [45.732708, 4.823122]]"
491.0,
492.0,"[[45.741546, 4.822439], [45.741695, 4.822448], [45.741638, 4.822494], [45.741591, 4.822483]]"
493.0,
494.0,"[[45.739169, 4.817775], [45.739416, 4.817613], [45.739615, 4.817676], [45.739666, 4.818166], [45.739585, 4.818341], [45.73933, 4.818025], [45.73928, 4.817958]]"
495.0,"[[45.779623, 4.835947], [45.780174, 4.836869], [45.779683, 4.837321]]"
496.0,"[[45.779271, 4.834606], [45.78, 4.835166], [45.779466, 4.835346]]"
497.0,"[[45.732725, 4.821485], [45.7331, 4.821325], [45.733166, 4.821333], [45.73328, 4.821517], [45.733311, 4.821625], [45.733166, 4.821833]]"
498.0,"[[45.729071, 4.818363], [45.729138, 4.818416], [45.7291, 4.818455], [45.728988, 4.818519], [45.728928, 4.818524], [45.728996, 4.818384]]"
499.0,"[[45.728547, 4.818669], [45.728333, 4.818666], [45.728261, 4.81863], [45.728237, 4.818539], [45.728254, 4.818513], [45.728434, 4.818373], [45.728464, 4.818363], [45.728546, 4.818341], [45.728741, 4.818384], [45.728733, 4.818463]]"
500.0,"[[45.731527, 4.815981], [45.731662, 4.815659], [45.732155, 4.815683], [45.732269, 4.815694], [45.732666, 4.815788], [45.732321, 4.816195], [45.732015, 4.816517], [45.731888, 4.816572], [45.731669, 4.816517]]"
501.0,
502.0,
503.0,"[[45.732486, 4.820661], [45.732461, 4.82108], [45.732247, 4.821416], [45.731929, 4.821665], [45.731811, 4.821594], [45.731725, 4.821499], [45.731602, 4.821302], [45.731632, 4.82112], [45.73187, 4.820923]]"
504.0,"[[45.758891, 4.865238], [45.759177, 4.864316], [45.759961, 4.865166], [45.759961, 4.865511], [45.7598, 4.865894], [45.759188, 4.865563]]"
505.0,"[[45.758298, 4.865674], [45.758301, 4.865707], [45.758181, 4.865806], [45.757807, 4.866043], [45.757916, 4.865934]]"
506.0,"[[45.764691, 4.861941], [45.76372, 4.861889], [45.7644, 4.861617], [45.765176, 4.861396], [45.765438, 4.861524], [45.765666, 4.861666]]"
507.0,"[[45.754809, 4.859486], [45.754341, 4.859046], [45.754447, 4.85875], [45.755936, 4.858381], [45.756333, 4.858333], [45.756, 4.859]]"
508.0,"[[45.7577, 4.857512], [45.758008, 4.857858], [45.757847, 4.858336], [45.757666, 4.858666], [45.757168, 4.859334], [45.756909, 4.858961], [45.757033, 4.858562]]"
509.0,"[[45.763137, 4.844712], [45.764155, 4.84482], [45.763797, 4.846141], [45.763675, 4.84658], [45.763616, 4.846612], [45.762786, 4.846563], [45.763047, 4.845163]]"
510.0,"[[45.741084, 4.821833], [45.740903, 4.821635], [45.74112, 4.821324], [45.741273, 4.821302], [45.741404, 4.821538], [45.741405, 4.821602], [45.741386, 4.821702], [45.741375, 4.821711], [45.741283, 4.821755]]"
511.0,"[[45.7565, 4.851833], [45.756886, 4.850877], [45.757448, 4.851129], [45.75762, 4.851601], [45.757747, 4.852223], [45.756909, 4.852169], [45.756591, 4.851933]]"
512.0,"[[45.766879, 4.854251], [45.767283, 4.8546], [45.766722, 4.854937], [45.766597, 4.85483], [45.766593, 4.854818], [45.766616, 4.854755]]"
513.0,"[[45.767708, 4.855211], [45.767814, 4.854819], [45.768136, 4.85454], [45.768244, 4.854808], [45.76825, 4.854994], [45.76825, 4.855019], [45.767952, 4.855227], [45.767866, 4.855272]]"
514.0,"[[45.741457, 4.820755], [45.741606, 4.82053], [45.741711, 4.820562], [45.741947, 4.820836], [45.742071, 4.821109], [45.74185, 4.821193]]"
515.0,"[[45.765213, 4.84885], [45.765586, 4.848677], [45.766127, 4.849324], [45.765605, 4.849185]]"
516.0,"[[45.766609, 4.856708], [45.76616, 4.856793], [45.766004, 4.856772], [45.765791, 4.856624], [45.765847, 4.856316], [45.766078, 4.856021], [45.766325, 4.856236]]"
517.0,
518.0,
519.0,"[[45.766888, 4.856675], [45.767119, 4.856222], [45.767666, 4.856833], [45.767692, 4.85699], [45.767558, 4.857469], [45.767222, 4.857777], [45.76695, 4.857051]]"
520.0,"[[45.730555, 4.818069], [45.730756, 4.818212], [45.73055, 4.818384], [45.730441, 4.818383], [45.730088, 4.818318], [45.730113, 4.818244], [45.730227, 4.818186]]"
521.0,"[[45.767919, 4.858673], [45.768218, 4.858639], [45.768241, 4.858639], [45.768413, 4.858777], [45.768375, 4.858955], [45.768338, 4.858998], [45.767825, 4.859158], [45.767859, 4.858757]]"
522.0,"[[45.751145, 4.838951], [45.751261, 4.840263], [45.750586, 4.840116], [45.750472, 4.839863], [45.750729, 4.839264]]"
523.0,"[[45.770224, 4.841085], [45.770194, 4.840505], [45.770741, 4.840207], [45.770951, 4.840207], [45.771126, 4.840786], [45.771167, 4.841107], [45.770898, 4.841108]]"
524.0,"[[45.764703, 4.851762], [45.764672, 4.851719], [45.765135, 4.851375], [45.765777, 4.850905], [45.765705, 4.851408]]"
525.0,"[[45.732597, 4.820486], [45.732552, 4.820441], [45.732558, 4.820425], [45.733136, 4.819663], [45.733358, 4.819436], [45.733339, 4.81965], [45.732958, 4.820208], [45.7328, 4.82038], [45.732725, 4.820423]]"
526.0,"[[45.730921, 4.817901], [45.730808, 4.817843], [45.730823, 4.817698], [45.730973, 4.817708]]"
527.0,"[[45.744366, 4.816422], [45.744261, 4.816386], [45.744438, 4.815902], [45.74448, 4.815875], [45.744569, 4.815913], [45.744736, 4.816024], [45.744815, 4.816088]]"
528.0,"[[45.744563, 4.822611], [45.745018, 4.822511], [45.745777, 4.823094], [45.745472, 4.82348], [45.744901, 4.823759], [45.744654, 4.823631]]"
529.0,
530.0,"[[45.76735, 4.859838], [45.767223, 4.859862], [45.7672, 4.8598], [45.76713, 4.85955], [45.767163, 4.85954], [45.767201, 4.859561], [45.767313, 4.859669]]"
531.0,"[[45.743643, 4.816024], [45.743942, 4.815852], [45.744, 4.816166], [45.744, 4.816333], [45.7438, 4.816338], [45.743731, 4.816299], [45.743644, 4.816075]]"
532.0,"[[45.731218, 4.818208], [45.731302, 4.818052], [45.731347, 4.818137], [45.73137, 4.818245], [45.731341, 4.81825], [45.731327, 4.818252]]"
533.0,"[[45.756988, 4.854241], [45.75733, 4.853633], [45.757797, 4.853619], [45.757988, 4.853891], [45.757508, 4.854691], [45.757144, 4.85473], [45.757052, 4.854443]]"
534.0,"[[45.767287, 4.858776], [45.767333, 4.859], [45.767252, 4.859125], [45.767176, 4.85923], [45.767044, 4.859297], [45.766936, 4.859261], [45.766999, 4.858833]]"
535.0,"[[45.766819, 4.859111], [45.766811, 4.859544], [45.766725, 4.859272], [45.76668, 4.859102], [45.766685, 4.859097], [45.766789, 4.859004]]"
536.0,"[[45.759993, 4.845034], [45.760237, 4.844648], [45.760412, 4.845399], [45.760166, 4.845666]]"
537.0,"[[45.744227, 4.817166], [45.744077, 4.81759], [45.743845, 4.817311], [45.743777, 4.817086], [45.74413, 4.817113]]"
538.0,"[[45.753376, 4.846612], [45.754304, 4.846676], [45.75398, 4.847041], [45.753855, 4.847047], [45.753838, 4.847038]]"
539.0,"[[45.753241, 4.846462], [45.753331, 4.846601], [45.752491, 4.846202], [45.752328, 4.846086], [45.752205, 4.845829], [45.752913, 4.846188]]"
540.0,"[[45.740577, 4.815444], [45.740348, 4.815562], [45.740362, 4.815269]]"
541.0,"[[45.764386, 4.859875], [45.764666, 4.859833], [45.764648, 4.860355]]"
542.0,"[[45.777101, 4.859669], [45.77718, 4.859397], [45.777427, 4.859402], [45.777466, 4.859483], [45.777461, 4.859502], [45.777411, 4.859547]]"
543.0,
544.0,"[[45.751287, 4.843415], [45.751488, 4.844563], [45.751333, 4.845], [45.750628, 4.84423], [45.750628, 4.843801]]"
545.0,"[[45.752066, 4.84328], [45.752013, 4.843575], [45.751796, 4.843613], [45.751666, 4.843333], [45.751655, 4.843197], [45.751832, 4.843117]]"
546.0,"[[45.751691, 4.843093], [45.751522, 4.842287], [45.751714, 4.842031], [45.751836, 4.842133], [45.751953, 4.842245], [45.752021, 4.842363]]"
547.0,"[[45.733544, 4.818961], [45.733759, 4.819242], [45.733732, 4.819307], [45.733617, 4.819228], [45.733549, 4.819078]]"
548.0,"[[45.743666, 4.817], [45.743503, 4.817197], [45.743119, 4.816989], [45.743059, 4.816646], [45.7435, 4.816833]]"
549.0,"[[45.750058, 4.831997], [45.750595, 4.831938], [45.750612, 4.83195], [45.75092, 4.832332], [45.7509, 4.832508], [45.750466, 4.832844], [45.74995, 4.832808], [45.749962, 4.832418]]"
550.0,"[[45.764579, 4.850196], [45.764625, 4.849718], [45.764893, 4.849811], [45.764978, 4.850034], [45.764961, 4.850283]]"
551.0,"[[45.765582, 4.850457], [45.765433, 4.850372], [45.765584, 4.850184], [45.765977, 4.849997]]"
552.0,"[[45.750591, 4.819843], [45.750681, 4.819607], [45.750816, 4.819813], [45.750636, 4.81987]]"
553.0,"[[45.743055, 4.814722], [45.743134, 4.815117], [45.742358, 4.8153], [45.742262, 4.815101], [45.742333, 4.814999], [45.742608, 4.814663], [45.742686, 4.814605]]"
554.0,"[[45.750736, 4.820322], [45.750711, 4.820294], [45.750775, 4.820211], [45.750868, 4.820165]]"
555.0,"[[45.750965, 4.820079], [45.751055, 4.820165], [45.750994, 4.820119]]"
556.0,"[[45.734325, 4.815886], [45.734469, 4.815905], [45.734538, 4.816045], [45.734333, 4.816044]]"
557.0,"[[45.772237, 4.840282], [45.7725, 4.840277], [45.773105, 4.840657], [45.773352, 4.841161], [45.773163, 4.841436], [45.772387, 4.841401], [45.772166, 4.840833], [45.772166, 4.840666], [45.772207, 4.840421]]"
558.0,"[[45.773899, 4.841322], [45.774273, 4.84098], [45.77458, 4.841923], [45.774464, 4.841934], [45.774108, 4.841838]]"
559.0,"[[45.740678, 4.814779], [45.740891, 4.814683], [45.741161, 4.814705], [45.741366, 4.814738], [45.741377, 4.814955], [45.741277, 4.815026], [45.741044, 4.815016]]"
560.0,"[[45.741079, 4.814374], [45.740875, 4.814583], [45.740732, 4.81424], [45.740681, 4.814048], [45.740858, 4.814044]]"
561.0,"[[45.743, 4.817666], [45.743166, 4.817833], [45.742894, 4.817998], [45.742691, 4.818044], [45.742475, 4.817998], [45.742855, 4.817718]]"
562.0,"[[45.7318, 4.8182], [45.731842, 4.818062], [45.731984, 4.818159], [45.731895, 4.818246]]"
563.0,"[[45.735188, 4.815186], [45.735019, 4.815055], [45.735066, 4.814988], [45.735122, 4.814929], [45.735283, 4.814955], [45.735242, 4.815058]]"
564.0,"[[45.761557, 4.846333], [45.76146, 4.845892], [45.761744, 4.845581], [45.761924, 4.845527], [45.761805, 4.846175], [45.76167, 4.846397]]"
565.0,"[[45.733269, 4.818633], [45.733333, 4.818611], [45.733324, 4.81862]]"
566.0,"[[45.733361, 4.818672], [45.733414, 4.818685], [45.733444, 4.818706], [45.733474, 4.818738], [45.733397, 4.818727]]"
567.0,"[[45.776151, 4.858413], [45.775653, 4.859648], [45.775344, 4.859488], [45.774947, 4.858933], [45.774944, 4.858927], [45.774866, 4.858766], [45.775414, 4.858489], [45.775581, 4.858424]]"
568.0,"[[45.735819, 4.815488], [45.736013, 4.815505], [45.736011, 4.815686], [45.735901, 4.815573]]"
569.0,
570.0,"[[45.759619, 4.847298], [45.759344, 4.847558], [45.759166, 4.8475], [45.75914, 4.847416], [45.759267, 4.847287]]"
571.0,
572.0,
573.0,"[[45.783836, 4.860938], [45.783925, 4.860978], [45.783844, 4.860991]]"
574.0,"[[45.7345, 4.815595], [45.73435, 4.81523], [45.734386, 4.815175], [45.734591, 4.815147], [45.734613, 4.815198], [45.734717, 4.81552], [45.734628, 4.815562], [45.73459, 4.815572]]"
575.0,"[[45.734275, 4.815275], [45.734163, 4.815397], [45.734069, 4.815391], [45.73405, 4.81535], [45.734044, 4.815291], [45.734058, 4.815255], [45.734247, 4.815233]]"
576.0,"[[45.760833, 4.846333], [45.76094, 4.846325], [45.760833, 4.8465]]"
577.0,"[[45.760655, 4.846564], [45.760553, 4.846428], [45.760626, 4.84631], [45.760649, 4.846391]]"
578.0,"[[45.735751, 4.814844], [45.736119, 4.814877], [45.736016, 4.815216], [45.735838, 4.815335], [45.735644, 4.815291], [45.73556, 4.815251], [45.735527, 4.815172], [45.735608, 4.81494]]"
579.0,"[[45.752705, 4.821758], [45.753056, 4.822096], [45.752916, 4.822686], [45.752402, 4.823105], [45.75241, 4.822332], [45.752508, 4.822055]]"
580.0,"[[45.78395, 4.860119], [45.784022, 4.860049], [45.78406, 4.860152], [45.783997, 4.860211]]"
581.0,
582.0,
583.0,"[[45.760036, 4.847464], [45.75981, 4.847491], [45.759966, 4.847314], [45.76002, 4.847426]]"
584.0,"[[45.760231, 4.84762], [45.760487, 4.847765], [45.760391, 4.848294], [45.760333, 4.8485], [45.760322, 4.848456], [45.760156, 4.847789], [45.760157, 4.847746]]"
585.0,
586.0,"[[45.784, 4.860666], [45.783933, 4.860715], [45.783948, 4.860629]]"
587.0,"[[45.738996, 4.814702], [45.738781, 4.81494], [45.738694, 4.814844], [45.738677, 4.814805], [45.738658, 4.814541], [45.738808, 4.814475], [45.738841, 4.814486]]"
588.0,"[[45.783916, 4.8603], [45.783933, 4.860345], [45.783919, 4.860347], [45.783916, 4.860305]]"
589.0,"[[45.783822, 4.860405], [45.783802, 4.860333], [45.78383, 4.860306], [45.783858, 4.860336]]"
590.0,"[[45.740678, 4.819296], [45.740688, 4.819569], [45.74055, 4.819544], [45.740475, 4.819463], [45.740477, 4.819425], [45.740483, 4.819413], [45.740577, 4.819252]]"
591.0,"[[45.740244, 4.819264], [45.740397, 4.819258], [45.740378, 4.819318], [45.740262, 4.819441]]"
592.0,"[[45.740213, 4.819635], [45.740163, 4.819525], [45.7402, 4.819447]]"
593.0,"[[45.737777, 4.814597], [45.737972, 4.814569], [45.737952, 4.814672], [45.737886, 4.814802]]"
594.0,"[[45.741329, 4.819457], [45.741166, 4.819166], [45.7412, 4.818927], [45.741254, 4.818931], [45.741371, 4.818942], [45.741502, 4.819092], [45.741502, 4.819197], [45.7415, 4.8195], [45.741447, 4.819541]]"
595.0,"[[45.732239, 4.818191], [45.73228, 4.818117], [45.732291, 4.818148], [45.732306, 4.818191], [45.732306, 4.818255], [45.732251, 4.818231]]"
596.0,"[[45.73968, 4.814238], [45.739666, 4.814166], [45.739722, 4.814166], [45.739761, 4.814169], [45.739749, 4.814221]]"
597.0,"[[45.738566, 4.814308], [45.738417, 4.814436], [45.738202, 4.814472], [45.738111, 4.81448], [45.738162, 4.814404], [45.73818, 4.814391], [45.738372, 4.814318], [45.738433, 4.814308]]"
598.0,"[[45.738177, 4.81483], [45.738177, 4.81449], [45.738347, 4.814633], [45.73838, 4.814725], [45.738358, 4.814772], [45.738277, 4.814808]]"
599.0,"[[45.742408, 4.817086], [45.74237, 4.816818], [45.742519, 4.816752], [45.742632, 4.816753], [45.7427, 4.816764], [45.742685, 4.816904]]"
600.0,"[[45.732036, 4.818036], [45.732111, 4.817986], [45.732269, 4.81803], [45.732208, 4.818072], [45.732113, 4.818072]]"
601.0,"[[45.741232, 4.818309], [45.741191, 4.818427], [45.74084, 4.818611], [45.74075, 4.818602], [45.740813, 4.818266], [45.740865, 4.818191], [45.740966, 4.818099], [45.740988, 4.818111], [45.741202, 4.818234]]"
602.0,"[[45.740708, 4.818534], [45.740497, 4.818841], [45.740431, 4.818813], [45.740386, 4.81877], [45.740447, 4.818681], [45.740543, 4.818577]]"
603.0,"[[45.741666, 4.816111], [45.741172, 4.815648], [45.741222, 4.8155], [45.741606, 4.815176], [45.741666, 4.815166], [45.741681, 4.81523], [45.74168, 4.815361], [45.741673, 4.815948]]"
604.0,"[[45.758556, 4.859755], [45.75896, 4.859991], [45.758616, 4.860237], [45.758241, 4.860222], [45.758277, 4.859972]]"
605.0,"[[45.739441, 4.814178], [45.739247, 4.814288], [45.739202, 4.814274], [45.73913, 4.814219], [45.739225, 4.814103], [45.739248, 4.814093], [45.739355, 4.814077], [45.739435, 4.814136]]"
606.0,"[[45.739128, 4.814532], [45.739135, 4.814329], [45.73927, 4.8145], [45.739154, 4.814571]]"
607.0,"[[45.742777, 4.816111], [45.743037, 4.815874], [45.742969, 4.816024], [45.742939, 4.816045]]"
608.0,"[[45.761486, 4.849816], [45.761769, 4.850169], [45.761427, 4.849891], [45.761344, 4.849763], [45.761469, 4.849808], [45.761477, 4.849811]]"
609.0,"[[45.741925, 4.817358], [45.74189, 4.81716], [45.741906, 4.817118], [45.741981, 4.817086], [45.742475, 4.817386], [45.742497, 4.817408], [45.742325, 4.81759], [45.742258, 4.817612]]"
610.0,"[[45.778812, 4.840771], [45.77807, 4.839702], [45.778351, 4.839788], [45.77856, 4.839885], [45.778785, 4.840013], [45.778935, 4.840432], [45.778957, 4.840614]]"
611.0,
612.0,"[[45.732413, 4.817705], [45.732419, 4.817638], [45.732446, 4.817667], [45.732448, 4.817687], [45.732419, 4.817711]]"
613.0,"[[45.741919, 4.815655], [45.741944, 4.815555], [45.742235, 4.815691], [45.742265, 4.815723], [45.742284, 4.815788], [45.742238, 4.815916], [45.742122, 4.815927], [45.741944, 4.815833], [45.74193, 4.815774]]"
614.0,"[[45.741015, 4.816957], [45.741112, 4.816946], [45.741066, 4.817023], [45.74102, 4.817011]]"
615.0,"[[45.736338, 4.814933], [45.736507, 4.81494], [45.736553, 4.815187], [45.736447, 4.815187], [45.736368, 4.815037]]"
616.0,"[[45.741207, 4.817583], [45.741229, 4.817341], [45.741337, 4.81722], [45.741666, 4.817222], [45.741666, 4.817247], [45.741658, 4.817327], [45.741457, 4.817613], [45.741412, 4.817633], [45.741333, 4.817666], [45.741302, 4.817669], [45.741264, 4.817645]]"
617.0,"[[45.740962, 4.817526], [45.741028, 4.817291], [45.741097, 4.817288], [45.741, 4.8175]]"
618.0,"[[45.742833, 4.816333], [45.742789, 4.816464], [45.742715, 4.81641], [45.74267, 4.816356], [45.742722, 4.816249], [45.742767, 4.816281]]"
619.0,"[[45.742378, 4.815949], [45.74252, 4.815938], [45.74253, 4.815958], [45.742613, 4.816201], [45.742606, 4.816238], [45.742595, 4.816243], [45.7424, 4.816025], [45.742394, 4.816011]]"
620.0,"[[45.775667, 4.845167], [45.775259, 4.845026], [45.7755, 4.8445], [45.775667, 4.844333], [45.775833, 4.8445], [45.776, 4.844833], [45.776111, 4.845105]]"
621.0,"[[45.7327, 4.818438], [45.732688, 4.818488], [45.732611, 4.818477], [45.732611, 4.818452], [45.732636, 4.818411], [45.732686, 4.818422], [45.732695, 4.818427]]"
622.0,"[[45.736983, 4.815072], [45.73703, 4.815037], [45.73708, 4.815055], [45.737068, 4.815076], [45.737, 4.815088]]"
623.0,"[[45.737133, 4.814983], [45.737144, 4.814951], [45.737174, 4.814951], [45.737144, 4.814983]]"
624.0,"[[45.737175, 4.815016], [45.737215, 4.815026], [45.737177, 4.815049]]"
625.0,"[[45.736747, 4.815152], [45.736762, 4.815069], [45.736807, 4.81509], [45.736786, 4.815178]]"
626.0,"[[45.741329, 4.816592], [45.741292, 4.816496], [45.741292, 4.816485], [45.741371, 4.816494], [45.741427, 4.816535], [45.741374, 4.816582]]"
627.0,"[[45.741477, 4.816719], [45.741536, 4.816772], [45.741499, 4.816833], [45.741419, 4.816904], [45.741383, 4.816886], [45.741416, 4.816788]]"
628.0,"[[45.741292, 4.81671], [45.741375, 4.81671], [45.741322, 4.816775]]"
629.0,
630.0,"[[45.733145, 4.818513], [45.733111, 4.818491], [45.73316, 4.81847], [45.733208, 4.81848]]"
631.0,"[[45.736891, 4.815252], [45.736866, 4.8151], [45.736866, 4.815097], [45.736869, 4.815075], [45.736891, 4.815061], [45.736919, 4.815094], [45.736933, 4.815258], [45.736927, 4.815261], [45.736922, 4.815261]]"
632.0,
633.0,"[[45.733238, 4.818458], [45.733211, 4.818444], [45.733235, 4.818427]]"
634.0,
635.0,"[[45.736994, 4.81494], [45.73703, 4.81493], [45.737016, 4.814962], [45.737, 4.814972]]"
636.0,"[[45.736941, 4.814994], [45.736949, 4.814983], [45.736958, 4.815005], [45.736958, 4.815008], [45.736944, 4.814999]]"
637.0,"[[45.736889, 4.815015], [45.736913, 4.815002], [45.73689, 4.815016]]"
638.0,"[[45.732214, 4.81791], [45.732247, 4.8179], [45.732259, 4.817953], [45.732259, 4.817955], [45.732236, 4.817955]]"
639.0,"[[45.73298, 4.818261], [45.732943, 4.818288], [45.73295, 4.818255], [45.732966, 4.818225]]"
640.0,
641.0,"[[45.757136, 4.844005], [45.756636, 4.843836], [45.756883, 4.843205], [45.757019, 4.843247]]"
642.0,"[[45.732863, 4.818522], [45.732866, 4.818422], [45.733002, 4.818616], [45.732994, 4.818652], [45.732938, 4.818658], [45.732908, 4.818622], [45.732875, 4.818577]]"
643.0,"[[45.732505, 4.818313], [45.732483, 4.818241], [45.73253, 4.818213], [45.732576, 4.818255]]"
644.0,"[[45.760502, 4.862222], [45.76025, 4.862249], [45.760049, 4.862211], [45.759941, 4.861988], [45.760023, 4.861879], [45.760472, 4.861808], [45.760577, 4.861793], [45.760588, 4.861857], [45.760577, 4.861963]]"
645.0,"[[45.760143, 4.862909], [45.760188, 4.862613], [45.760333, 4.862333], [45.760487, 4.862608], [45.760505, 4.862916], [45.760486, 4.863], [45.760388, 4.863262], [45.760355, 4.863261]]"
646.0,"[[45.760038, 4.854669], [45.76006, 4.854465], [45.760341, 4.85458], [45.76027, 4.854701], [45.760128, 4.854787]]"
647.0,"[[45.732811, 4.818347], [45.732791, 4.818377], [45.732761, 4.818363], [45.732758, 4.818344], [45.732777, 4.818333], [45.732791, 4.818333]]"
648.0,"[[45.732844, 4.818283], [45.732811, 4.818295], [45.732838, 4.818234]]"
649.0,"[[45.732932, 4.818374], [45.73293, 4.818411], [45.732914, 4.818387], [45.732913, 4.818377], [45.732916, 4.81835]]"
650.0,"[[45.733115, 4.818298], [45.733145, 4.818266], [45.733135, 4.818302]]"
651.0,"[[45.732519, 4.818053], [45.732448, 4.818075], [45.732486, 4.818009], [45.732502, 4.818019]]"
652.0,"[[45.732694, 4.818202], [45.73265, 4.818191], [45.73268, 4.81817], [45.732703, 4.81817]]"
653.0,
654.0,"[[45.73301, 4.818341], [45.733014, 4.818337], [45.733023, 4.818336], [45.733055, 4.818333], [45.73304, 4.818341]]"
655.0,"[[45.733087, 4.818341], [45.733085, 4.81832], [45.733091, 4.818336], [45.733092, 4.818341]]"
656.0,"[[45.763172, 4.849588], [45.763047, 4.84955], [45.763119, 4.849438]]"
657.0,"[[45.762957, 4.84939], [45.762949, 4.849358], [45.763131, 4.849283], [45.763144, 4.849283], [45.763129, 4.849305], [45.763047, 4.849358]]"
658.0,"[[45.769132, 4.823598], [45.768922, 4.823148], [45.769124, 4.822762]]"
659.0,"[[45.768599, 4.822479], [45.76826, 4.823507], [45.767927, 4.823444], [45.767611, 4.82313], [45.767373, 4.822858], [45.767553, 4.822635], [45.768166, 4.822118]]"
660.0,"[[45.75983, 4.856438], [45.760322, 4.856064], [45.760572, 4.856405], [45.760382, 4.856632], [45.760322, 4.856665], [45.759978, 4.856708], [45.759885, 4.856579]]"
661.0,"[[45.732535, 4.818137], [45.732546, 4.818116], [45.732606, 4.818127], [45.732598, 4.818159], [45.732591, 4.818161], [45.732561, 4.818159], [45.732555, 4.818158]]"
662.0,"[[45.732606, 4.818084], [45.732591, 4.818073], [45.732583, 4.818062], [45.732566, 4.818038], [45.732591, 4.818062]]"
663.0,
664.0,
665.0,"[[45.732641, 4.818084], [45.73265, 4.818084], [45.73265, 4.818094]]"
666.0,"[[45.762717, 4.858059], [45.762822, 4.857877], [45.762894, 4.857819], [45.763169, 4.857672], [45.763563, 4.857813], [45.763911, 4.858158], [45.763863, 4.858236], [45.763234, 4.858263], [45.762867, 4.858156], [45.76274, 4.858113]]"
667.0,
668.0,
669.0,
670.0,"[[45.768914, 4.820712], [45.769266, 4.821764], [45.769199, 4.82201], [45.769049, 4.821978], [45.768763, 4.821886], [45.768263, 4.821226], [45.768675, 4.820809]]"
671.0,"[[45.760314, 4.855977], [45.760225, 4.855624], [45.760232, 4.855613], [45.760538, 4.855627], [45.7607, 4.85583], [45.760661, 4.855855]]"
672.0,"[[45.768346, 4.820165], [45.767915, 4.820991], [45.766961, 4.820755], [45.766946, 4.820637], [45.766969, 4.820444], [45.767088, 4.820251], [45.767338, 4.820013], [45.76771, 4.819875], [45.768025, 4.819913]]"
673.0,"[[45.762051, 4.851343], [45.762167, 4.851167], [45.762336, 4.851257], [45.762344, 4.851427], [45.762086, 4.851547]]"
674.0,"[[45.75323, 4.840148], [45.753882, 4.839718], [45.753502, 4.840266], [45.753361, 4.840207]]"
675.0,"[[45.767717, 4.818964], [45.767866, 4.818499], [45.768197, 4.818563], [45.768286, 4.818931], [45.768013, 4.819041], [45.767997, 4.819047]]"
676.0,"[[45.767372, 4.818141], [45.767657, 4.818223], [45.767522, 4.81832], [45.7675, 4.818333]]"
677.0,"[[45.767947, 4.818013], [45.767794, 4.81798], [45.767708, 4.817906], [45.767697, 4.817836], [45.767725, 4.817719], [45.767783, 4.817597], [45.767958, 4.817397], [45.768196, 4.817386], [45.768286, 4.817515], [45.76818, 4.817875], [45.767986, 4.817997]]"
678.0,"[[45.768313, 4.816863], [45.768196, 4.817172], [45.767964, 4.817065], [45.767925, 4.816827], [45.768005, 4.8168], [45.768174, 4.816764]]"
679.0,
680.0,
681.0,"[[45.761479, 4.854176], [45.761483, 4.854347], [45.761363, 4.854326], [45.761205, 4.854283], [45.761222, 4.854272]]"
682.0,"[[45.76253, 4.850581], [45.762493, 4.850796], [45.762358, 4.850817], [45.762164, 4.850785], [45.762089, 4.850753], [45.762225, 4.850661], [45.762387, 4.850588]]"
683.0,"[[45.76161, 4.855881], [45.761527, 4.856025], [45.761477, 4.856011], [45.761419, 4.855972], [45.761388, 4.855833], [45.761469, 4.85573], [45.761513, 4.855715]]"
684.0,"[[45.761899, 4.855803], [45.7616, 4.855836], [45.761697, 4.855802], [45.761804, 4.855785], [45.761805, 4.855785]]"
685.0,"[[45.761078, 4.852974], [45.761008, 4.852706], [45.7611, 4.852536], [45.761565, 4.852588], [45.761655, 4.852716], [45.761672, 4.852758], [45.76136, 4.85294]]"
686.0,"[[45.777733, 4.837102], [45.777835, 4.837138], [45.777872, 4.837363], [45.777887, 4.837557], [45.777801, 4.837359]]"
687.0,
688.0,"[[45.761382, 4.853596], [45.76149, 4.8535], [45.761567, 4.853553], [45.761535, 4.85365], [45.761494, 4.853703], [45.761408, 4.853693], [45.7614, 4.853682], [45.76139, 4.853635]]"
689.0,"[[45.761227, 4.853344], [45.761101, 4.853392], [45.761105, 4.853213], [45.761205, 4.853285]]"
690.0,"[[45.761447, 4.857627], [45.761472, 4.857931], [45.761355, 4.858086], [45.761161, 4.858124], [45.761056, 4.857888], [45.761071, 4.85778]]"
691.0,"[[45.760891, 4.8539], [45.760986, 4.85383], [45.760958, 4.853983], [45.760894, 4.853963]]"
692.0,"[[45.761086, 4.853564], [45.761072, 4.853616], [45.761026, 4.853553], [45.761003, 4.853521], [45.761071, 4.85351], [45.761086, 4.853553]]"
693.0,"[[45.761016, 4.853805], [45.760966, 4.853763], [45.760975, 4.853744], [45.761063, 4.853671], [45.761109, 4.853661], [45.761138, 4.853705], [45.761138, 4.853708], [45.761131, 4.853725], [45.761086, 4.853813]]"
694.0,"[[45.762951, 4.850452], [45.763166, 4.850469], [45.763137, 4.850571], [45.762986, 4.850547]]"
695.0,"[[45.759983, 4.860424], [45.759881, 4.860291], [45.759888, 4.860249], [45.759919, 4.860077], [45.760171, 4.860065]]"
696.0,"[[45.763241, 4.850453], [45.763257, 4.850292], [45.763538, 4.8502], [45.763591, 4.850194], [45.763611, 4.850208], [45.763647, 4.850291], [45.763638, 4.850411], [45.7636, 4.850463], [45.763547, 4.850494], [45.763486, 4.850524], [45.763315, 4.850601], [45.763272, 4.850533]]"
697.0,"[[45.773517, 4.852341], [45.772999, 4.851666], [45.773269, 4.851263], [45.773569, 4.851322], [45.774, 4.851667], [45.773973, 4.85203], [45.773833, 4.852177], [45.773584, 4.852309]]"
698.0,
699.0,"[[45.76248, 4.856783], [45.762298, 4.857008], [45.762203, 4.856915], [45.762178, 4.856882], [45.762375, 4.856718]]"
700.0,"[[45.762343, 4.857115], [45.762525, 4.857298], [45.762465, 4.857341], [45.762313, 4.857448], [45.762164, 4.857394], [45.762085, 4.857362], [45.762208, 4.857232]]"
701.0,"[[45.760653, 4.858156], [45.760655, 4.858388], [45.760539, 4.858446], [45.760479, 4.858274], [45.760487, 4.858258]]"
702.0,"[[45.781434, 4.855989], [45.781479, 4.856622], [45.781349, 4.85673], [45.780693, 4.855699], [45.780813, 4.855474], [45.780944, 4.855452]]"
703.0,"[[45.781232, 4.857201], [45.781131, 4.857094], [45.781187, 4.856986], [45.78149, 4.85683]]"
704.0,"[[45.762882, 4.851043], [45.762888, 4.850977], [45.763009, 4.851], [45.76308, 4.851016], [45.763208, 4.851059], [45.763193, 4.851145], [45.763167, 4.851155], [45.763092, 4.851171], [45.762983, 4.851161], [45.762964, 4.85115], [45.762912, 4.851086]]"
705.0,"[[45.762665, 4.850957], [45.762702, 4.850893], [45.762821, 4.85091], [45.762888, 4.850977], [45.76278, 4.850986]]"
706.0,"[[45.763271, 4.850834], [45.763381, 4.8508], [45.763456, 4.850848], [45.763436, 4.850914], [45.763421, 4.850935], [45.763298, 4.850876]]"
707.0,"[[45.763443, 4.850957], [45.76355, 4.850888], [45.763518, 4.850935]]"
708.0,"[[45.760666, 4.8595], [45.760591, 4.859736], [45.760508, 4.859563], [45.760497, 4.859419], [45.7605, 4.859333], [45.760616, 4.859352], [45.76065, 4.859361], [45.760666, 4.859394]]"
709.0,"[[45.748008, 4.828695], [45.747589, 4.82775], [45.748592, 4.827804], [45.748858, 4.827958], [45.748852, 4.828352], [45.748766, 4.828566], [45.748592, 4.828684]]"
710.0,"[[45.780674, 4.85133], [45.78075, 4.851811], [45.780723, 4.851901], [45.780693, 4.851933], [45.78001, 4.85191], [45.780027, 4.851472], [45.780139, 4.851106], [45.780311, 4.851069]]"
711.0,"[[45.746625, 4.826913], [45.746379, 4.826449], [45.746638, 4.826259], [45.746882, 4.826114], [45.746975, 4.82627], [45.746819, 4.826741], [45.74663, 4.826911]]"
712.0,"[[45.746751, 4.827363], [45.747656, 4.826978], [45.747813, 4.827064], [45.747763, 4.82735], [45.747693, 4.82745], [45.747424, 4.82774], [45.746945, 4.827504]]"
713.0,"[[45.76078, 4.858897], [45.760833, 4.859], [45.76068, 4.859021], [45.760603, 4.859025], [45.7605, 4.859], [45.760472, 4.858961], [45.760538, 4.858819], [45.760575, 4.858805], [45.760667, 4.858833]]"
714.0,"[[45.760913, 4.858905], [45.761002, 4.858972], [45.760951, 4.859068]]"
715.0,"[[45.783641, 4.849852], [45.783482, 4.850324], [45.783038, 4.850184], [45.782878, 4.849734], [45.783357, 4.849605], [45.783566, 4.849562]]"
716.0,"[[45.760805, 4.860001], [45.760741, 4.859948], [45.760768, 4.859889], [45.760846, 4.859883], [45.760906, 4.859948], [45.760921, 4.859967], [45.760833, 4.859999]]"
717.0,"[[45.760468, 4.85998], [45.760427, 4.859937], [45.760448, 4.859926], [45.760472, 4.859915], [45.760504, 4.85992], [45.760494, 4.859948]]"
718.0,"[[45.760442, 4.860098], [45.76051, 4.86003], [45.76055, 4.860109], [45.76045, 4.860152]]"
719.0,"[[45.755442, 4.828094], [45.755261, 4.827613], [45.755636, 4.8273], [45.755741, 4.827418], [45.75584, 4.827622]]"
720.0,"[[45.776709, 4.833791], [45.777026, 4.832203], [45.777769, 4.831988], [45.777535, 4.833587], [45.777191, 4.834145], [45.776787, 4.833877]]"
721.0,"[[45.778471, 4.832074], [45.777715, 4.831784], [45.778186, 4.831634], [45.778667, 4.831667]]"
722.0,"[[45.769344, 4.84378], [45.769294, 4.844844], [45.769272, 4.844908], [45.769252, 4.844916], [45.769222, 4.844927], [45.769141, 4.84495], [45.769036, 4.844944], [45.768841, 4.844916], [45.76848, 4.844477], [45.76833, 4.843999], [45.768406, 4.843801], [45.768729, 4.843658], [45.768907, 4.843645], [45.769305, 4.843752]]"
723.0,"[[45.781781, 4.855274], [45.782511, 4.85513], [45.782444, 4.85542], [45.782182, 4.855656], [45.781969, 4.855774], [45.781861, 4.855538]]"
724.0,"[[45.783227, 4.856105], [45.782706, 4.855839], [45.782773, 4.855549], [45.783032, 4.855536], [45.783297, 4.855527], [45.783416, 4.855699], [45.78335, 4.855996]]"
725.0,"[[45.775103, 4.851844], [45.774909, 4.852513], [45.774677, 4.852266], [45.774654, 4.851998], [45.774722, 4.85188], [45.774901, 4.851686], [45.774946, 4.851686]]"
726.0,"[[45.77596, 4.835969], [45.775971, 4.836645], [45.775963, 4.836924], [45.775522, 4.836893], [45.77559, 4.836655]]"
727.0,"[[45.776605, 4.837448], [45.776519, 4.83723], [45.776589, 4.83702], [45.776615, 4.836956], [45.776772, 4.836966], [45.776974, 4.837074]]"
728.0,"[[45.776802, 4.835743], [45.776757, 4.836323], [45.776465, 4.836301], [45.77619, 4.835883], [45.77645, 4.835743]]"
729.0,"[[45.777184, 4.836108], [45.777237, 4.83627], [45.777179, 4.83647], [45.777158, 4.836455], [45.777043, 4.836352], [45.777169, 4.83613]]"
730.0,"[[45.775283, 4.853274], [45.775246, 4.853854], [45.774241, 4.853477], [45.774018, 4.852952], [45.774219, 4.852477]]"
731.0,"[[45.778961, 4.84853], [45.779269, 4.848798], [45.779137, 4.84879]]"
732.0,"[[45.764102, 4.842716], [45.763666, 4.843333], [45.763308, 4.843075], [45.763185, 4.842808], [45.763144, 4.842712], [45.763181, 4.84261]]"
733.0,"[[45.783086, 4.854927], [45.782848, 4.854766], [45.782885, 4.854186], [45.782922, 4.854133], [45.783097, 4.854158], [45.783494, 4.854697], [45.783383, 4.85485]]"
734.0,
735.0,"[[45.7807, 4.854122], [45.78079, 4.854218], [45.780454, 4.854433], [45.780319, 4.854454], [45.780555, 4.854166]]"
736.0,"[[45.777281, 4.849562], [45.777543, 4.849187], [45.77776, 4.849326], [45.778014, 4.850238], [45.778044, 4.850571], [45.777938, 4.850808]]"
737.0,"[[45.77782, 4.851279], [45.77782, 4.85115], [45.777977, 4.851161], [45.778075, 4.85118], [45.778358, 4.851386], [45.77838, 4.852083], [45.778074, 4.852073], [45.777833, 4.8515]]"
738.0,"[[45.780015, 4.854129], [45.779593, 4.854283], [45.779566, 4.854147], [45.779553, 4.854045], [45.779773, 4.854004]]"
739.0,"[[45.750464, 4.830347], [45.750622, 4.830247], [45.750833, 4.830333], [45.750805, 4.830508], [45.750667, 4.830833], [45.7505, 4.8305]]"
740.0,"[[45.778538, 4.852867], [45.778194, 4.852738], [45.778246, 4.852576], [45.778519, 4.852444], [45.778605, 4.852588]]"
741.0,
742.0,"[[45.779087, 4.853467], [45.779294, 4.853516], [45.779235, 4.853616], [45.779197, 4.853597], [45.779196, 4.853596]]"
743.0,"[[45.778833, 4.852833], [45.779062, 4.85291], [45.779147, 4.853013], [45.779241, 4.853188], [45.779137, 4.85336], [45.779047, 4.853382], [45.778882, 4.853038], [45.778867, 4.852995]]"
744.0,"[[45.785317, 4.858424], [45.785332, 4.858746], [45.785323, 4.858843], [45.785205, 4.859068], [45.784949, 4.859061], [45.784766, 4.858908], [45.78478, 4.858744], [45.784797, 4.858652]]"
745.0,"[[45.777655, 4.847341], [45.777972, 4.84765], [45.777909, 4.847931], [45.777586, 4.848016], [45.777502, 4.847971], [45.777522, 4.847666], [45.777569, 4.847469]]"
746.0,"[[45.775476, 4.857223], [45.775515, 4.856858], [45.775617, 4.857029], [45.775605, 4.857141], [45.775548, 4.85718]]"
747.0,"[[45.774652, 4.856697], [45.774822, 4.856483], [45.774852, 4.856466], [45.774913, 4.856469], [45.775006, 4.856815], [45.774969, 4.85689], [45.774852, 4.857047], [45.774813, 4.857047], [45.774752, 4.857008], [45.774722, 4.856944]]"
748.0,"[[45.773336, 4.854454], [45.773291, 4.854269], [45.773315, 4.854226], [45.773358, 4.854175], [45.773412, 4.854197], [45.77345, 4.854272]]"
749.0,"[[45.77446, 4.855796], [45.774333, 4.855666], [45.774407, 4.855592], [45.774482, 4.855678], [45.774475, 4.855742]]"
750.0,"[[45.777, 4.8515], [45.777012, 4.851322], [45.777258, 4.851247], [45.777197, 4.851408], [45.777176, 4.851418]]"
751.0,"[[45.7733, 4.856483], [45.77345, 4.856419], [45.773622, 4.856599], [45.773633, 4.856703], [45.773506, 4.85676], [45.77327, 4.85674], [45.773225, 4.856672], [45.773246, 4.8566]]"
752.0,"[[45.777, 4.851833], [45.777133, 4.851908], [45.777086, 4.85203], [45.776925, 4.852258], [45.776886, 4.852066], [45.776884, 4.851933], [45.776982, 4.851847]]"
753.0,"[[45.776974, 4.85245], [45.77713, 4.852333], [45.777101, 4.85247]]"
754.0,"[[45.773549, 4.856021], [45.773583, 4.855711], [45.773719, 4.855727], [45.773801, 4.855817], [45.773794, 4.85586], [45.773734, 4.856193], [45.77363, 4.856135], [45.773619, 4.856128], [45.773565, 4.856066]]"
755.0,"[[45.780407, 4.849968], [45.780386, 4.849991], [45.780186, 4.849969], [45.779936, 4.849394], [45.779866, 4.849135], [45.780111, 4.849194], [45.780222, 4.84938], [45.780391, 4.849904]]"
756.0,"[[45.782721, 4.853151], [45.782577, 4.853361], [45.782519, 4.853317], [45.782386, 4.853202], [45.782329, 4.852993], [45.782504, 4.852931], [45.782597, 4.853022]]"
757.0,"[[45.774048, 4.856127], [45.774093, 4.856021], [45.774146, 4.856053], [45.774141, 4.856105]]"
758.0,"[[45.774258, 4.856163], [45.774295, 4.856075], [45.774444, 4.856111], [45.774468, 4.856127], [45.774392, 4.856203], [45.774385, 4.856203]]"
759.0,"[[45.775919, 4.855109], [45.775994, 4.854812], [45.776039, 4.854991], [45.776024, 4.855098], [45.77594, 4.855195]]"
760.0,"[[45.77294, 4.85591], [45.772972, 4.855813], [45.773031, 4.855786], [45.773038, 4.855791], [45.7733, 4.856], [45.773337, 4.856053], [45.77333, 4.856075], [45.772983, 4.855955]]"
761.0,"[[45.773097, 4.856044], [45.773297, 4.856211], [45.77325, 4.856294], [45.773147, 4.856208]]"
762.0,"[[45.780099, 4.848618], [45.779894, 4.848675], [45.77999, 4.848575]]"
763.0,"[[45.779722, 4.848333], [45.779638, 4.848232], [45.779825, 4.848167], [45.779855, 4.848167], [45.77984, 4.848253]]"
764.0,"[[45.77775, 4.857428], [45.777707, 4.857652], [45.777588, 4.857727], [45.777543, 4.857641], [45.7775, 4.8575], [45.777588, 4.857459]]"
765.0,"[[45.754637, 4.823803], [45.755569, 4.823437], [45.7556, 4.823708], [45.755597, 4.823741], [45.755307, 4.824188], [45.754746, 4.82406]]"
766.0,"[[45.779488, 4.847481], [45.779541, 4.847567], [45.779406, 4.847599], [45.779208, 4.847633], [45.779219, 4.847619], [45.779436, 4.847459]]"
767.0,"[[45.779527, 4.847966], [45.77945, 4.848072], [45.779361, 4.847996], [45.779172, 4.847788], [45.779358, 4.847841]]"
768.0,"[[45.775507, 4.856321], [45.775455, 4.856375], [45.775455, 4.856353], [45.77547, 4.856321]]"
769.0,"[[45.775427, 4.85643], [45.77538, 4.856396], [45.775395, 4.85637], [45.775416, 4.856391], [45.775418, 4.856396]]"
770.0,"[[45.776278, 4.85424], [45.775934, 4.854122], [45.776119, 4.853897]]"
771.0,"[[45.780618, 4.850313], [45.780917, 4.850056], [45.781075, 4.850281], [45.781247, 4.850677], [45.780992, 4.850807], [45.780847, 4.850652]]"
772.0,"[[45.782076, 4.850386], [45.782391, 4.850785], [45.78228, 4.850819], [45.782025, 4.850861], [45.781727, 4.8508], [45.78164, 4.85069], [45.781477, 4.85048], [45.781329, 4.850249], [45.781533, 4.850127]]"
773.0,"[[45.775837, 4.854648], [45.776233, 4.854369], [45.776494, 4.854669], [45.776585, 4.854916], [45.776272, 4.854852]]"
774.0,"[[45.773131, 4.854787], [45.773153, 4.854787], [45.773143, 4.854809]]"
775.0,"[[45.773135, 4.854712], [45.77315, 4.854691], [45.773139, 4.854755]]"
776.0,"[[45.7783, 4.857236], [45.778355, 4.857317], [45.778313, 4.857358], [45.778263, 4.857372], [45.778201, 4.857358], [45.778166, 4.857219], [45.778172, 4.857211], [45.778183, 4.857208]]"
777.0,"[[45.786808, 4.854566], [45.786793, 4.854469], [45.786882, 4.85423], [45.78693, 4.854158], [45.786903, 4.854369], [45.786881, 4.85453]]"
778.0,"[[45.782848, 4.852523], [45.782878, 4.852223], [45.78322, 4.852426], [45.78328, 4.8525], [45.783397, 4.852712], [45.783327, 4.853038], [45.78313, 4.853055], [45.783025, 4.853047], [45.782983, 4.852983]]"
779.0,"[[45.763383, 4.819155], [45.76326, 4.821002], [45.762833, 4.820667], [45.76256, 4.820315], [45.763194, 4.818838], [45.763316, 4.818861]]"
780.0,
781.0,
782.0,
783.0,"[[45.785743, 4.85645], [45.785494, 4.856377], [45.785713, 4.856194]]"
784.0,"[[45.777812, 4.856783], [45.777655, 4.856783], [45.77776, 4.856686], [45.77779, 4.856675], [45.777865, 4.856675]]"
785.0,"[[45.786061, 4.854713], [45.786087, 4.854068], [45.786263, 4.854319], [45.786497, 4.854674], [45.786161, 4.85478], [45.786077, 4.854772]]"
786.0,"[[45.777938, 4.856427], [45.778005, 4.856377], [45.778075, 4.856411], [45.778088, 4.856463], [45.778074, 4.856665], [45.777999, 4.85675], [45.777947, 4.856675]]"
787.0,"[[45.778036, 4.856802], [45.778261, 4.856816], [45.778252, 4.856911], [45.778197, 4.856938], [45.778186, 4.85693]]"
788.0,"[[45.777766, 4.857029], [45.77773, 4.857137], [45.777685, 4.857094], [45.777627, 4.857016], [45.777699, 4.856997]]"
789.0,"[[45.777811, 4.857266], [45.777772, 4.857222], [45.777805, 4.85719], [45.777846, 4.857158], [45.777877, 4.857175], [45.777903, 4.857203], [45.777891, 4.857244], [45.77785, 4.857276]]"
790.0,"[[45.778897, 4.847223], [45.778777, 4.847372], [45.778638, 4.847305], [45.778628, 4.846987], [45.778811, 4.847074], [45.77886, 4.847116], [45.77889, 4.84718]]"
791.0,"[[45.782309, 4.851729], [45.782444, 4.851665], [45.782647, 4.851972], [45.782384, 4.851944]]"
792.0,"[[45.782736, 4.851628], [45.782843, 4.852014], [45.782835, 4.852053], [45.782825, 4.8521], [45.782683, 4.852137], [45.78264, 4.852056], [45.782658, 4.851684], [45.782666, 4.851666]]"
793.0,"[[45.752373, 4.824156], [45.751952, 4.823813], [45.751955, 4.823686], [45.752146, 4.82353], [45.752253, 4.823555], [45.752608, 4.823769], [45.752537, 4.824071], [45.752447, 4.824156]]"
794.0,"[[45.777069, 4.853322], [45.777116, 4.852946], [45.777216, 4.852855], [45.777352, 4.852888], [45.777438, 4.853028], [45.777431, 4.853156], [45.777386, 4.853253], [45.777221, 4.853382], [45.777071, 4.853403]]"
795.0,"[[45.77675, 4.853736], [45.776666, 4.853666], [45.776687, 4.853583], [45.776982, 4.853553], [45.776963, 4.853585], [45.776772, 4.853725]]"
796.0,"[[45.777211, 4.855833], [45.777356, 4.855763], [45.77761, 4.855966], [45.777488, 4.856038]]"
797.0,"[[45.777692, 4.856053], [45.777685, 4.855796], [45.777827, 4.855796], [45.777895, 4.85586], [45.777827, 4.855935]]"
798.0,"[[45.751193, 4.822676], [45.751219, 4.822488], [45.751354, 4.822322], [45.751489, 4.822311], [45.751534, 4.822375], [45.751594, 4.822686], [45.751491, 4.82273], [45.751411, 4.822752]]"
799.0,"[[45.751498, 4.823212], [45.751399, 4.823255], [45.751455, 4.82306]]"
800.0,"[[45.785556, 4.854422], [45.785851, 4.854168], [45.785777, 4.854327], [45.785677, 4.854452], [45.785594, 4.854483]]"
801.0,"[[45.784547, 4.856866], [45.784547, 4.856886], [45.784533, 4.856875], [45.78453, 4.856869], [45.784541, 4.856866]]"
802.0,"[[45.776647, 4.855486], [45.776982, 4.85572], [45.776974, 4.855816], [45.776897, 4.855886], [45.776888, 4.855891], [45.776558, 4.855744], [45.776583, 4.855602]]"
803.0,"[[45.777341, 4.855227], [45.777326, 4.855516], [45.777212, 4.855442], [45.777124, 4.855334], [45.777281, 4.855248]]"
804.0,"[[45.785125, 4.852536], [45.785152, 4.852261], [45.785149, 4.852384]]"
805.0,"[[45.784367, 4.851515], [45.784494, 4.851429], [45.784444, 4.851666]]"
806.0,"[[45.777187, 4.853855], [45.777356, 4.853832], [45.777416, 4.853918], [45.777348, 4.85395]]"
807.0,"[[45.776772, 4.844584], [45.776937, 4.84452], [45.776977, 4.844602], [45.776991, 4.844636], [45.777022, 4.844897], [45.776775, 4.844691]]"
808.0,
809.0,"[[45.777692, 4.84637], [45.777636, 4.846125], [45.777685, 4.846043], [45.777777, 4.846215], [45.777761, 4.846255]]"
810.0,"[[45.77767, 4.846547], [45.777685, 4.846429], [45.777752, 4.846386], [45.777907, 4.846396], [45.778055, 4.846708], [45.778055, 4.846733], [45.77788, 4.846772], [45.777801, 4.84673]]"
811.0,"[[45.7845, 4.853183], [45.784427, 4.853088], [45.784531, 4.852974], [45.784747, 4.852747], [45.784881, 4.852771], [45.784927, 4.852802], [45.784988, 4.853069], [45.78498, 4.853194], [45.78493, 4.853441]]"
812.0,"[[45.785092, 4.853714], [45.78501, 4.853553], [45.785025, 4.853513], [45.785171, 4.853607]]"
813.0,"[[45.777088, 4.844833], [45.777161, 4.844841], [45.777191, 4.844863], [45.777232, 4.844916], [45.777266, 4.845163], [45.777206, 4.845142], [45.777116, 4.844949], [45.777101, 4.844913]]"
814.0,"[[45.754307, 4.843919], [45.754064, 4.843801], [45.754147, 4.843479], [45.754539, 4.843422]]"
815.0,"[[45.784703, 4.854683], [45.784875, 4.854527], [45.784936, 4.854825], [45.7849, 4.854875], [45.784813, 4.854855]]"
816.0,"[[45.784277, 4.852036], [45.784166, 4.851833], [45.784294, 4.851802], [45.784333, 4.851833]]"
817.0,"[[45.78481, 4.854212], [45.784955, 4.854163], [45.784919, 4.854377]]"
818.0,"[[45.784691, 4.854141], [45.784722, 4.854313], [45.784691, 4.854377], [45.784675, 4.854408], [45.784597, 4.854362], [45.784549, 4.85413], [45.784663, 4.854133]]"
819.0,"[[45.755055, 4.844333], [45.754611, 4.845166], [45.754787, 4.84438], [45.754862, 4.844203], [45.754983, 4.843919], [45.755008, 4.844058]]"
820.0,"[[45.77758, 4.84548], [45.777466, 4.845747], [45.777371, 4.845786], [45.777348, 4.845603], [45.777311, 4.845292], [45.777356, 4.845292]]"
821.0,"[[45.777166, 4.845499], [45.777325, 4.845533], [45.777188, 4.845597], [45.777102, 4.8456], [45.777094, 4.845592], [45.777119, 4.845511]]"
822.0,"[[45.754922, 4.842444], [45.75506, 4.842352], [45.75518, 4.842441], [45.755442, 4.842803], [45.755532, 4.843028], [45.755452, 4.843049], [45.755052, 4.842874], [45.754866, 4.842722], [45.754897, 4.842563]]"
823.0,"[[45.755678, 4.843254], [45.755951, 4.843457], [45.755868, 4.843661], [45.755747, 4.84363]]"
824.0,"[[45.776947, 4.854094], [45.776988, 4.854022], [45.777046, 4.854025], [45.777077, 4.854055], [45.777116, 4.854111], [45.77707, 4.854136], [45.777033, 4.85415]]"
825.0,"[[45.785107, 4.854937], [45.785216, 4.854666], [45.785237, 4.854667], [45.785182, 4.854862]]"
826.0,"[[45.785227, 4.855012], [45.785291, 4.854937], [45.785277, 4.855]]"
827.0,"[[45.785169, 4.855119], [45.785288, 4.855166], [45.785272, 4.855184], [45.785152, 4.855238], [45.785105, 4.85525], [45.785108, 4.855152]]"
828.0,"[[45.77719, 4.854263], [45.777266, 4.854347], [45.777221, 4.854412], [45.777026, 4.854508], [45.777061, 4.854427], [45.777094, 4.854379], [45.777101, 4.854369]]"
829.0,"[[45.784991, 4.855938], [45.785102, 4.855902], [45.785166, 4.85593], [45.785275, 4.856827], [45.785265, 4.856922], [45.785058, 4.856676], [45.784952, 4.856413], [45.784905, 4.856246], [45.78493, 4.856063]]"
830.0,"[[45.77688, 4.854269], [45.776919, 4.854313], [45.776883, 4.854566], [45.776797, 4.854622], [45.776833, 4.854333]]"
831.0,"[[45.783894, 4.852683], [45.783913, 4.852824], [45.783833, 4.852833], [45.783797, 4.852783], [45.783844, 4.85273]]"
832.0,"[[45.748716, 4.831313], [45.748703, 4.83082], [45.748833, 4.830733], [45.749123, 4.830851], [45.749213, 4.831205]]"
833.0,"[[45.77672, 4.855012], [45.776832, 4.854712], [45.776997, 4.854648], [45.776967, 4.854894], [45.776944, 4.855], [45.776922, 4.855055], [45.776914, 4.855066], [45.776866, 4.855127], [45.776855, 4.855138], [45.776811, 4.855169], [45.776775, 4.855147], [45.77673, 4.855099]]"
834.0,"[[45.776997, 4.854648], [45.777039, 4.854646], [45.777109, 4.854669], [45.777122, 4.854755], [45.777071, 4.854712]]"
835.0,"[[45.78395, 4.852516], [45.784015, 4.852559], [45.78393, 4.85255], [45.783833, 4.8525], [45.783888, 4.8525]]"
836.0,"[[45.785216, 4.857133], [45.785358, 4.857373], [45.785352, 4.857386], [45.785194, 4.857486], [45.785125, 4.857405], [45.785102, 4.857347], [45.785072, 4.85723], [45.785157, 4.857122]]"
837.0,"[[45.785244, 4.857613], [45.785175, 4.857641], [45.785216, 4.857552]]"
838.0,"[[45.746599, 4.823612], [45.746944, 4.823888], [45.746873, 4.824357], [45.746669, 4.824216]]"
839.0,
840.0,"[[45.784163, 4.8525], [45.784166, 4.8525], [45.784163, 4.852505]]"
841.0,
842.0,
843.0,"[[45.784284, 4.852395], [45.784262, 4.852416], [45.784262, 4.852384]]"
844.0,"[[45.784225, 4.852448], [45.784247, 4.852449], [45.784244, 4.852452]]"
845.0,"[[45.784225, 4.852395], [45.784254, 4.852427], [45.784234, 4.852416]]"
846.0,"[[45.748883, 4.824391], [45.748749, 4.823974], [45.749191, 4.823384], [45.749288, 4.823266], [45.749258, 4.823405], [45.749016, 4.824513]]"
847.0,"[[45.751853, 4.830961], [45.751676, 4.830487], [45.752133, 4.83025], [45.752432, 4.830379]]"
848.0,"[[45.753636, 4.828727], [45.754169, 4.829766], [45.754159, 4.829797], [45.753585, 4.83025], [45.753219, 4.830394], [45.752852, 4.830229], [45.752829, 4.830197], [45.752642, 4.829832], [45.752335, 4.829113], [45.752408, 4.828766], [45.75246, 4.828698], [45.753025, 4.828602], [45.753526, 4.828533]]"
849.0,"[[45.751686, 4.827352], [45.751819, 4.827287], [45.752333, 4.827333], [45.752253, 4.827526], [45.752013, 4.827761], [45.751847, 4.827611]]"
850.0,"[[45.751175, 4.827105], [45.751519, 4.826989], [45.751505, 4.827075]]"
851.0,"[[45.750108, 4.825953], [45.749907, 4.825842], [45.750036, 4.825744], [45.750224, 4.825605]]"
852.0,"[[45.749286, 4.824813], [45.749409, 4.824648], [45.749528, 4.824832], [45.749543, 4.824886], [45.749552, 4.824949], [45.749565, 4.825401], [45.749222, 4.825472], [45.749152, 4.825483], [45.749086, 4.825455], [45.749079, 4.825444], [45.749228, 4.824982]]"
853.0,"[[45.754094, 4.834316], [45.754339, 4.833772], [45.75452, 4.833691], [45.754547, 4.833736], [45.754734, 4.834059], [45.754763, 4.834183], [45.754641, 4.834531], [45.75454, 4.834638], [45.75428, 4.8346], [45.754155, 4.83458], [45.754125, 4.834483]]"
854.0,"[[45.753519, 4.83444], [45.753136, 4.834261], [45.752923, 4.834021], [45.752888, 4.833955], [45.752852, 4.833877], [45.753041, 4.833741], [45.753263, 4.833727], [45.753391, 4.833894]]"
855.0,"[[45.753286, 4.833168], [45.753376, 4.83275], [45.75363, 4.832793], [45.753462, 4.833279], [45.753355, 4.833225]]"
856.0,"[[45.754341, 4.825572], [45.754439, 4.825605], [45.754356, 4.825873], [45.75393, 4.826297], [45.75401, 4.825846], [45.754148, 4.825687]]"
857.0,"[[45.754371, 4.8276], [45.754424, 4.827375], [45.754596, 4.827504], [45.754638, 4.827588], [45.754608, 4.827619], [45.754555, 4.827647], [45.754401, 4.827611]]"
858.0,"[[45.753132, 4.831747], [45.753084, 4.831644], [45.753119, 4.831491], [45.753256, 4.83113], [45.753301, 4.831066], [45.75338, 4.830997], [45.753405, 4.830997], [45.753386, 4.831116], [45.753199, 4.831735], [45.753151, 4.831774]]"
859.0,"[[45.749483, 4.826538], [45.74952, 4.826323], [45.749633, 4.826184], [45.749706, 4.826173], [45.74976, 4.826195], [45.750116, 4.826986], [45.750082, 4.827096], [45.750037, 4.82716], [45.749978, 4.827149], [45.749662, 4.827042], [45.749535, 4.826919]]"
860.0,
861.0,
862.0,"[[45.748021, 4.82536], [45.747589, 4.825229], [45.747665, 4.825015], [45.747836, 4.824886], [45.747941, 4.8251]]"
863.0,"[[45.748884, 4.826152], [45.748871, 4.826131], [45.748914, 4.826002], [45.749041, 4.825959], [45.749256, 4.826188], [45.749272, 4.826206], [45.749266, 4.826248], [45.749177, 4.826409]]"
864.0,"[[45.748, 4.825562], [45.748023, 4.825456], [45.74818, 4.825336], [45.74836, 4.825251], [45.74845, 4.825272], [45.748598, 4.825522], [45.748755, 4.825816], [45.74851, 4.825777]]"
865.0,"[[45.7505, 4.827666], [45.750309, 4.827542], [45.750348, 4.827394], [45.750405, 4.827336], [45.750486, 4.827311], [45.7505, 4.827388], [45.750501, 4.827461]]"
866.0,"[[45.7539, 4.82674], [45.753905, 4.826788], [45.753892, 4.82686], [45.75387, 4.826924], [45.753864, 4.826935], [45.753735, 4.826999], [45.753763, 4.826883], [45.753826, 4.826743]]"
867.0,
868.0,"[[45.753757, 4.827225], [45.753683, 4.827182], [45.753698, 4.827128]]"
869.0,
870.0,"[[45.753698, 4.827246], [45.753683, 4.827268], [45.753686, 4.827246]]"
871.0,"[[45.751714, 4.82818], [45.751691, 4.828255], [45.751611, 4.828258], [45.751536, 4.82823], [45.75145, 4.828144], [45.751399, 4.828083], [45.751612, 4.828148]]"
872.0,"[[45.775724, 4.833126], [45.77603, 4.832602], [45.776114, 4.832675], [45.776263, 4.83305], [45.776237, 4.83311], [45.776001, 4.833523], [45.775904, 4.833517]]"
873.0,"[[45.759249, 4.841752], [45.759264, 4.84186], [45.759144, 4.84188], [45.758919, 4.841913], [45.75875, 4.841841], [45.758788, 4.841794], [45.758933, 4.841663], [45.758952, 4.841663]]"
874.0,"[[45.751044, 4.827955], [45.75105, 4.827844], [45.751205, 4.827868], [45.751287, 4.828022], [45.751205, 4.828051], [45.751136, 4.828055], [45.751111, 4.828055], [45.751055, 4.82804]]"
875.0,"[[45.750965, 4.82775], [45.751008, 4.827658], [45.751097, 4.82768], [45.751013, 4.827761]]"
876.0,"[[45.750875, 4.827836], [45.750755, 4.827804], [45.7508, 4.82775], [45.750853, 4.827718], [45.750875, 4.827729], [45.750922, 4.8278]]"
877.0,"[[45.759911, 4.842049], [45.759993, 4.842288], [45.759926, 4.842406], [45.7598, 4.842474], [45.759649, 4.842481], [45.759563, 4.8424], [45.7597, 4.8422]]"
878.0,"[[45.751263, 4.838205], [45.751175, 4.837866], [45.751194, 4.837841], [45.751327, 4.837786], [45.751388, 4.837777], [45.751427, 4.837899], [45.751437, 4.83805], [45.75138, 4.838116]]"
879.0,"[[45.760261, 4.842213], [45.760494, 4.842102], [45.760697, 4.842245], [45.760766, 4.842338], [45.760791, 4.842447], [45.76055, 4.842505], [45.760352, 4.842477]]"
880.0,"[[45.760711, 4.843189], [45.760655, 4.842822], [45.760841, 4.842722], [45.761008, 4.842922], [45.761016, 4.842933]]"
881.0,"[[45.774033, 4.826624], [45.773794, 4.82656], [45.773809, 4.826109], [45.773973, 4.826077], [45.774018, 4.826238]]"
882.0,"[[45.77107, 4.828137], [45.771706, 4.827482], [45.771743, 4.827493], [45.771983, 4.827944], [45.771274, 4.828441], [45.77104, 4.828598], [45.770988, 4.828603], [45.770988, 4.828287]]"
883.0,"[[45.7722, 4.827666], [45.771107, 4.826495], [45.771264, 4.826438], [45.772028, 4.826302], [45.772185, 4.826484], [45.772342, 4.827182]]"
884.0,"[[45.748337, 4.83186], [45.748472, 4.832128], [45.748333, 4.8325], [45.74812, 4.832375], [45.748218, 4.832042]]"
885.0,"[[45.765045, 4.82303], [45.765255, 4.823255], [45.765499, 4.823747], [45.765666, 4.824166], [45.764996, 4.823379], [45.764876, 4.823186], [45.764948, 4.823083]]"
886.0,"[[45.768563, 4.839692], [45.768488, 4.8395], [45.76851, 4.839262], [45.76863, 4.839102], [45.76866, 4.839091], [45.768735, 4.839241], [45.768775, 4.83943], [45.768786, 4.839713]]"
887.0,"[[45.754731, 4.8301], [45.755951, 4.830443], [45.755944, 4.83078], [45.755936, 4.830994], [45.755722, 4.830969], [45.754629, 4.830834], [45.754666, 4.830166]]"
888.0,"[[45.768729, 4.841268], [45.768833, 4.842166], [45.768735, 4.842245], [45.768608, 4.842299], [45.768413, 4.842225], [45.768391, 4.842052], [45.768488, 4.841425], [45.768555, 4.841365]]"
889.0,"[[45.7684, 4.82551], [45.769057, 4.825615], [45.768465, 4.825996], [45.768211, 4.825948], [45.768278, 4.825605]]"
890.0,"[[45.770501, 4.826806], [45.770785, 4.82684], [45.770726, 4.827053], [45.770576, 4.826979]]"
891.0,"[[45.7505, 4.837333], [45.7508, 4.83695], [45.750875, 4.837009], [45.750717, 4.837274]]"
892.0,"[[45.769333, 4.826666], [45.769402, 4.826319], [45.769425, 4.826302], [45.76971, 4.8262], [45.769835, 4.826291], [45.769947, 4.826431], [45.770005, 4.82666], [45.770003, 4.826739], [45.769596, 4.826774]]"
893.0,"[[45.769373, 4.825775], [45.769166, 4.825666], [45.769236, 4.824457], [45.769397, 4.824349], [45.769592, 4.824596], [45.769901, 4.825485]]"
894.0,"[[45.770292, 4.825519], [45.770516, 4.825766], [45.770456, 4.825916], [45.769863, 4.825769], [45.76985, 4.825723], [45.76994, 4.825648]]"
895.0,
896.0,"[[45.768261, 4.840876], [45.768465, 4.840775], [45.76854, 4.840797], [45.768537, 4.840877], [45.768525, 4.840929], [45.768391, 4.840904]]"
897.0,"[[45.765932, 4.824199], [45.76628, 4.824306], [45.766175, 4.824994], [45.76613, 4.825208], [45.766108, 4.825272], [45.766, 4.825166], [45.765711, 4.8245], [45.765833, 4.824333]]"
898.0,"[[45.761333, 4.821925], [45.761688, 4.821973], [45.761258, 4.822269], [45.761091, 4.822166], [45.761138, 4.822113]]"
899.0,"[[45.763893, 4.82252], [45.763735, 4.822375], [45.76381, 4.822264], [45.76399, 4.822225], [45.764009, 4.822228], [45.764045, 4.822303], [45.764005, 4.822386]]"
900.0,
901.0,"[[45.772959, 4.82922], [45.772477, 4.829564], [45.772252, 4.829564], [45.7722, 4.829322], [45.772488, 4.829033]]"
902.0,"[[45.774471, 4.82757], [45.774056, 4.827483], [45.774288, 4.827268], [45.774444, 4.827222], [45.77449, 4.827353]]"
903.0,"[[45.758766, 4.821722], [45.759061, 4.821549], [45.759175, 4.821691], [45.75887, 4.821774]]"
904.0,"[[45.772956, 4.827654], [45.772761, 4.82716], [45.773039, 4.826939], [45.773182, 4.826977], [45.773435, 4.827096], [45.773382, 4.827386]]"
905.0,"[[45.759725, 4.820616], [45.759664, 4.820798], [45.759607, 4.820681], [45.759572, 4.820466], [45.759722, 4.820555]]"
906.0,"[[45.758825, 4.81921], [45.759102, 4.81935], [45.759011, 4.819686], [45.758758, 4.819983], [45.758601, 4.819929], [45.7585, 4.819833], [45.7585, 4.819667], [45.758513, 4.819619], [45.758708, 4.819269]]"
907.0,"[[45.772855, 4.828539], [45.772777, 4.828333], [45.772956, 4.828051], [45.77321, 4.827901], [45.772941, 4.828512], [45.772914, 4.828522]]"
908.0,"[[45.758738, 4.820838], [45.7589, 4.821088], [45.7589, 4.821153], [45.75878, 4.821388], [45.7585, 4.821333], [45.758421, 4.821259], [45.758591, 4.82095], [45.758683, 4.820863]]"
909.0,"[[45.758878, 4.820551], [45.759122, 4.820558], [45.75918, 4.820686], [45.759138, 4.820738], [45.75904, 4.820828], [45.758893, 4.820755]]"
910.0,"[[45.758211, 4.82156], [45.757822, 4.821045], [45.757947, 4.820955], [45.758194, 4.820961], [45.758268, 4.821077]]"
911.0,"[[45.758488, 4.821783], [45.758436, 4.821876], [45.758301, 4.821817], [45.758261, 4.82173], [45.758327, 4.82168], [45.758406, 4.821689]]"
912.0,"[[45.773972, 4.828708], [45.774097, 4.828163], [45.774148, 4.828036], [45.774392, 4.828287], [45.774447, 4.829183], [45.774447, 4.829211], [45.77441, 4.829378], [45.774183, 4.829413], [45.774175, 4.829397]]"
913.0,"[[45.773457, 4.828067], [45.773899, 4.828523], [45.773524, 4.828662]]"
914.0,"[[45.763092, 4.82156], [45.762987, 4.821839], [45.763002, 4.821689]]"
915.0,"[[45.76015, 4.838511], [45.759948, 4.838081], [45.759975, 4.837877], [45.760105, 4.837763], [45.760277, 4.837739], [45.760442, 4.837932], [45.760599, 4.838125], [45.76039, 4.83836], [45.760238, 4.838475]]"
916.0,"[[45.761587, 4.823952], [45.761722, 4.823794], [45.761667, 4.824], [45.761611, 4.824091]]"
917.0,"[[45.762957, 4.822268], [45.762942, 4.822204], [45.763009, 4.822171], [45.763145, 4.822171], [45.763174, 4.822193]]"
918.0,"[[45.761802, 4.823686], [45.761786, 4.823705], [45.761666, 4.823666], [45.761555, 4.823622], [45.761561, 4.823616], [45.761722, 4.82355], [45.761782, 4.823631]]"
919.0,"[[45.755067, 4.836559], [45.754761, 4.83658], [45.754909, 4.836279], [45.755247, 4.836215]]"
920.0,"[[45.7594, 4.82005], [45.759342, 4.819983], [45.759416, 4.819886], [45.759441, 4.819909]]"
921.0,"[[45.760457, 4.820079], [45.760338, 4.819886], [45.760336, 4.81988], [45.760324, 4.819736], [45.7605, 4.819833], [45.760512, 4.81985], [45.760504, 4.819954]]"
922.0,"[[45.760479, 4.820111], [45.760457, 4.820187], [45.760397, 4.820201], [45.760382, 4.820197], [45.760363, 4.820187], [45.760427, 4.820111]]"
923.0,"[[45.760277, 4.820555], [45.760125, 4.820438], [45.760202, 4.820427], [45.760322, 4.820455], [45.760333, 4.8205]]"
924.0,
925.0,"[[45.7604, 4.820365], [45.76038, 4.820358], [45.760385, 4.820322]]"
926.0,"[[45.760216, 4.819558], [45.760412, 4.819457], [45.760386, 4.819633], [45.760372, 4.81963], [45.760286, 4.819605]]"
927.0,"[[45.759833, 4.819166], [45.759941, 4.819146], [45.76, 4.819166], [45.760025, 4.819177], [45.760164, 4.819317], [45.760155, 4.819383], [45.75988, 4.819325], [45.759819, 4.819283], [45.759822, 4.819211]]"
928.0,"[[45.762605, 4.823416], [45.762568, 4.823513], [45.762536, 4.823513], [45.7625, 4.8235], [45.762505, 4.823444], [45.762538, 4.823384], [45.762602, 4.823394]]"
929.0,"[[45.759572, 4.819455], [45.759701, 4.819489], [45.759634, 4.819543], [45.759622, 4.819543]]"
930.0,"[[45.761866, 4.822436], [45.76173, 4.822419], [45.761772, 4.822336]]"
931.0,"[[45.759815, 4.81997], [45.75984, 4.819933], [45.759858, 4.819949], [45.759873, 4.819972], [45.759875, 4.81998], [45.759877, 4.820033], [45.759838, 4.819997]]"
932.0,"[[45.759776, 4.820165], [45.759828, 4.820101], [45.759821, 4.820144]]"
933.0,"[[45.759626, 4.820079], [45.759694, 4.820101], [45.75963, 4.820106]]"
934.0,"[[45.761947, 4.82259], [45.761763, 4.822586], [45.761782, 4.822558], [45.761863, 4.822555]]"
935.0,"[[45.759802, 4.819586], [45.759833, 4.819666], [45.75978, 4.819672], [45.759768, 4.819672], [45.759766, 4.819655], [45.759769, 4.819641]]"
936.0,"[[45.759813, 4.819757], [45.759828, 4.819736], [45.759821, 4.819768]]"
937.0,"[[45.759722, 4.819722], [45.759769, 4.819719], [45.759788, 4.819733], [45.75977, 4.819737]]"
938.0,
939.0,"[[45.759755, 4.819833], [45.759791, 4.819811], [45.759783, 4.819854], [45.759768, 4.819879]]"
940.0,
941.0,"[[45.759744, 4.819902], [45.7597, 4.819927], [45.759685, 4.819901], [45.759667, 4.819833], [45.759679, 4.819822]]"
942.0,"[[45.75971, 4.819781], [45.759663, 4.8198], [45.759682, 4.81977]]"
943.0,"[[45.761944, 4.823333], [45.761922, 4.823266], [45.761991, 4.823223], [45.762027, 4.823272]]"
944.0,"[[45.748075, 4.833447], [45.747881, 4.833168], [45.748058, 4.833141], [45.748458, 4.8331], [45.748831, 4.833523], [45.748925, 4.83376], [45.748592, 4.833693]]"
945.0,"[[45.762044, 4.821358], [45.762141, 4.821324], [45.762166, 4.821333], [45.762194, 4.821388], [45.762191, 4.821436], [45.7621, 4.821442], [45.762047, 4.821425]]"
946.0,"[[45.761991, 4.82135], [45.761958, 4.821288], [45.761969, 4.821252], [45.762036, 4.82127], [45.76205, 4.821294], [45.762044, 4.821327]]"
947.0,
948.0,"[[45.762366, 4.823631], [45.762333, 4.823666], [45.762358, 4.823631]]"
949.0,"[[45.761932, 4.822289], [45.762016, 4.82233], [45.762021, 4.822345], [45.762038, 4.822402], [45.761991, 4.822365]]"
950.0,"[[45.762061, 4.822486], [45.762019, 4.822575], [45.761991, 4.822558], [45.761975, 4.822477], [45.761999, 4.822465]]"
951.0,"[[45.773824, 4.830894], [45.773532, 4.830905], [45.77345, 4.830894], [45.773345, 4.83083], [45.773333, 4.83], [45.773502, 4.829897], [45.77363, 4.830002]]"
952.0,"[[45.759349, 4.833319], [45.75875, 4.833673], [45.758878, 4.833329], [45.75902, 4.833158]]"
953.0,"[[45.762171, 4.823673], [45.762205, 4.823663], [45.762225, 4.823669], [45.762194, 4.823673]]"
954.0,"[[45.762205, 4.823383], [45.762208, 4.823507], [45.762186, 4.823561], [45.762134, 4.823684], [45.762089, 4.823652], [45.762119, 4.823513]]"
955.0,"[[45.762141, 4.823314], [45.762134, 4.823287], [45.762156, 4.823255], [45.762164, 4.823244], [45.762201, 4.823244], [45.762242, 4.823287]]"
956.0,"[[45.762223, 4.823169], [45.762253, 4.823126], [45.76228, 4.823138], [45.762298, 4.82318], [45.762294, 4.823213], [45.762253, 4.823212]]"
957.0,"[[45.752333, 4.837166], [45.752425, 4.837576], [45.752238, 4.837738], [45.75205, 4.837775], [45.751873, 4.837658], [45.752043, 4.837374]]"
958.0,"[[45.749822, 4.834499], [45.749719, 4.834242], [45.749857, 4.834274], [45.749962, 4.834413]]"
959.0,"[[45.749556, 4.834406], [45.749394, 4.83443], [45.749208, 4.834297], [45.74913, 4.834213], [45.749141, 4.834149], [45.749366, 4.834116], [45.749436, 4.834191]]"
960.0,"[[45.762643, 4.822461], [45.762719, 4.822477], [45.762667, 4.8225], [45.762666, 4.8225]]"
961.0,"[[45.762536, 4.822272], [45.762652, 4.822305], [45.762644, 4.822394], [45.762613, 4.822441]]"
962.0,"[[45.762, 4.822166], [45.761944, 4.822113], [45.762052, 4.822101], [45.762138, 4.82213], [45.76208, 4.82215]]"
963.0,"[[45.753094, 4.837827], [45.752994, 4.837725], [45.753091, 4.837527], [45.753119, 4.837494], [45.75366, 4.837568], [45.753733, 4.837597], [45.753735, 4.837608], [45.75375, 4.837846], [45.75369, 4.837857], [45.753252, 4.837841]]"
964.0,"[[45.751414, 4.835829], [45.751086, 4.835563], [45.751094, 4.835486], [45.751341, 4.835377], [45.751505, 4.83543], [45.751583, 4.835477], [45.751458, 4.835793]]"
965.0,"[[45.750516, 4.835164], [45.750943, 4.835186], [45.751122, 4.835383], [45.75079, 4.835302]]"
966.0,"[[45.752388, 4.835851], [45.752428, 4.835496], [45.752516, 4.835252], [45.752616, 4.835175], [45.752627, 4.835196], [45.752633, 4.835369], [45.752633, 4.835466], [45.752545, 4.835615]]"
967.0,"[[45.752043, 4.836773], [45.751878, 4.836516], [45.75217, 4.83599], [45.752264, 4.83592], [45.75235, 4.835894], [45.752444, 4.835908], [45.752461, 4.836091], [45.752519, 4.836938]]"
968.0,"[[45.762869, 4.834427], [45.762752, 4.834469], [45.762658, 4.834469], [45.76265, 4.834438], [45.762663, 4.8344], [45.762741, 4.834263], [45.762847, 4.834361]]"
969.0,"[[45.752933, 4.837157], [45.752827, 4.837227], [45.752852, 4.83716]]"
970.0,"[[45.752956, 4.837181], [45.753038, 4.837061], [45.753046, 4.837074], [45.753016, 4.837122]]"
971.0,"[[45.76336, 4.834289], [45.763303, 4.834345], [45.76324, 4.834322], [45.763219, 4.834209], [45.763238, 4.834192], [45.76336, 4.834196]]"
972.0,
973.0,"[[45.762566, 4.821888], [45.762602, 4.821886], [45.762643, 4.821925], [45.762627, 4.821944], [45.762597, 4.821977], [45.762575, 4.821947]]"
974.0,"[[45.775, 4.830555], [45.774922, 4.830472], [45.775, 4.830277], [45.775188, 4.830072], [45.775275, 4.83023], [45.775407, 4.830486], [45.775277, 4.830555]]"
975.0,"[[45.761908, 4.822841], [45.761925, 4.8228], [45.762044, 4.82274], [45.762058, 4.822752], [45.762041, 4.822852], [45.76203, 4.822872], [45.762005, 4.822897], [45.761966, 4.82293], [45.761933, 4.822938], [45.761916, 4.822905]]"
976.0,"[[45.76274, 4.822762], [45.762811, 4.822775], [45.762774, 4.822783], [45.762747, 4.822772]]"
977.0,"[[45.761003, 4.83246], [45.761041, 4.832471], [45.761021, 4.832477], [45.761011, 4.832471]]"
978.0,"[[45.76108, 4.832266], [45.761093, 4.832267], [45.761101, 4.832289], [45.761108, 4.83231], [45.761101, 4.832342], [45.761071, 4.832375], [45.761071, 4.832342]]"
979.0,"[[45.761041, 4.832396], [45.761079, 4.832375], [45.761071, 4.832417], [45.761048, 4.832417], [45.761041, 4.832407]]"
980.0,"[[45.76268, 4.822729], [45.762658, 4.822643], [45.762663, 4.822627], [45.762706, 4.82259], [45.762717, 4.82259], [45.762793, 4.822649], [45.7628, 4.822666], [45.76277, 4.822692], [45.762738, 4.822708]]"
981.0,"[[45.762658, 4.822762], [45.762688, 4.822804], [45.762665, 4.822837], [45.762553, 4.822901], [45.762523, 4.822912], [45.762523, 4.822862], [45.762534, 4.822826]]"
982.0,"[[45.757942, 4.83746], [45.757836, 4.83735], [45.757863, 4.837186], [45.757872, 4.837174], [45.758039, 4.83702], [45.758125, 4.837141], [45.758017, 4.837363]]"
983.0,"[[45.762477, 4.822466], [45.762523, 4.822525], [45.762522, 4.822527], [45.7625, 4.8225]]"
984.0,"[[45.762269, 4.82165], [45.762275, 4.82173], [45.762245, 4.821766], [45.762238, 4.821763], [45.762208, 4.82173], [45.762201, 4.821722], [45.762194, 4.821689], [45.762202, 4.821677], [45.762222, 4.821666]]"
985.0,"[[45.762478, 4.822601], [45.762482, 4.822645], [45.762452, 4.822631], [45.762418, 4.822611], [45.762458, 4.822602]]"
986.0,"[[45.762777, 4.82291], [45.762762, 4.82289], [45.762777, 4.822869], [45.762788, 4.822863], [45.762792, 4.822869], [45.762792, 4.82289]]"
987.0,"[[45.762819, 4.823003], [45.762837, 4.822955], [45.762838, 4.822956], [45.762852, 4.822987], [45.762837, 4.823008]]"
988.0,"[[45.762375, 4.821597], [45.762353, 4.821581], [45.762328, 4.821517], [45.762319, 4.821483], [45.762358, 4.821453], [45.762405, 4.821438], [45.762463, 4.821483], [45.762463, 4.821501], [45.762441, 4.821538]]"
989.0,"[[45.762658, 4.822901], [45.762658, 4.82289], [45.762663, 4.82289], [45.762669, 4.822897], [45.762671, 4.822917]]"
990.0,"[[45.755319, 4.838658], [45.755074, 4.838707], [45.75494, 4.838662], [45.754678, 4.838329], [45.754469, 4.838007], [45.754997, 4.838341]]"
991.0,"[[45.762747, 4.822976], [45.762783, 4.822944], [45.762786, 4.822983], [45.76278, 4.822983]]"
992.0,"[[45.762714, 4.823062], [45.762708, 4.823052], [45.762717, 4.82304], [45.762744, 4.823022], [45.76274, 4.823062], [45.762736, 4.823069]]"
993.0,"[[45.762747, 4.823052], [45.762785, 4.82304], [45.762788, 4.823055], [45.762772, 4.823061], [45.762761, 4.823061]]"
994.0,"[[45.762627, 4.823086], [45.762647, 4.823066], [45.762652, 4.823066], [45.762658, 4.823077], [45.762661, 4.823088], [45.762644, 4.8231]]"
995.0,"[[45.762663, 4.823027], [45.762672, 4.823005], [45.76268, 4.823022], [45.762686, 4.823041], [45.762669, 4.823052]]"
996.0,"[[45.762636, 4.822972], [45.762661, 4.823005], [45.762635, 4.82304], [45.762627, 4.823047], [45.762613, 4.82304], [45.762611, 4.823038], [45.762611, 4.822999]]"
997.0,"[[45.76265, 4.840604], [45.762097, 4.840905], [45.761887, 4.840861], [45.761252, 4.840416], [45.7617, 4.840207], [45.761864, 4.840185]]"
998.0,"[[45.762166, 4.822], [45.762216, 4.82201], [45.762211, 4.822055], [45.762177, 4.822077], [45.762163, 4.822069], [45.76215, 4.822055], [45.762133, 4.822033], [45.762141, 4.822019]]"
999.0,"[[45.762156, 4.822815], [45.762127, 4.822783], [45.762141, 4.822772], [45.762171, 4.822794], [45.762164, 4.822804]]"
1000.0,"[[45.762119, 4.822847], [45.762141, 4.822837], [45.762134, 4.822847], [45.762122, 4.822863]]"
1001.0,"[[45.762194, 4.822611], [45.762208, 4.822601], [45.76223, 4.82263], [45.762233, 4.822641], [45.762223, 4.822654], [45.762213, 4.82264]]"
1002.0,"[[45.762343, 4.821839], [45.762347, 4.821827], [45.762377, 4.821801], [45.762425, 4.821836], [45.762427, 4.821844], [45.762427, 4.821855], [45.762422, 4.821863], [45.762411, 4.821871], [45.762377, 4.821869], [45.762343, 4.82185]]"
1003.0,"[[45.762438, 4.821772], [45.762416, 4.821794], [45.762395, 4.821781], [45.762388, 4.821774], [45.762386, 4.821758], [45.762387, 4.821754]]"
1004.0,"[[45.762538, 4.822171], [45.76256, 4.82215], [45.762558, 4.822152]]"
1005.0,"[[45.76243, 4.822811], [45.762405, 4.822786], [45.762439, 4.822779], [45.762453, 4.822786]]"
1006.0,"[[45.762306, 4.822858], [45.762298, 4.822847], [45.762322, 4.822841], [45.762322, 4.822858]]"
1007.0,"[[45.762311, 4.82278], [45.762351, 4.822804], [45.762336, 4.822805], [45.762291, 4.822804], [45.762302, 4.822783]]"
1008.0,"[[45.762351, 4.822804], [45.762388, 4.822811], [45.762373, 4.822815]]"
1009.0,
1010.0,"[[45.762305, 4.822027], [45.762272, 4.822053], [45.762283, 4.822032]]"
1011.0,"[[45.762238, 4.822483], [45.762241, 4.822511], [45.762238, 4.822518], [45.762213, 4.82253], [45.762208, 4.822515], [45.762222, 4.8225]]"
1012.0,"[[45.762455, 4.822166], [45.762441, 4.822161], [45.762455, 4.822161]]"
1013.0,
1014.0,"[[45.765886, 4.838466], [45.765605, 4.838605], [45.765397, 4.838544], [45.765388, 4.838447], [45.765386, 4.837857], [45.765525, 4.837975]]"
1015.0,"[[45.765944, 4.83858], [45.765886, 4.838466], [45.765997, 4.838411], [45.766019, 4.838405], [45.76608, 4.838413], [45.766135, 4.83844], [45.766147, 4.838494], [45.766155, 4.838563], [45.766155, 4.83858]]"
1016.0,"[[45.760113, 4.840924], [45.760077, 4.841083], [45.759903, 4.841065], [45.759842, 4.840973], [45.759778, 4.840829], [45.759978, 4.84085]]"
1017.0,"[[45.764725, 4.841508], [45.764772, 4.841167], [45.764797, 4.841191], [45.764837, 4.841275], [45.764877, 4.841518], [45.764847, 4.841558], [45.764788, 4.841608]]"
1018.0,"[[45.763406, 4.838554], [45.763563, 4.838329], [45.763788, 4.838383], [45.763788, 4.838704], [45.763777, 4.838763], [45.763589, 4.839187], [45.763416, 4.838686]]"
1019.0,"[[45.759903, 4.839229], [45.760172, 4.838997], [45.760262, 4.839155], [45.760173, 4.839413], [45.760038, 4.839498], [45.759975, 4.839391]]"
1020.0,"[[45.762408, 4.822055], [45.762402, 4.822013], [45.762411, 4.82201], [45.762422, 4.822052]]"
1021.0,"[[45.765622, 4.840136], [45.766136, 4.8409], [45.765932, 4.841199], [45.76575, 4.841386], [45.765442, 4.841365], [45.765277, 4.841237], [45.765272, 4.84115], [45.765277, 4.841129], [45.765337, 4.840947]]"
1022.0,"[[45.765606, 4.840292], [45.765494, 4.839831], [45.7655, 4.839666], [45.765517, 4.83952], [45.765636, 4.839627], [45.765734, 4.839735], [45.765711, 4.84025]]"
1023.0,"[[45.762344, 4.821986], [45.762366, 4.821947], [45.762438, 4.821919], [45.762447, 4.821927], [45.762455, 4.821935], [45.762418, 4.821968], [45.762366, 4.821989]]"
1024.0,"[[45.756636, 4.838463], [45.756625, 4.838318], [45.756791, 4.837955], [45.756931, 4.837846], [45.756969, 4.837868], [45.75705, 4.837994], [45.756916, 4.838415], [45.756714, 4.838683]]"
1025.0,"[[45.763466, 4.839649], [45.7635, 4.8395], [45.763614, 4.839413], [45.763637, 4.83946], [45.763685, 4.83967], [45.763649, 4.839842], [45.763586, 4.839863], [45.763556, 4.839842]]"
1026.0,"[[45.759746, 4.840066], [45.759663, 4.840174], [45.759529, 4.840089], [45.759499, 4.839971], [45.759656, 4.839938]]"
1027.0,"[[45.759746, 4.840066], [45.760004, 4.83982], [45.760158, 4.839863], [45.760205, 4.840375], [45.76013, 4.840505], [45.760018, 4.840503], [45.759884, 4.840351]]"
1028.0,"[[45.762416, 4.822125], [45.762397, 4.822105], [45.762397, 4.822102], [45.762411, 4.822086], [45.762427, 4.8221], [45.762427, 4.822105]]"
1029.0,"[[45.762418, 4.822354], [45.762401, 4.822343], [45.762405, 4.822325], [45.76241, 4.822313], [45.762425, 4.822336], [45.762427, 4.822341]]"
1030.0,"[[45.763507, 4.84045], [45.763526, 4.840099], [45.763563, 4.840024], [45.763593, 4.840013], [45.763627, 4.840056], [45.763655, 4.840113], [45.763616, 4.840292]]"
1031.0,"[[45.7635, 4.840833], [45.763558, 4.840558], [45.763638, 4.840582], [45.763804, 4.840696], [45.763848, 4.840829], [45.763741, 4.840936], [45.763623, 4.840979], [45.763507, 4.84092]]"
1032.0,"[[45.762333, 4.822077], [45.762347, 4.822063], [45.762366, 4.822091], [45.762373, 4.822107], [45.762361, 4.822113], [45.762351, 4.822112], [45.762347, 4.822108]]"
1033.0,
1034.0,"[[45.762306, 4.822697], [45.762301, 4.822728], [45.76228, 4.822716], [45.762275, 4.822702], [45.762291, 4.822686]]"
1035.0,"[[45.757694, 4.829919], [45.757762, 4.829478], [45.75785, 4.829569], [45.757833, 4.829833]]"
1036.0,"[[45.75591, 4.839187], [45.755764, 4.839166], [45.755801, 4.839005], [45.755831, 4.838976]]"
1037.0,"[[45.762361, 4.822236], [45.762328, 4.822204], [45.762351, 4.822204], [45.762363, 4.822212], [45.762363, 4.822216]]"
1038.0,"[[45.762343, 4.822193], [45.762328, 4.822161], [45.762336, 4.822147]]"
1039.0,"[[45.762347, 4.822279], [45.76235, 4.822256], [45.762388, 4.822268], [45.762371, 4.822282]]"
1040.0,"[[45.76239, 4.822235], [45.762408, 4.822241], [45.762405, 4.822244], [45.762396, 4.822249]]"
1041.0,"[[45.758369, 4.840164], [45.758359, 4.840071], [45.75849, 4.840034], [45.758519, 4.840048], [45.758522, 4.840052], [45.758519, 4.840119]]"
1042.0,"[[45.758879, 4.840307], [45.75878, 4.840335], [45.758653, 4.840239], [45.758623, 4.840153], [45.758631, 4.840142], [45.758795, 4.840142], [45.758848, 4.840207]]"
1043.0,"[[45.762361, 4.822699], [45.76233, 4.822711], [45.762332, 4.822643], [45.762343, 4.822654], [45.762358, 4.822674]]"
1044.0,
1045.0,"[[45.762283, 4.822236], [45.762281, 4.822224], [45.762286, 4.822219], [45.762294, 4.822222], [45.762294, 4.822236]]"
1046.0,"[[45.762291, 4.822633], [45.762295, 4.822622], [45.762305, 4.822622], [45.762313, 4.822643], [45.76231, 4.822654], [45.762298, 4.822654]]"
1047.0,"[[45.762288, 4.822619], [45.762275, 4.822605], [45.762291, 4.822591], [45.762298, 4.82259]]"
1048.0,"[[45.756602, 4.840636], [45.756587, 4.840507], [45.756675, 4.840382], [45.756744, 4.840507]]"
1049.0,"[[45.762276, 4.822568], [45.762268, 4.822558], [45.762272, 4.822555], [45.762298, 4.822547], [45.762291, 4.822559], [45.762281, 4.82257]]"
1050.0,"[[45.762317, 4.822311], [45.762313, 4.822306], [45.762313, 4.822299]]"
1051.0,"[[45.762313, 4.822363], [45.762308, 4.822377], [45.762286, 4.822372], [45.76228, 4.82237], [45.762276, 4.822354], [45.762287, 4.822348], [45.762295, 4.822348]]"
1052.0,
1053.0,"[[45.762286, 4.822269], [45.762291, 4.822268], [45.762288, 4.822274]]"
1054.0,
1055.0,"[[45.762311, 4.822408], [45.762327, 4.822397], [45.762333, 4.822402], [45.762333, 4.822437], [45.762328, 4.82245], [45.762311, 4.822441]]"
1056.0,"[[45.762328, 4.822547], [45.762321, 4.822558], [45.762313, 4.822544], [45.762313, 4.822536], [45.762327, 4.822544]]"
1057.0,
1058.0,
1059.0,
1060.0,
1061.0,"[[45.762321, 4.822504], [45.762328, 4.822525], [45.762322, 4.822513]]"
1062.0,"[[45.762321, 4.822504], [45.76232, 4.822485], [45.76233, 4.82248], [45.762336, 4.822483], [45.762336, 4.822493]]"
1063.0,"[[45.770045, 4.832707], [45.770223, 4.832255], [45.770426, 4.832267], [45.770321, 4.83245]]"
1064.0,"[[45.756233, 4.840619], [45.756333, 4.840486], [45.756425, 4.8405], [45.756433, 4.840744], [45.756308, 4.840757], [45.756254, 4.840715]]"
1065.0,"[[45.76593, 4.8357], [45.765831, 4.835432], [45.766083, 4.835163], [45.766115, 4.835239]]"
1066.0,"[[45.773951, 4.837063], [45.773766, 4.837449], [45.773682, 4.837439], [45.773674, 4.837428], [45.773633, 4.837063], [45.773642, 4.836997], [45.773674, 4.836924]]"
1067.0,"[[45.774654, 4.835937], [45.774797, 4.835743], [45.774946, 4.835797], [45.775055, 4.836016], [45.774909, 4.836012]]"
1068.0,"[[45.774273, 4.836258], [45.774472, 4.836259], [45.774437, 4.836452], [45.77431, 4.836741], [45.774265, 4.836752], [45.774167, 4.836667], [45.774155, 4.836653], [45.774074, 4.836478], [45.774153, 4.836343]]"
1069.0,"[[45.774759, 4.836323], [45.774654, 4.836183], [45.774707, 4.836194]]"
1070.0,"[[45.757792, 4.839906], [45.757751, 4.840164], [45.757669, 4.840164], [45.757403, 4.83996], [45.75739, 4.839856], [45.757441, 4.839852], [45.75777, 4.839853]]"
1071.0,"[[45.77367, 4.832096], [45.773689, 4.83201], [45.77393, 4.832077], [45.774018, 4.832165], [45.773955, 4.832187], [45.773741, 4.832139], [45.773689, 4.832117], [45.773675, 4.832111]]"
1072.0,"[[45.774521, 4.831487], [45.774412, 4.831591], [45.774392, 4.831559], [45.774265, 4.831334], [45.774415, 4.831387]]"
1073.0,"[[45.761039, 4.837063], [45.760664, 4.836924], [45.760667, 4.836833], [45.760868, 4.836736], [45.761014, 4.83678], [45.761026, 4.836792], [45.761044, 4.836866]]"
1074.0,"[[45.774265, 4.832171], [45.774223, 4.832129], [45.774236, 4.832028], [45.774426, 4.832015], [45.774344, 4.832096]]"
1075.0,"[[45.774606, 4.832203], [45.774444, 4.831944], [45.774482, 4.83186], [45.774611, 4.831784], [45.774858, 4.831967], [45.774864, 4.831988], [45.774824, 4.832084], [45.774774, 4.832181], [45.774722, 4.832222]]"
1076.0,"[[45.756744, 4.838886], [45.756714, 4.839477], [45.756445, 4.839327], [45.756425, 4.839272], [45.756417, 4.839242], [45.756547, 4.838869], [45.756558, 4.838852], [45.756684, 4.838833]]"
1077.0,"[[45.759918, 4.833941], [45.759697, 4.834095], [45.759584, 4.834061], [45.759424, 4.833977], [45.759444, 4.833888], [45.759551, 4.83381], [45.759903, 4.833909]]"
1078.0,"[[45.75896, 4.83393], [45.758937, 4.833836], [45.758975, 4.833812], [45.759147, 4.833769], [45.759327, 4.833834]]"
1079.0,"[[45.761615, 4.832691], [45.761842, 4.832396], [45.76201, 4.832402], [45.763002, 4.832589], [45.763101, 4.832694], [45.763015, 4.83282], [45.762852, 4.832938], [45.762089, 4.83319], [45.761662, 4.833179], [45.76158, 4.833055], [45.761587, 4.832881]]"
1080.0,"[[45.761166, 4.834], [45.761332, 4.8341], [45.76133, 4.834105], [45.76119, 4.834315], [45.761123, 4.834349], [45.761086, 4.834263], [45.761049, 4.834036], [45.761101, 4.834005]]"
1081.0,"[[45.774363, 4.835035], [45.774291, 4.835078], [45.774336, 4.835047]]"
1082.0,"[[45.757102, 4.839927], [45.757152, 4.839975], [45.757104, 4.840078], [45.757056, 4.840061], [45.757062, 4.840024], [45.75708, 4.83996]]"
1083.0,"[[45.756005, 4.839511], [45.756077, 4.839613], [45.756041, 4.839649], [45.755994, 4.839646], [45.75593, 4.8396], [45.755933, 4.839591], [45.755944, 4.839572]]"
1084.0,"[[45.761497, 4.8335], [45.761271, 4.833405], [45.761385, 4.833297], [45.761539, 4.833297], [45.761543, 4.83337]]"
1085.0,
1086.0,"[[45.756103, 4.839757], [45.75608, 4.839744], [45.756086, 4.839735], [45.756088, 4.839737], [45.756095, 4.839746], [45.756098, 4.83975]]"
1087.0,"[[45.774696, 4.835314], [45.774586, 4.83528], [45.774499, 4.835166], [45.774493, 4.8351], [45.774692, 4.835207], [45.774722, 4.83525], [45.774698, 4.835314]]"
1088.0,"[[45.756669, 4.840073], [45.756508, 4.839838], [45.756586, 4.839655], [45.756777, 4.839594], [45.756897, 4.839616], [45.757014, 4.839735], [45.756872, 4.839992], [45.756782, 4.840121]]"
1089.0,"[[45.756254, 4.839965], [45.756265, 4.839922], [45.756437, 4.839874], [45.756469, 4.839888], [45.756314, 4.840072], [45.756295, 4.840078], [45.756265, 4.840073]]"
1090.0,"[[45.774516, 4.833961], [45.77471, 4.834107], [45.774709, 4.834251], [45.774662, 4.834461], [45.774632, 4.834499], [45.774566, 4.834463], [45.774555, 4.834455], [45.774422, 4.834069], [45.77442, 4.833976], [45.77443, 4.833972], [45.774467, 4.833962]]"
1091.0,"[[45.772753, 4.833884], [45.773144, 4.833925], [45.772978, 4.834097], [45.772833, 4.83407]]"
1092.0,"[[45.774675, 4.834866], [45.774648, 4.834826], [45.774653, 4.834793], [45.774675, 4.834778], [45.774709, 4.834821], [45.774715, 4.834841], [45.774684, 4.834864]]"
1093.0,"[[45.774707, 4.834992], [45.774683, 4.834875], [45.774737, 4.834917], [45.774784, 4.834975]]"
1094.0,"[[45.757463, 4.836366], [45.757478, 4.837095], [45.757413, 4.837227], [45.757166, 4.837333], [45.757136, 4.837344], [45.757025, 4.837251], [45.757, 4.837166], [45.757005, 4.83705], [45.757056, 4.836659], [45.757125, 4.836583], [45.757336, 4.836366]]"
1095.0,"[[45.75844, 4.836623], [45.758586, 4.83672], [45.758538, 4.836891], [45.758511, 4.836897], [45.758466, 4.836881], [45.758331, 4.836752], [45.758331, 4.836677]]"
1096.0,"[[45.757268, 4.829957], [45.757436, 4.829911], [45.757569, 4.830069], [45.75768, 4.83025], [45.757351, 4.830143]]"
1097.0,"[[45.758816, 4.836475], [45.758888, 4.836388], [45.758885, 4.836452], [45.758848, 4.836494]]"
1098.0,"[[45.758863, 4.836623], [45.759047, 4.836566], [45.758967, 4.836623]]"
1099.0,"[[45.758923, 4.836966], [45.75884, 4.837009], [45.75884, 4.836838], [45.758844, 4.836738], [45.758861, 4.836758], [45.758905, 4.836848]]"
1100.0,"[[45.759398, 4.83592], [45.759244, 4.836237], [45.759158, 4.836226], [45.758788, 4.836152], [45.758505, 4.835925], [45.758443, 4.835845], [45.758422, 4.835716], [45.759308, 4.835816], [45.759364, 4.835851]]"
1101.0,"[[45.762358, 4.835636], [45.762613, 4.835529], [45.762702, 4.8357], [45.762636, 4.835756], [45.7624, 4.835783]]"
1102.0,"[[45.759476, 4.836207], [45.759513, 4.83613], [45.759533, 4.836183], [45.759502, 4.83623]]"
1103.0,"[[45.759521, 4.836376], [45.759444, 4.836388], [45.759475, 4.836258]]"
1104.0,"[[45.76375, 4.837223], [45.76381, 4.836977], [45.763848, 4.837106], [45.763816, 4.837288]]"
1105.0,"[[45.760277, 4.833333], [45.760366, 4.833361], [45.76033, 4.833351]]"
1106.0,"[[45.764613, 4.836897], [45.764641, 4.836847], [45.764697, 4.836836], [45.764725, 4.836844], [45.764763, 4.836887], [45.764797, 4.836972], [45.764776, 4.837009], [45.764694, 4.836986], [45.764622, 4.836925]]"
1107.0,"[[45.765397, 4.835721], [45.765384, 4.83605], [45.765177, 4.835994], [45.765124, 4.835931], [45.765127, 4.835915], [45.765245, 4.835591], [45.765255, 4.83558], [45.765277, 4.835566]]"
1108.0,"[[45.765666, 4.835999], [45.765563, 4.836019], [45.765536, 4.835997], [45.765487, 4.835915], [45.765562, 4.835883], [45.765631, 4.835954]]"
1109.0,"[[45.762333, 4.837166], [45.7628, 4.83731], [45.762822, 4.837646], [45.7625, 4.837333]]"
1110.0,"[[45.762949, 4.838232], [45.762811, 4.837952], [45.762833, 4.837772], [45.762927, 4.837696], [45.763036, 4.837788], [45.763163, 4.837936], [45.763203, 4.838153]]"
1111.0,"[[45.763347, 4.833208], [45.763866, 4.833086], [45.763698, 4.833405], [45.763421, 4.833351], [45.76338, 4.833275]]"
1112.0,"[[45.758316, 4.836237], [45.757957, 4.836409], [45.757533, 4.836128], [45.757497, 4.835972], [45.757691, 4.835788], [45.757859, 4.835863], [45.758294, 4.836172]]"
1113.0,"[[45.757905, 4.830274], [45.757987, 4.830465], [45.757913, 4.830528], [45.757598, 4.8304], [45.757762, 4.830279]]"
1114.0,"[[45.761452, 4.83645], [45.761662, 4.83643], [45.761722, 4.8365], [45.761782, 4.836591], [45.761774, 4.836623], [45.761525, 4.836572], [45.761497, 4.836555]]"
1115.0,
1116.0,
1117.0,
1118.0,
1119.0,
1120.0,"[[45.760523, 4.833326], [45.760572, 4.833302], [45.760584, 4.83334], [45.760566, 4.833369]]"
1121.0,"[[45.773509, 4.835615], [45.773524, 4.835937], [45.77345, 4.836001], [45.77333, 4.835872], [45.773382, 4.835625]]"
1122.0,"[[45.76155, 4.835711], [45.761582, 4.835655], [45.761774, 4.835658], [45.761818, 4.8357], [45.761773, 4.835718], [45.761627, 4.835752]]"
1123.0,"[[45.756931, 4.834611], [45.757344, 4.83458], [45.757418, 4.834706], [45.757436, 4.8348], [45.757447, 4.834963], [45.757166, 4.834833], [45.757104, 4.834799], [45.756972, 4.834713]]"
1124.0,"[[45.76042, 4.833683], [45.760419, 4.833652], [45.76043, 4.83365], [45.760483, 4.833663], [45.760447, 4.833677], [45.760427, 4.833683]]"
1125.0,"[[45.763, 4.83583], [45.763047, 4.835679], [45.7631, 4.835691], [45.763161, 4.835763], [45.763055, 4.835833]]"
1126.0,"[[45.758984, 4.834863], [45.759095, 4.834756], [45.759166, 4.834722], [45.759223, 4.834735], [45.75958, 4.835033], [45.759753, 4.835261], [45.759607, 4.835298], [45.759463, 4.835224], [45.759379, 4.835163]]"
1127.0,"[[45.764577, 4.835833], [45.76455, 4.835988], [45.764381, 4.835894], [45.764363, 4.835846], [45.764409, 4.835822], [45.764503, 4.835797], [45.764518, 4.835795]]"
1128.0,"[[45.768546, 4.828017], [45.768499, 4.827949], [45.768544, 4.827917], [45.768742, 4.82789]]"
1129.0,"[[45.760524, 4.833555], [45.76056, 4.83354], [45.760571, 4.833544], [45.760594, 4.833558], [45.760598, 4.833574], [45.760582, 4.833613], [45.760569, 4.833619], [45.760554, 4.833619], [45.760532, 4.833598]]"
1130.0,"[[45.76049, 4.833593], [45.760479, 4.833587], [45.76048, 4.833561], [45.760502, 4.833551], [45.760508, 4.833555]]"
1131.0,"[[45.760599, 4.833512], [45.760622, 4.833501], [45.76065, 4.833536], [45.76063, 4.833558], [45.760626, 4.833561], [45.760617, 4.833555]]"
1132.0,"[[45.760554, 4.833469], [45.760563, 4.833458], [45.760592, 4.833469], [45.7606, 4.833493], [45.760562, 4.83349]]"
1133.0,"[[45.763283, 4.835966], [45.763361, 4.835958], [45.763333, 4.836111], [45.763309, 4.83614], [45.763301, 4.83613], [45.763285, 4.836056]]"
1134.0,"[[45.768091, 4.827579], [45.768091, 4.827461], [45.768136, 4.827383], [45.768201, 4.82733], [45.768256, 4.827386], [45.768241, 4.827418]]"
1135.0,"[[45.763305, 4.836836], [45.763478, 4.83655], [45.763541, 4.836591], [45.763605, 4.836636], [45.763425, 4.836863], [45.763352, 4.836877]]"
1136.0,"[[45.764502, 4.836066], [45.764488, 4.836141], [45.764416, 4.836183], [45.764405, 4.836155], [45.764394, 4.836087], [45.76442, 4.836065], [45.764484, 4.836044]]"
1137.0,"[[45.767227, 4.827591], [45.767283, 4.827611], [45.767283, 4.827622], [45.767205, 4.827705], [45.767166, 4.82768], [45.767205, 4.827611]]"
1138.0,"[[45.767375, 4.827711], [45.767542, 4.827697], [45.767597, 4.82775], [45.767658, 4.827861], [45.767672, 4.827901], [45.767633, 4.827949], [45.7676, 4.827953], [45.76756, 4.827944], [45.767424, 4.827863], [45.767362, 4.827804], [45.767361, 4.827772], [45.767361, 4.827725]]"
1139.0,"[[45.763391, 4.835883], [45.763387, 4.835845], [45.763414, 4.835786], [45.763451, 4.835743], [45.763503, 4.835733], [45.763537, 4.835727], [45.763559, 4.835727], [45.76358, 4.835739], [45.763586, 4.835752], [45.763524, 4.835907], [45.763466, 4.83593], [45.763413, 4.835901]]"
1140.0,"[[45.763466, 4.836001], [45.763511, 4.836055], [45.763533, 4.836119], [45.763519, 4.836116]]"
1141.0,"[[45.763588, 4.836438], [45.763524, 4.836503], [45.7635, 4.8365], [45.763458, 4.836494], [45.763436, 4.836475], [45.763558, 4.836433]]"
1142.0,"[[45.768263, 4.828408], [45.768277, 4.828283], [45.768316, 4.828286], [45.768338, 4.828341], [45.768311, 4.828405]]"
1143.0,
1144.0,"[[45.764473, 4.836366], [45.7645, 4.836333], [45.764488, 4.836363]]"
1145.0,"[[45.764372, 4.836376], [45.764213, 4.836402], [45.764267, 4.836344], [45.764361, 4.836344]]"
1146.0,"[[45.764472, 4.836494], [45.764439, 4.836494], [45.764416, 4.836484], [45.764372, 4.836376], [45.764438, 4.836413]]"
1147.0,
1148.0,
1149.0,
1150.0,"[[45.767822, 4.827976], [45.767908, 4.828072], [45.767799, 4.828104], [45.76773, 4.82808], [45.767761, 4.827999]]"
1151.0,"[[45.76818, 4.828286], [45.767975, 4.828036], [45.768121, 4.827804], [45.768165, 4.827738], [45.768205, 4.827793], [45.768286, 4.828111]]"
1152.0,"[[45.763694, 4.836283], [45.763722, 4.836322], [45.76369, 4.836355], [45.763661, 4.836374], [45.763604, 4.836366], [45.763591, 4.836344], [45.763602, 4.836316]]"
1153.0,"[[45.763844, 4.83643], [45.763775, 4.836333], [45.763783, 4.836291], [45.763952, 4.836233], [45.764063, 4.836263], [45.764072, 4.836312], [45.763997, 4.836376], [45.763894, 4.836461]]"
1154.0,"[[45.761265, 4.835765], [45.761172, 4.835675], [45.76121, 4.835625], [45.761258, 4.835625], [45.761372, 4.835655], [45.761391, 4.835666], [45.7614, 4.835679], [45.761366, 4.835722]]"
1155.0,"[[45.757268, 4.831044], [45.75728, 4.831184], [45.757181, 4.8313], [45.757116, 4.831214], [45.757126, 4.831141]]"
1156.0,"[[45.758668, 4.831926], [45.758663, 4.831802], [45.758679, 4.831752], [45.758777, 4.831777], [45.75872, 4.83186]]"
1157.0,"[[45.761, 4.8355], [45.761026, 4.835529], [45.760996, 4.835561], [45.760938, 4.835572], [45.760884, 4.835561], [45.760895, 4.835513]]"
1158.0,"[[45.757758, 4.835252], [45.757777, 4.835536], [45.757772, 4.835586], [45.757736, 4.835591], [45.757713, 4.835586], [45.757669, 4.835563], [45.757666, 4.835522], [45.757669, 4.835491], [45.757716, 4.835344]]"
1159.0,"[[45.757636, 4.835441], [45.7575, 4.835333], [45.757502, 4.835288], [45.757569, 4.835352]]"
1160.0,"[[45.757893, 4.834499], [45.757936, 4.834666], [45.757735, 4.834907], [45.757706, 4.834856], [45.757713, 4.834763], [45.75777, 4.834563]]"
1161.0,"[[45.758631, 4.823727], [45.7585, 4.823333], [45.758786, 4.823147], [45.75899, 4.823255], [45.758935, 4.823521]]"
1162.0,"[[45.758836, 4.834775], [45.758709, 4.834923], [45.758676, 4.834885], [45.758675, 4.83483], [45.75869, 4.834713], [45.758705, 4.834703], [45.758735, 4.834692], [45.75875, 4.834697]]"
1163.0,"[[45.760307, 4.835572], [45.760289, 4.835518], [45.760298, 4.835497], [45.760322, 4.835486], [45.760352, 4.835507], [45.760412, 4.83555], [45.760366, 4.835566]]"
1164.0,"[[45.761033, 4.835794], [45.760988, 4.835819], [45.760916, 4.83578], [45.760786, 4.835668], [45.760833, 4.835666], [45.76086, 4.835668]]"
1165.0,"[[45.760683, 4.835738], [45.7607, 4.835703], [45.76073, 4.835708], [45.760746, 4.835723], [45.760802, 4.83578], [45.760749, 4.835786], [45.760704, 4.835765]]"
1166.0,"[[45.760836, 4.83588], [45.760824, 4.835824], [45.760831, 4.835786], [45.760876, 4.835829], [45.760863, 4.835858]]"
1167.0,"[[45.760703, 4.835578], [45.760711, 4.835518], [45.760756, 4.835572], [45.760766, 4.835608], [45.760741, 4.835604]]"
1168.0,"[[45.765638, 4.828625], [45.765716, 4.829094], [45.765538, 4.829194], [45.76548, 4.829213], [45.765374, 4.829081], [45.765374, 4.829049], [45.765472, 4.828677], [45.765533, 4.828655]]"
1169.0,"[[45.766931, 4.836537], [45.766976, 4.836777], [45.766804, 4.836924], [45.766708, 4.836867], [45.766666, 4.836833], [45.766692, 4.836612], [45.766715, 4.836485]]"
1170.0,"[[45.760652, 4.835602], [45.760652, 4.835627], [45.760635, 4.835618], [45.760625, 4.835597], [45.760637, 4.835593]]"
1171.0,"[[45.760502, 4.835593], [45.760477, 4.835606], [45.760498, 4.835593], [45.760517, 4.835582]]"
1172.0,"[[45.760509, 4.835674], [45.760539, 4.835604], [45.760569, 4.835636], [45.760562, 4.835679], [45.760521, 4.8357]]"
1173.0,
1174.0,
1175.0,"[[45.756931, 4.831795], [45.756729, 4.83186], [45.756744, 4.831774], [45.7568, 4.831743]]"
1176.0,"[[45.756291, 4.835155], [45.756295, 4.835314], [45.756217, 4.835841], [45.756176, 4.835939], [45.756063, 4.8361], [45.756022, 4.836147], [45.755861, 4.836205], [45.755691, 4.836133], [45.755672, 4.836063], [45.755675, 4.83603], [45.755767, 4.835577], [45.755786, 4.835523], [45.756066, 4.835097], [45.756125, 4.83503], [45.756178, 4.835034]]"
1177.0,"[[45.7585, 4.831602], [45.758395, 4.831575], [45.758478, 4.83145], [45.75849, 4.831448], [45.758536, 4.831458], [45.758608, 4.831501], [45.758625, 4.831551]]"
1178.0,"[[45.757, 4.8315], [45.756869, 4.831536], [45.7568, 4.831513], [45.756798, 4.831441], [45.756804, 4.83143], [45.756944, 4.831388], [45.757051, 4.831398], [45.757021, 4.831484]]"
1179.0,
1180.0,"[[45.771339, 4.837352], [45.771519, 4.837406], [45.771531, 4.837567], [45.771424, 4.837466]]"
1181.0,"[[45.769655, 4.836977], [45.769593, 4.83685], [45.769822, 4.836547], [45.769999, 4.836388], [45.770149, 4.836355], [45.770097, 4.83657], [45.769962, 4.836773]]"
1182.0,
1183.0,
1184.0,"[[45.756122, 4.834725], [45.756147, 4.834627], [45.756186, 4.834575], [45.756273, 4.834671], [45.756313, 4.834741], [45.75613, 4.834728]]"
1185.0,
1186.0,
1187.0,
1188.0,
1189.0,
1190.0,"[[45.770511, 4.836741], [45.770434, 4.836675], [45.770464, 4.836684]]"
1191.0,"[[45.770486, 4.837318], [45.770453, 4.837328], [45.770458, 4.837305]]"
1192.0,"[[45.770528, 4.837281], [45.770508, 4.837304], [45.770517, 4.837291]]"
1193.0,"[[45.757105, 4.831791], [45.756999, 4.831763], [45.757, 4.831666], [45.757001, 4.831645], [45.757069, 4.83163], [45.757104, 4.831634], [45.757193, 4.831709]]"
1194.0,"[[45.756355, 4.834542], [45.756263, 4.834502], [45.756284, 4.834413], [45.756333, 4.834333], [45.756436, 4.834277], [45.756436, 4.834288], [45.756415, 4.834404]]"
1195.0,
1196.0,
1197.0,"[[45.758177, 4.834613], [45.758333, 4.834444], [45.758496, 4.83452], [45.758297, 4.8347]]"
1198.0,"[[45.758638, 4.834279], [45.758691, 4.834294], [45.758611, 4.834444], [45.758564, 4.834456], [45.758571, 4.83437]]"
1199.0,"[[45.756458, 4.833563], [45.75658, 4.833555], [45.756687, 4.833585], [45.756691, 4.833606], [45.756686, 4.833622], [45.756666, 4.833666], [45.756572, 4.833716], [45.756555, 4.833719], [45.756461, 4.833619]]"
1200.0,"[[45.756322, 4.833994], [45.756363, 4.833844], [45.756392, 4.833801], [45.756445, 4.833769], [45.756461, 4.833774], [45.756541, 4.8338], [45.756407, 4.834005], [45.756392, 4.834027], [45.756333, 4.834]]"
1201.0,"[[45.756918, 4.832508], [45.757023, 4.832392], [45.757006, 4.832439], [45.756954, 4.832546]]"
1202.0,"[[45.7708, 4.836291], [45.770823, 4.836237], [45.770901, 4.836152], [45.770935, 4.836119], [45.771, 4.836166], [45.771025, 4.836248], [45.771017, 4.83628], [45.770858, 4.836311], [45.770834, 4.836307]]"
1203.0,"[[45.771477, 4.829686], [45.771405, 4.829497], [45.771449, 4.828963]]"
1204.0,"[[45.770839, 4.832589], [45.770958, 4.832541], [45.77095, 4.8329], [45.770857, 4.832723]]"
1205.0,"[[45.758136, 4.833275], [45.758086, 4.832949], [45.758226, 4.83304], [45.758234, 4.833222]]"
1206.0,"[[45.759627, 4.83245], [45.759676, 4.83263], [45.759666, 4.832666], [45.759634, 4.832718], [45.759529, 4.832739], [45.759547, 4.832583]]"
1207.0,"[[45.758402, 4.832439], [45.758391, 4.832546], [45.75838, 4.832546], [45.758301, 4.832525], [45.758218, 4.832377], [45.758331, 4.832354], [45.758372, 4.832385]]"
1208.0,"[[45.767478, 4.831704], [45.767231, 4.831666], [45.76748, 4.831419], [45.767575, 4.831506], [45.767547, 4.831672]]"
1209.0,"[[45.772098, 4.835842], [45.772, 4.835833], [45.772011, 4.835765], [45.772177, 4.835765]]"
1210.0,"[[45.76988, 4.829102], [45.769857, 4.829016], [45.769895, 4.828941], [45.770321, 4.828909], [45.770299, 4.829], [45.77022, 4.829125]]"
1211.0,"[[45.764229, 4.834628], [45.764379, 4.834628], [45.764444, 4.834722], [45.764494, 4.834797], [45.764486, 4.834861], [45.764259, 4.834831], [45.764241, 4.834816]]"
1212.0,
1213.0,"[[45.758011, 4.831333], [45.758049, 4.831323], [45.758047, 4.831345], [45.758027, 4.83135]]"
1214.0,"[[45.772327, 4.836215], [45.772177, 4.836258], [45.772247, 4.835999], [45.772341, 4.835908], [45.772341, 4.835909]]"
1215.0,"[[45.772866, 4.836173], [45.77283, 4.836411], [45.772711, 4.836358], [45.772608, 4.836213], [45.772591, 4.836072], [45.772663, 4.836033], [45.772791, 4.836108]]"
1216.0,"[[45.773001, 4.836323], [45.773225, 4.836366], [45.773113, 4.836441], [45.772982, 4.836452], [45.772986, 4.836377]]"
1217.0,"[[45.759244, 4.824561], [45.759185, 4.825047], [45.758999, 4.824936], [45.7585, 4.8245], [45.758433, 4.824049], [45.758481, 4.824038], [45.758808, 4.82403], [45.758874, 4.824038], [45.759188, 4.824294], [45.759216, 4.824347]]"
1218.0,"[[45.765779, 4.834306], [45.765758, 4.834466], [45.765577, 4.83437], [45.765427, 4.834284], [45.76556, 4.834248], [45.765694, 4.834277]]"
1219.0,"[[45.770139, 4.835174], [45.770142, 4.835143], [45.770194, 4.835164], [45.770277, 4.835277], [45.770172, 4.835218], [45.770148, 4.83519]]"
1220.0,
1221.0,"[[45.758077, 4.833952], [45.758122, 4.833909], [45.758092, 4.834005]]"
1222.0,"[[45.765053, 4.83392], [45.764936, 4.834033], [45.765, 4.833888]]"
1223.0,"[[45.770988, 4.833399], [45.77089, 4.833201], [45.771, 4.833126], [45.771049, 4.833098], [45.771309, 4.833201], [45.771111, 4.833333]]"
1224.0,
1225.0,"[[45.771167, 4.835797], [45.771122, 4.835713], [45.771145, 4.835652], [45.771219, 4.835625], [45.771249, 4.8357], [45.771227, 4.835754], [45.771175, 4.835797]]"
1226.0,"[[45.757981, 4.831555], [45.758072, 4.831469], [45.758092, 4.831473], [45.758129, 4.831506], [45.758133, 4.831538], [45.758097, 4.831569], [45.758025, 4.831591]]"
1227.0,"[[45.757865, 4.834135], [45.757792, 4.834048], [45.757861, 4.833913], [45.757897, 4.833865], [45.757957, 4.833877], [45.757964, 4.833907]]"
1228.0,"[[45.758084, 4.83422], [45.758, 4.834271], [45.757897, 4.834238], [45.757882, 4.83422], [45.757882, 4.834198], [45.75789, 4.834145], [45.757936, 4.834136], [45.758017, 4.834145], [45.758077, 4.834166]]"
1229.0,"[[45.771309, 4.831784], [45.771473, 4.832161], [45.771444, 4.832278], [45.771417, 4.832267], [45.771354, 4.832219], [45.771335, 4.832085], [45.77132, 4.831967]]"
1230.0,"[[45.770333, 4.831], [45.770119, 4.831071], [45.770157, 4.830958], [45.770239, 4.830819], [45.77028, 4.830808]]"
1231.0,"[[45.764569, 4.833897], [45.764691, 4.833929], [45.764875, 4.834347], [45.764831, 4.834421], [45.764722, 4.834444], [45.764641, 4.834375]]"
1232.0,"[[45.768929, 4.832413], [45.768922, 4.832353], [45.768952, 4.832375], [45.768963, 4.832385]]"
1233.0,"[[45.768804, 4.832503], [45.76881, 4.83245], [45.768863, 4.832466], [45.76887, 4.832471], [45.768862, 4.832482]]"
1234.0,"[[45.770913, 4.832235], [45.77073, 4.831974], [45.770815, 4.831902], [45.770875, 4.832096]]"
1235.0,"[[45.771944, 4.832777], [45.772005, 4.832825], [45.771953, 4.8329]]"
1236.0,"[[45.764902, 4.833483], [45.764988, 4.833511], [45.764975, 4.833544], [45.764952, 4.833587]]"
1237.0,"[[45.763487, 4.825911], [45.763384, 4.826045], [45.763129, 4.826087], [45.763061, 4.826008], [45.763092, 4.82583], [45.763271, 4.825744], [45.763354, 4.825744]]"
1238.0,"[[45.769364, 4.833351], [45.769304, 4.833372], [45.769195, 4.833249], [45.769184, 4.833163], [45.769266, 4.833233]]"
1239.0,"[[45.769139, 4.833056], [45.769008, 4.832972], [45.769027, 4.832922], [45.769221, 4.832922]]"
1240.0,"[[45.771944, 4.833055], [45.772245, 4.833029], [45.772282, 4.833061], [45.772282, 4.833104], [45.772252, 4.833115], [45.772103, 4.833093]]"
1241.0,"[[45.771852, 4.833115], [45.771871, 4.833136], [45.771856, 4.833136]]"
1242.0,
1243.0,"[[45.757134, 4.824789], [45.757223, 4.824628], [45.757314, 4.824671], [45.757193, 4.8248]]"
1244.0,"[[45.769813, 4.83481], [45.769999, 4.83438], [45.770154, 4.834626], [45.770097, 4.834789], [45.770067, 4.834821], [45.76991, 4.834842]]"
1245.0,"[[45.769551, 4.83599], [45.7695, 4.835881], [45.769541, 4.835811], [45.769597, 4.835786], [45.769657, 4.835779], [45.769753, 4.835851], [45.769791, 4.835884], [45.76979, 4.835885], [45.76963, 4.835999], [45.769622, 4.836002]]"
1246.0,"[[45.764705, 4.833561], [45.764678, 4.83349], [45.764701, 4.833469], [45.764708, 4.833466], [45.764712, 4.833509]]"
1247.0,"[[45.769134, 4.836157], [45.768802, 4.836044], [45.768967, 4.836021], [45.769027, 4.836065]]"
1248.0,"[[45.769338, 4.83589], [45.76918, 4.836076], [45.769169, 4.836044], [45.769166, 4.835833], [45.769189, 4.835783], [45.769271, 4.835783], [45.769331, 4.835804]]"
1249.0,"[[45.759942, 4.831367], [45.75997, 4.831302], [45.760008, 4.831302], [45.760039, 4.831334], [45.760034, 4.831355], [45.760008, 4.831387], [45.759981, 4.831418], [45.759955, 4.831387]]"
1250.0,"[[45.770542, 4.832907], [45.77037, 4.832997], [45.770394, 4.832908], [45.770419, 4.832857], [45.770524, 4.832814]]"
1251.0,"[[45.764738, 4.833576], [45.764753, 4.833608], [45.76475, 4.833625], [45.764711, 4.833598], [45.764711, 4.833597]]"
1252.0,"[[45.764798, 4.833662], [45.764768, 4.833662], [45.764783, 4.833641]]"
1253.0,"[[45.764731, 4.833683], [45.764768, 4.833662], [45.764753, 4.833673]]"
1254.0,"[[45.769768, 4.832525], [45.769723, 4.832777], [45.769606, 4.832729], [45.769599, 4.832637], [45.769633, 4.832428], [45.769749, 4.832477]]"
1255.0,"[[45.771324, 4.830218], [45.771501, 4.830154], [45.771397, 4.830441], [45.771344, 4.83039]]"
1256.0,"[[45.771505, 4.830105], [45.771408, 4.829924], [45.771413, 4.829862], [45.771504, 4.829885], [45.771627, 4.830084], [45.771624, 4.8301]]"
1257.0,"[[45.759725, 4.831711], [45.759747, 4.831678], [45.759769, 4.831688], [45.759783, 4.83173], [45.759738, 4.831752]]"
1258.0,"[[45.759896, 4.831647], [45.759858, 4.831588], [45.759941, 4.831486], [45.759958, 4.83148], [45.75996, 4.83149], [45.75996, 4.831516], [45.759918, 4.831602]]"
1259.0,"[[45.769356, 4.834606], [45.769444, 4.834444], [45.769598, 4.834726], [45.769578, 4.834817], [45.769444, 4.834722]]"
1260.0,"[[45.771781, 4.834671], [45.771601, 4.834477], [45.772043, 4.834349], [45.772402, 4.834295], [45.772462, 4.834306], [45.772747, 4.834444], [45.772872, 4.834552], [45.772683, 4.834722], [45.772647, 4.834744], [45.771983, 4.834799]]"
1261.0,"[[45.772035, 4.834853], [45.77225, 4.835036], [45.772091, 4.83548], [45.772075, 4.835502], [45.772022, 4.835547], [45.77189, 4.835513], [45.771781, 4.835464], [45.771751, 4.835422], [45.771751, 4.835368], [45.771758, 4.835308]]"
1262.0,"[[45.769916, 4.833079], [45.769916, 4.833175], [45.769872, 4.833168], [45.769842, 4.833158], [45.769872, 4.833093]]"
1263.0,"[[45.763945, 4.831774], [45.764095, 4.83143], [45.76429, 4.831495], [45.764277, 4.831552]]"
1264.0,"[[45.764675, 4.832954], [45.764744, 4.833013], [45.764737, 4.833077], [45.764723, 4.833088], [45.764672, 4.833016], [45.764655, 4.832977], [45.764656, 4.832975]]"
1265.0,
1266.0,"[[45.764722, 4.833297], [45.764708, 4.83319], [45.764738, 4.833136], [45.764746, 4.833136], [45.764757, 4.833147], [45.764777, 4.833291], [45.764738, 4.833308]]"
1267.0,"[[45.76465, 4.833377], [45.764666, 4.833333], [45.764722, 4.833333], [45.764678, 4.833372]]"
1268.0,"[[45.770583, 4.830572], [45.770494, 4.830615], [45.770516, 4.830551], [45.770524, 4.830529], [45.770606, 4.830465], [45.770666, 4.830454]]"
1269.0,"[[45.767799, 4.829242], [45.767561, 4.829349], [45.767732, 4.829124], [45.767777, 4.829166]]"
1270.0,"[[45.770217, 4.833329], [45.770272, 4.833294], [45.770306, 4.833346], [45.770306, 4.833351], [45.770222, 4.833333]]"
1271.0,"[[45.770389, 4.833388], [45.770393, 4.833388], [45.770448, 4.8334], [45.770471, 4.833437], [45.770419, 4.833426]]"
1272.0,"[[45.757785, 4.831259], [45.757852, 4.831387], [45.757807, 4.831337]]"
1273.0,"[[45.770652, 4.830747], [45.770988, 4.830765], [45.771041, 4.830855], [45.770713, 4.830847]]"
1274.0,"[[45.771287, 4.830862], [45.771166, 4.830833], [45.771171, 4.830814], [45.771324, 4.830765]]"
1275.0,"[[45.769266, 4.829577], [45.769193, 4.829499], [45.769255, 4.829441], [45.769364, 4.82936], [45.769685, 4.829328], [45.769588, 4.829403]]"
1276.0,"[[45.768503, 4.829912], [45.768361, 4.830132], [45.768319, 4.830122], [45.768313, 4.830116], [45.76825, 4.830033], [45.768258, 4.830016], [45.768355, 4.829911], [45.768495, 4.829896]]"
1277.0,"[[45.7683, 4.829808], [45.768052, 4.829722], [45.768058, 4.829694], [45.768076, 4.829617], [45.768083, 4.829608], [45.768136, 4.829564], [45.768233, 4.829617], [45.768286, 4.829692]]"
1278.0,"[[45.769573, 4.831963], [45.769648, 4.832128], [45.769633, 4.832203]]"
1279.0,"[[45.769738, 4.832038], [45.769618, 4.831708], [45.769627, 4.831694], [45.76973, 4.831645], [45.769828, 4.83172], [45.769858, 4.831947], [45.769856, 4.831949]]"
1280.0,"[[45.768802, 4.829488], [45.768749, 4.82943], [45.76884, 4.829403], [45.768862, 4.829429]]"
1281.0,"[[45.768919, 4.82936], [45.768997, 4.829322], [45.769072, 4.82937], [45.769034, 4.829403], [45.768944, 4.829424], [45.768922, 4.82937]]"
1282.0,"[[45.758114, 4.824779], [45.757972, 4.824982], [45.757994, 4.824875]]"
1283.0,"[[45.771014, 4.834375], [45.770815, 4.834156], [45.771032, 4.834247], [45.77106, 4.834293]]"
1284.0,"[[45.757788, 4.832972], [45.757744, 4.832913], [45.757783, 4.832888], [45.757988, 4.832815], [45.758013, 4.832816], [45.758014, 4.832882], [45.758009, 4.832941], [45.757855, 4.832994], [45.757833, 4.833]]"
1285.0,"[[45.770066, 4.829838], [45.77037, 4.829853], [45.770299, 4.830046], [45.770187, 4.830079]]"
1286.0,"[[45.757763, 4.833208], [45.757777, 4.833158], [45.757866, 4.833163], [45.757916, 4.833233], [45.757905, 4.833283]]"
1287.0,"[[45.769333, 4.834], [45.769556, 4.833941], [45.769521, 4.834091], [45.769494, 4.834173], [45.769377, 4.834219], [45.769333, 4.834166]]"
1288.0,"[[45.763743, 4.826731], [45.763652, 4.826458], [45.76372, 4.826141], [45.763773, 4.826098], [45.76384, 4.826216], [45.763822, 4.82655]]"
1289.0,
1290.0,"[[45.770243, 4.83297], [45.770232, 4.832965], [45.770239, 4.832965]]"
1291.0,"[[45.769166, 4.8315], [45.769146, 4.831302], [45.769236, 4.831377], [45.769304, 4.831473], [45.76918, 4.831499]]"
1292.0,"[[45.769094, 4.831302], [45.76878, 4.831302], [45.768836, 4.831111], [45.768877, 4.831097], [45.769, 4.831167]]"
1293.0,"[[45.770553, 4.834086], [45.770561, 4.834021], [45.770632, 4.834075], [45.770576, 4.834118], [45.770553, 4.834107]]"
1294.0,"[[45.768362, 4.830776], [45.768293, 4.831441], [45.768237, 4.831296], [45.768218, 4.831194], [45.768198, 4.830584], [45.768323, 4.830679]]"
1295.0,"[[45.758144, 4.82819], [45.758099, 4.828265], [45.757882, 4.828126], [45.757611, 4.827677], [45.757837, 4.827697], [45.75786, 4.827704], [45.758002, 4.827847], [45.758032, 4.827885]]"
1296.0,"[[45.770142, 4.833844], [45.770187, 4.833759], [45.770277, 4.833888], [45.770224, 4.833877]]"
1297.0,"[[45.767735, 4.830915], [45.767762, 4.830706], [45.767837, 4.830644], [45.767994, 4.830653], [45.768077, 4.830686], [45.768063, 4.830711]]"
1298.0,"[[45.767687, 4.831141], [45.767708, 4.830933], [45.767792, 4.831066], [45.76778, 4.831186]]"
1299.0,"[[45.7598, 4.831936], [45.759821, 4.831924], [45.75981, 4.831935]]"
1300.0,"[[45.757235, 4.827519], [45.757358, 4.827364], [45.757448, 4.827396], [45.757511, 4.82743], [45.757586, 4.827475], [45.757605, 4.827536], [45.757598, 4.827568], [45.757571, 4.827641]]"
1301.0,"[[45.770464, 4.833737], [45.770365, 4.833737], [45.770389, 4.833694]]"
1302.0,"[[45.770464, 4.833737], [45.770516, 4.833759], [45.77051, 4.83378], [45.770469, 4.833794], [45.770466, 4.833783]]"
1303.0,"[[45.757852, 4.826034], [45.757786, 4.826186], [45.757652, 4.826061], [45.757586, 4.825977], [45.757553, 4.825916], [45.757687, 4.825894], [45.757736, 4.825905]]"
1304.0,"[[45.765963, 4.8328], [45.766166, 4.832666], [45.766187, 4.832664], [45.766341, 4.832736], [45.766333, 4.832833], [45.766167, 4.833], [45.766033, 4.832933]]"
1305.0,"[[45.769833, 4.833749], [45.769847, 4.833855], [45.769766, 4.8339], [45.769722, 4.833888], [45.769733, 4.833838]]"
1306.0,
1307.0,"[[45.766183, 4.83201], [45.765803, 4.833198], [45.765316, 4.833158], [45.765146, 4.832385], [45.765127, 4.832181], [45.76533, 4.831881], [45.766, 4.831666], [45.766115, 4.831709], [45.766116, 4.83171], [45.766183, 4.831925]]"
1308.0,
1309.0,
1310.0,"[[45.75774, 4.833662], [45.757775, 4.833505], [45.7578, 4.833477], [45.757833, 4.8335], [45.757827, 4.833705], [45.757822, 4.833748], [45.757777, 4.833708], [45.757759, 4.833687]]"
1311.0,"[[45.773038, 4.831736], [45.773034, 4.831715], [45.773068, 4.831656], [45.773131, 4.831634], [45.773075, 4.831709]]"
1312.0,"[[45.759828, 4.831784], [45.759851, 4.831784], [45.759851, 4.831806], [45.759843, 4.831817], [45.759828, 4.831795]]"
1313.0,"[[45.759813, 4.831817], [45.759828, 4.831825], [45.759813, 4.831838], [45.759798, 4.831838], [45.7598, 4.831831]]"
1314.0,"[[45.771616, 4.831516], [45.7716, 4.8316], [45.771556, 4.831569], [45.771549, 4.831538], [45.771579, 4.831516]]"
1315.0,"[[45.7716, 4.8316], [45.771654, 4.831581], [45.771666, 4.831666], [45.771641, 4.831663], [45.771611, 4.831647]]"
1316.0,"[[45.769992, 4.830422], [45.769805, 4.830299], [45.769936, 4.83024], [45.770105, 4.83022], [45.770119, 4.83024], [45.770166, 4.830333], [45.770082, 4.830411], [45.770041, 4.830419]]"
1317.0,"[[45.770943, 4.83157], [45.770898, 4.831693], [45.770853, 4.831661], [45.770845, 4.831634], [45.770875, 4.831559], [45.77092, 4.831548]]"
1318.0,
1319.0,"[[45.77107, 4.831645], [45.771111, 4.831667], [45.771096, 4.831666]]"
1320.0,"[[45.771216, 4.83157], [45.771249, 4.831548], [45.77128, 4.831569], [45.771258, 4.831577]]"
1321.0,"[[45.771386, 4.831527], [45.771313, 4.831516], [45.771313, 4.831486], [45.771328, 4.831473], [45.771348, 4.831491]]"
1322.0,"[[45.768802, 4.835737], [45.768756, 4.835827], [45.768436, 4.835722], [45.768426, 4.835651], [45.768655, 4.835612], [45.768797, 4.835665]]"
1323.0,"[[45.770456, 4.831575], [45.77049, 4.831532], [45.770509, 4.831548], [45.770535, 4.831581], [45.770516, 4.831602], [45.77047, 4.831591]]"
1324.0,"[[45.770546, 4.831607], [45.770613, 4.831636], [45.770591, 4.831645]]"
1325.0,"[[45.758219, 4.831947], [45.758133, 4.832008], [45.758118, 4.832006], [45.758116, 4.831947], [45.758196, 4.831902]]"
1326.0,"[[45.768611, 4.830833], [45.7686, 4.830776], [45.768606, 4.830763], [45.768651, 4.830705], [45.768724, 4.830631], [45.768795, 4.830583], [45.768888, 4.830555], [45.768665, 4.830833], [45.768615, 4.830846]]"
1327.0,"[[45.767444, 4.83665], [45.767161, 4.83659], [45.767369, 4.836436]]"
1328.0,"[[45.763714, 4.831538], [45.763743, 4.831817], [45.763667, 4.831833], [45.763511, 4.831677], [45.763571, 4.831581]]"
1329.0,"[[45.756759, 4.826667], [45.757333, 4.825666], [45.757369, 4.825717], [45.757418, 4.82583], [45.757148, 4.826924], [45.757104, 4.826974], [45.756988, 4.82701], [45.756947, 4.826997], [45.756863, 4.826967], [45.756797, 4.826933], [45.756774, 4.826881], [45.756766, 4.826844]]"
1330.0,"[[45.773045, 4.832096], [45.772956, 4.83209], [45.773031, 4.832095]]"
1331.0,"[[45.769708, 4.8304], [45.76963, 4.830366], [45.769666, 4.830333], [45.769723, 4.830359]]"
1332.0,"[[45.769682, 4.830476], [45.769752, 4.830533], [45.769722, 4.830555]]"
1333.0,"[[45.766552, 4.832501], [45.766628, 4.832471], [45.766684, 4.832514], [45.7667, 4.832627], [45.766624, 4.832573]]"
1334.0,"[[45.757461, 4.825515], [45.757554, 4.825551], [45.757515, 4.825572], [45.757478, 4.825583]]"
1335.0,"[[45.757762, 4.825346], [45.757704, 4.825486], [45.75762, 4.825572], [45.757616, 4.825497], [45.757628, 4.825444], [45.757652, 4.825369], [45.757732, 4.825261], [45.75776, 4.825296]]"
1336.0,"[[45.769319, 4.830379], [45.76946, 4.830206], [45.769483, 4.830207], [45.769521, 4.830309], [45.769511, 4.830329], [45.769363, 4.830408]]"
1337.0,"[[45.757201, 4.833115], [45.757358, 4.833061], [45.757403, 4.833104], [45.757418, 4.833126], [45.757418, 4.833179], [45.757358, 4.833211]]"
1338.0,"[[45.757334, 4.833293], [45.757373, 4.833276], [45.757438, 4.833261], [45.757485, 4.833265], [45.757513, 4.833291], [45.757519, 4.833302], [45.757535, 4.83336], [45.757513, 4.833374], [45.757461, 4.8334], [45.757343, 4.83334]]"
1339.0,"[[45.757994, 4.831742], [45.758052, 4.831788], [45.758048, 4.831804], [45.757994, 4.831858], [45.757875, 4.831833], [45.757979, 4.831742]]"
1340.0,"[[45.757673, 4.833394], [45.757637, 4.833415], [45.757633, 4.833397], [45.75763, 4.833244], [45.757636, 4.833233], [45.757641, 4.833236], [45.757672, 4.833263]]"
1341.0,"[[45.75768, 4.833533], [45.757672, 4.833512], [45.757687, 4.83348], [45.757708, 4.833444]]"
1342.0,"[[45.772207, 4.831699], [45.772215, 4.831709], [45.772205, 4.831738], [45.772114, 4.831786], [45.772147, 4.831755]]"
1343.0,"[[45.768974, 4.830347], [45.769015, 4.830295], [45.769013, 4.830345], [45.768995, 4.830363]]"
1344.0,"[[45.769086, 4.830352], [45.769057, 4.830315], [45.769142, 4.830248], [45.769199, 4.830272], [45.769199, 4.830315], [45.769184, 4.830325]]"
1345.0,"[[45.759128, 4.826903], [45.759194, 4.826872], [45.759383, 4.826977], [45.759447, 4.827053], [45.759439, 4.827075], [45.75935, 4.827091], [45.759166, 4.827]]"
1346.0,"[[45.758803, 4.826903], [45.75887, 4.826774], [45.75893, 4.826774], [45.759042, 4.826838], [45.759128, 4.826903], [45.758927, 4.826956], [45.758833, 4.826973]]"
1347.0,"[[45.772761, 4.83186], [45.772735, 4.831843], [45.772761, 4.831854], [45.772784, 4.83187]]"
1348.0,"[[45.772813, 4.831869], [45.772896, 4.831896], [45.772888, 4.83194], [45.772885, 4.831951], [45.772881, 4.831956], [45.772828, 4.831935]]"
1349.0,"[[45.757508, 4.832503], [45.757523, 4.832396], [45.757549, 4.832439], [45.757568, 4.832525], [45.757521, 4.832535], [45.757508, 4.832514]]"
1350.0,"[[45.757493, 4.832353], [45.75747, 4.832217], [45.757508, 4.832181], [45.757594, 4.832233], [45.75754, 4.832321]]"
1351.0,"[[45.757613, 4.832643], [45.757655, 4.832616], [45.757672, 4.832622], [45.757717, 4.832643], [45.757721, 4.832663], [45.757669, 4.832677]]"
1352.0,"[[45.757706, 4.832789], [45.757511, 4.832877], [45.757483, 4.832866], [45.757478, 4.832825], [45.757538, 4.832696], [45.75756, 4.832686], [45.75759, 4.832698], [45.757684, 4.832761]]"
1353.0,"[[45.757991, 4.832058], [45.758013, 4.832005], [45.758062, 4.832031], [45.758035, 4.832073]]"
1354.0,"[[45.763481, 4.829199], [45.763666, 4.829666], [45.763422, 4.829719], [45.763345, 4.829735], [45.762596, 4.829337], [45.76259, 4.829201], [45.762699, 4.829064], [45.762822, 4.828963], [45.763, 4.829]]"
1355.0,"[[45.765336, 4.831616], [45.765165, 4.831624], [45.765316, 4.831566]]"
1356.0,"[[45.772338, 4.831675], [45.772402, 4.831645], [45.772402, 4.831683], [45.77235, 4.831683]]"
1357.0,"[[45.766869, 4.829286], [45.767425, 4.82892], [45.767448, 4.828963], [45.767463, 4.829049], [45.76735, 4.829295], [45.767231, 4.829328], [45.766999, 4.829333]]"
1358.0,"[[45.766155, 4.828427], [45.765991, 4.828255], [45.766205, 4.828116], [45.766228, 4.82819]]"
1359.0,"[[45.766115, 4.830729], [45.766199, 4.830537], [45.766344, 4.830505], [45.76634, 4.830518], [45.766228, 4.830701]]"
1360.0,"[[45.765689, 4.830937], [45.765833, 4.830666], [45.765943, 4.830658], [45.765973, 4.830658], [45.766, 4.830667], [45.766013, 4.830672], [45.766063, 4.830733], [45.766088, 4.831105], [45.766061, 4.831297], [45.765977, 4.831312], [45.765726, 4.831151]]"
1361.0,"[[45.765555, 4.831111], [45.765719, 4.831173], [45.765586, 4.831216], [45.765517, 4.831216], [45.765427, 4.831194], [45.765382, 4.83113], [45.765447, 4.831109]]"
1362.0,"[[45.764888, 4.831924], [45.765072, 4.831925], [45.765, 4.831944]]"
1363.0,"[[45.764927, 4.831688], [45.76491, 4.831795], [45.76477, 4.831716], [45.764766, 4.831694], [45.764918, 4.831624]]"
1364.0,"[[45.765006, 4.831566], [45.764977, 4.831483], [45.765008, 4.83143], [45.765022, 4.831408], [45.765036, 4.831391], [45.765098, 4.831409], [45.765119, 4.831469], [45.765125, 4.831497], [45.765127, 4.83158], [45.765041, 4.831588]]"
1365.0,"[[45.764802, 4.831387], [45.764833, 4.831333], [45.764858, 4.831366], [45.764858, 4.831463], [45.764833, 4.8315]]"
1366.0,"[[45.772476, 4.831755], [45.772462, 4.831731], [45.772477, 4.83172], [45.772481, 4.831731]]"
1367.0,
1368.0,
1369.0,"[[45.766924, 4.830143], [45.766564, 4.830143], [45.766647, 4.829928], [45.766692, 4.829832], [45.76704, 4.82973], [45.766984, 4.830111]]"
1370.0,"[[45.75905, 4.826066], [45.759237, 4.826002], [45.759289, 4.826023], [45.759364, 4.826109], [45.759352, 4.826255], [45.759347, 4.826286], [45.759297, 4.826275]]"
1371.0,"[[45.758977, 4.825905], [45.7589, 4.826109], [45.75878, 4.826023], [45.758733, 4.825919], [45.758729, 4.825905], [45.758863, 4.825841], [45.758888, 4.825833]]"
1372.0,"[[45.766388, 4.827777], [45.766307, 4.82792], [45.766318, 4.827804]]"
1373.0,"[[45.766411, 4.82865], [45.76643, 4.828972], [45.766413, 4.829011], [45.766333, 4.829], [45.7662, 4.828866], [45.766205, 4.828652], [45.766297, 4.828619]]"
1374.0,"[[45.766669, 4.829456], [45.76665, 4.829566], [45.766502, 4.829488], [45.766437, 4.82936], [45.7664, 4.829092], [45.76655, 4.829177], [45.766594, 4.82922]]"
1375.0,"[[45.757687, 4.83216], [45.757647, 4.832175], [45.757646, 4.832175], [45.757643, 4.832139], [45.757643, 4.832096], [45.75768, 4.832128]]"
1376.0,"[[45.757807, 4.832514], [45.757752, 4.832522], [45.757677, 4.832438], [45.757672, 4.83243], [45.757673, 4.832423], [45.757716, 4.832388], [45.75773, 4.83238], [45.757765, 4.832381], [45.757783, 4.832388], [45.7578, 4.832472]]"
1377.0,"[[45.762852, 4.831398], [45.76265, 4.831248], [45.762758, 4.831188], [45.762807, 4.831259]]"
1378.0,"[[45.757911, 4.832], [45.757908, 4.832035], [45.757897, 4.832031], [45.757872, 4.832013], [45.757886, 4.831983]]"
1379.0,"[[45.757747, 4.831935], [45.757699, 4.831936], [45.75771, 4.831913], [45.757736, 4.831927]]"
1380.0,
1381.0,"[[45.757777, 4.831944], [45.757795, 4.83197], [45.757785, 4.831956]]"
1382.0,"[[45.757609, 4.832072], [45.757575, 4.832042], [45.757583, 4.83201], [45.75759, 4.83201], [45.757613, 4.832031]]"
1383.0,"[[45.757643, 4.832085], [45.75765, 4.832042], [45.757683, 4.832052], [45.757672, 4.832063]]"
1384.0,"[[45.763026, 4.831362], [45.763245, 4.831173], [45.763299, 4.831242], [45.763313, 4.831272], [45.763388, 4.831875], [45.763361, 4.83194], [45.763201, 4.831913], [45.763185, 4.83191], [45.763067, 4.831654], [45.763013, 4.831529], [45.763022, 4.83138]]"
1385.0,"[[45.763189, 4.831066], [45.763166, 4.830666], [45.763183, 4.830438], [45.763264, 4.830304], [45.763375, 4.830354], [45.763406, 4.830486], [45.763376, 4.830615]]"
1386.0,"[[45.757758, 4.832333], [45.757711, 4.832305], [45.757733, 4.832293], [45.757788, 4.83228], [45.757785, 4.832299], [45.757781, 4.832308]]"
1387.0,"[[45.757643, 4.831902], [45.757658, 4.831913], [45.757658, 4.831924], [45.75762, 4.83194], [45.757628, 4.831902]]"
1388.0,"[[45.757613, 4.831967], [45.75762, 4.83194], [45.757636, 4.831969], [45.757628, 4.831988]]"
1389.0,"[[45.757905, 4.832192], [45.757933, 4.832183], [45.757949, 4.832203], [45.757942, 4.832203]]"
1390.0,"[[45.760824, 4.828727], [45.760861, 4.828609], [45.761018, 4.828652], [45.761108, 4.828834], [45.760876, 4.828791]]"
1391.0,"[[45.757927, 4.832149], [45.757897, 4.83216], [45.757886, 4.832137], [45.757882, 4.832117], [45.757888, 4.8321], [45.757919, 4.832133]]"
1392.0,"[[45.757936, 4.832116], [45.757942, 4.832128], [45.757938, 4.83213]]"
1393.0,"[[45.757822, 4.832149], [45.757819, 4.832117], [45.757833, 4.832133], [45.757833, 4.832139]]"
1394.0,"[[45.76747, 4.8357], [45.767456, 4.835706], [45.767255, 4.835693], [45.76724, 4.835636], [45.767253, 4.835635], [45.767453, 4.835648], [45.767458, 4.835658]]"
1395.0,
1396.0,
1397.0,"[[45.758761, 4.829002], [45.758601, 4.828898], [45.758533, 4.8288], [45.758488, 4.828702], [45.7585, 4.828686], [45.758556, 4.828641], [45.7588, 4.828861], [45.75881, 4.828898], [45.758793, 4.828982]]"
1398.0,"[[45.766752, 4.832932], [45.76675, 4.832905], [45.766752, 4.8329], [45.766836, 4.832875], [45.766808, 4.832911]]"
1399.0,"[[45.766542, 4.834113], [45.766662, 4.834048], [45.766716, 4.834077], [45.766714, 4.834134], [45.766699, 4.834177], [45.766654, 4.834231], [45.766608, 4.834216], [45.766552, 4.834152]]"
1400.0,"[[45.767068, 4.833265], [45.767029, 4.833211], [45.767073, 4.833135], [45.767186, 4.833126], [45.767127, 4.833233]]"
1401.0,"[[45.766819, 4.833254], [45.766808, 4.833047], [45.766894, 4.832975], [45.766909, 4.832997], [45.766877, 4.833141], [45.766849, 4.833211]]"
1402.0,"[[45.768263, 4.837052], [45.768227, 4.83695], [45.768247, 4.836905], [45.768269, 4.836898], [45.768353, 4.836881], [45.768361, 4.836881], [45.768353, 4.836913]]"
1403.0,"[[45.762291, 4.831519], [45.7625, 4.831666], [45.762463, 4.831752], [45.762351, 4.83187], [45.762253, 4.83187], [45.762179, 4.831795], [45.762222, 4.831666]]"
1404.0,"[[45.76833, 4.837155], [45.768383, 4.837138], [45.768391, 4.837203], [45.768333, 4.837166]]"
1405.0,
1406.0,"[[45.765502, 4.828133], [45.765442, 4.828062], [45.765533, 4.827963], [45.765659, 4.827976], [45.765647, 4.828097], [45.76559, 4.828119]]"
1407.0,"[[45.758888, 4.825277], [45.759277, 4.825372], [45.759008, 4.825483], [45.758786, 4.82548], [45.758795, 4.825401]]"
1408.0,"[[45.766819, 4.834123], [45.766875, 4.833986], [45.766954, 4.834048], [45.766944, 4.834166], [45.766879, 4.834177], [45.766849, 4.834156]]"
1409.0,"[[45.768353, 4.836645], [45.768331, 4.836788], [45.768316, 4.836795], [45.768204, 4.836795], [45.768188, 4.836794], [45.768055, 4.836611], [45.768091, 4.836591], [45.768198, 4.83655], [45.768278, 4.836591]]"
1410.0,"[[45.762553, 4.828802], [45.7625, 4.828833], [45.762343, 4.828827], [45.762328, 4.828727], [45.762515, 4.828759]]"
1411.0,"[[45.7679, 4.833805], [45.767834, 4.833897], [45.767798, 4.833872], [45.767738, 4.833769], [45.767799, 4.83375], [45.767849, 4.833769]]"
1412.0,"[[45.767333, 4.834333], [45.76728, 4.834355], [45.767299, 4.834328], [45.7673, 4.834327]]"
1413.0,"[[45.767306, 4.834286], [45.767291, 4.834261], [45.767308, 4.83425], [45.767328, 4.834241], [45.767322, 4.834275]]"
1414.0,"[[45.767493, 4.835947], [45.767538, 4.835972], [45.767447, 4.836058], [45.767405, 4.836061], [45.7674, 4.836038], [45.767425, 4.835979]]"
1415.0,"[[45.766347, 4.83363], [45.766332, 4.833555], [45.766343, 4.833544], [45.766351, 4.833555], [45.766388, 4.833611]]"
1416.0,"[[45.766684, 4.833447], [45.766711, 4.833377], [45.766729, 4.833394], [45.766737, 4.83348], [45.766708, 4.833538]]"
1417.0,"[[45.767222, 4.832777], [45.767238, 4.832761], [45.767335, 4.832793], [45.767413, 4.83288], [45.76738, 4.832886], [45.767272, 4.832847], [45.767243, 4.832825]]"
1418.0,"[[45.768046, 4.835969], [45.768031, 4.835861], [45.768055, 4.835833], [45.768069, 4.835861], [45.768073, 4.835883], [45.768069, 4.835915]]"
1419.0,"[[45.767605, 4.835013], [45.767627, 4.834949], [45.767657, 4.834971], [45.767649, 4.835019], [45.767612, 4.835014]]"
1420.0,"[[45.767762, 4.835067], [45.76771, 4.835035], [45.767738, 4.835013], [45.767783, 4.835033]]"
1421.0,
1422.0,"[[45.76768, 4.835218], [45.767691, 4.835197], [45.767698, 4.835212], [45.767687, 4.835218]]"
1423.0,
1424.0,
1425.0,"[[45.760805, 4.828149], [45.760996, 4.828184], [45.760981, 4.828319], [45.760911, 4.828346]]"
1426.0,"[[45.766056, 4.826849], [45.766127, 4.826592], [45.766168, 4.826592], [45.766195, 4.826643], [45.766205, 4.826688], [45.76614, 4.82681]]"
1427.0,"[[45.760559, 4.828072], [45.760532, 4.82819], [45.760464, 4.828298], [45.76039, 4.828351], [45.760337, 4.828255], [45.760333, 4.828166], [45.7605, 4.828072]]"
1428.0,"[[45.760333, 4.828166], [45.760098, 4.827997], [45.760105, 4.827879], [45.760128, 4.827847], [45.760232, 4.827847], [45.760352, 4.827954]]"
1429.0,"[[45.76824, 4.836401], [45.768202, 4.836399], [45.768241, 4.836387], [45.768271, 4.836387], [45.768256, 4.836398]]"
1430.0,"[[45.768323, 4.836387], [45.768391, 4.836361], [45.768377, 4.836444], [45.768331, 4.83643], [45.76833, 4.836427]]"
1431.0,"[[45.76808, 4.836147], [45.76808, 4.836215], [45.768001, 4.836173], [45.768, 4.836167], [45.768033, 4.836133], [45.768066, 4.836113], [45.768069, 4.836114]]"
1432.0,"[[45.768136, 4.836333], [45.768097, 4.836272], [45.768116, 4.836252], [45.768144, 4.836226], [45.76816, 4.836236], [45.768177, 4.83633]]"
1433.0,"[[45.768188, 4.836194], [45.768147, 4.836152], [45.768152, 4.836147], [45.768202, 4.836122], [45.768301, 4.836097], [45.768293, 4.836173]]"
1434.0,"[[45.767702, 4.835615], [45.767747, 4.835561], [45.767754, 4.835593], [45.767754, 4.835722], [45.76775, 4.835736], [45.767711, 4.835668]]"
1435.0,"[[45.767666, 4.832833], [45.767697, 4.832813], [45.767667, 4.832862]]"
1436.0,"[[45.767844, 4.833436], [45.767837, 4.833447], [45.76784, 4.833438]]"
1437.0,
1438.0,"[[45.767702, 4.836559], [45.767702, 4.836505], [45.767709, 4.836495], [45.767725, 4.836527], [45.767726, 4.836533]]"
1439.0,"[[45.767994, 4.835997], [45.767934, 4.836044], [45.767904, 4.836033], [45.767859, 4.836001], [45.767977, 4.835961]]"
1440.0,"[[45.767852, 4.836645], [45.767878, 4.83658], [45.767908, 4.836611], [45.767904, 4.836645]]"
1441.0,"[[45.767829, 4.836612], [45.767777, 4.83658], [45.767805, 4.836575], [45.767829, 4.83658]]"
1442.0,"[[45.767829, 4.836537], [45.767862, 4.836548], [45.767844, 4.836548]]"
1443.0,"[[45.767642, 4.834467], [45.767639, 4.834531], [45.767605, 4.83452], [45.767577, 4.83449], [45.767597, 4.834449]]"
1444.0,"[[45.766566, 4.833827], [45.766517, 4.833757], [45.76655, 4.833737], [45.766564, 4.833737], [45.766579, 4.833759], [45.766572, 4.833822]]"
1445.0,"[[45.766657, 4.833624], [45.766644, 4.833607], [45.766647, 4.833565], [45.766669, 4.833565], [45.766669, 4.833587]]"
1446.0,"[[45.766624, 4.833651], [45.766604, 4.833635], [45.766609, 4.83363], [45.766624, 4.833641]]"
1447.0,"[[45.766611, 4.833674], [45.766609, 4.833694], [45.766579, 4.833694], [45.766594, 4.833683]]"
1448.0,"[[45.75993, 4.827369], [45.759918, 4.827162], [45.76, 4.827166], [45.760338, 4.827288], [45.760232, 4.827547], [45.760203, 4.827589]]"
1449.0,"[[45.767889, 4.836387], [45.767867, 4.83643], [45.767834, 4.836418], [45.767829, 4.836366], [45.767838, 4.836361]]"
1450.0,"[[45.767747, 4.836151], [45.767783, 4.836136], [45.76783, 4.83618], [45.767852, 4.836215], [45.767859, 4.836237], [45.767859, 4.836242], [45.767844, 4.836312], [45.767747, 4.836316], [45.767733, 4.836272], [45.767721, 4.836226], [45.767732, 4.836194]]"
1451.0,"[[45.767463, 4.833008], [45.767533, 4.832941], [45.767561, 4.832969], [45.76756, 4.833008], [45.76753, 4.833067], [45.767472, 4.833055], [45.767463, 4.833019]]"
1452.0,"[[45.767672, 4.836102], [45.767758, 4.836071], [45.76774, 4.836108], [45.767707, 4.836144]]"
1453.0,"[[45.767652, 4.836061], [45.767666, 4.835999], [45.76771, 4.835958], [45.767762, 4.835979], [45.767762, 4.836001], [45.76771, 4.836044]]"
1454.0,"[[45.767792, 4.836097], [45.767744, 4.836047], [45.767781, 4.836044], [45.767814, 4.836044], [45.767814, 4.836072]]"
1455.0,"[[45.76743, 4.834002], [45.767433, 4.83403], [45.767358, 4.834052], [45.767358, 4.834033], [45.767361, 4.834027], [45.767394, 4.833997]]"
1456.0,"[[45.767666, 4.834333], [45.767642, 4.834381], [45.767575, 4.834284], [45.767513, 4.834163], [45.767505, 4.834147], [45.767513, 4.83413], [45.767552, 4.834113], [45.767594, 4.834113], [45.767619, 4.834171], [45.767627, 4.834198]]"
1457.0,"[[45.767441, 4.834113], [45.767448, 4.834048], [45.767463, 4.834061], [45.76747, 4.834123], [45.767463, 4.834123]]"
1458.0,"[[45.766901, 4.833512], [45.766924, 4.833512], [45.766927, 4.833533], [45.766909, 4.833533]]"
1459.0,"[[45.766864, 4.833544], [45.766831, 4.833531], [45.766834, 4.833526], [45.766856, 4.833523], [45.766867, 4.833523], [45.766867, 4.833531]]"
1460.0,"[[45.766871, 4.833598], [45.766849, 4.83359], [45.766853, 4.833576], [45.766871, 4.833576], [45.766879, 4.833587]]"
1461.0,"[[45.766909, 4.833576], [45.766883, 4.833587], [45.766894, 4.833555], [45.766909, 4.833555]]"
1462.0,"[[45.766823, 4.833651], [45.766815, 4.83363], [45.766819, 4.83363], [45.766841, 4.833641]]"
1463.0,"[[45.766864, 4.833673], [45.766847, 4.833676], [45.766849, 4.833655], [45.766864, 4.833651]]"
1464.0,"[[45.767583, 4.834047], [45.767544, 4.83403], [45.767553, 4.834026], [45.767601, 4.834011], [45.767588, 4.83404]]"
1465.0,"[[45.767193, 4.833555], [45.767204, 4.833524], [45.767298, 4.83348], [45.767267, 4.83351], [45.767219, 4.833544]]"
1466.0,"[[45.767163, 4.833501], [45.767141, 4.833501], [45.767166, 4.8335], [45.767167, 4.8335]]"
1467.0,"[[45.761909, 4.831119], [45.761988, 4.831019], [45.762059, 4.831066], [45.762104, 4.831141], [45.762104, 4.831173], [45.762102, 4.831225], [45.762019, 4.831272], [45.761922, 4.831227]]"
1468.0,"[[45.761848, 4.828082], [45.761909, 4.827933], [45.761932, 4.827965], [45.761991, 4.828083], [45.761932, 4.828083]]"
1469.0,"[[45.767118, 4.833544], [45.767119, 4.833544], [45.767118, 4.833555]]"
1470.0,
1471.0,"[[45.764598, 4.828936], [45.764514, 4.828779], [45.764619, 4.828677], [45.764677, 4.828654], [45.764702, 4.828697], [45.764836, 4.828941], [45.764761, 4.828952]]"
1472.0,
1473.0,
1474.0,
1475.0,"[[45.759357, 4.825551], [45.75936, 4.825508], [45.759432, 4.825347], [45.759536, 4.825401], [45.759641, 4.825508], [45.759491, 4.825597], [45.759402, 4.825626], [45.759394, 4.825621], [45.759363, 4.825583]]"
1476.0,"[[45.759805, 4.825658], [45.759714, 4.82554], [45.759914, 4.825562], [45.759952, 4.825608], [45.759888, 4.825658]]"
1477.0,"[[45.76675, 4.826827], [45.766437, 4.826924], [45.766557, 4.826796], [45.76665, 4.826752], [45.766694, 4.826741]]"
1478.0,"[[45.766622, 4.826991], [45.76655, 4.826978], [45.766595, 4.826944]]"
1479.0,"[[45.766666, 4.827], [45.766813, 4.827013], [45.766707, 4.827032], [45.766671, 4.827021]]"
1480.0,"[[45.76152, 4.831495], [45.76138, 4.831427], [45.761458, 4.831352], [45.7615, 4.831333], [45.761513, 4.831333], [45.76155, 4.831334], [45.761611, 4.831415], [45.761577, 4.831473]]"
1481.0,"[[45.765794, 4.827209], [45.765722, 4.827311], [45.765651, 4.8273], [45.765644, 4.827257], [45.765697, 4.827163], [45.765713, 4.827155], [45.76573, 4.827155]]"
1482.0,"[[45.767529, 4.833677], [45.767478, 4.833737], [45.767461, 4.833727], [45.767452, 4.833711], [45.767444, 4.833694], [45.767486, 4.833658], [45.767512, 4.833648]]"
1483.0,"[[45.765716, 4.827733], [45.765614, 4.827772], [45.765621, 4.827697], [45.7657, 4.827666]]"
1484.0,"[[45.766025, 4.827286], [45.765913, 4.827075], [45.765999, 4.827075], [45.766026, 4.827096], [45.766048, 4.827139], [45.766071, 4.827203], [45.766048, 4.827278]]"
1485.0,"[[45.766203, 4.82716], [45.766145, 4.827171], [45.76616, 4.827075], [45.76625, 4.827042], [45.766246, 4.827075]]"
1486.0,"[[45.767616, 4.833841], [45.767605, 4.833902], [45.767594, 4.833913], [45.767575, 4.833916], [45.767567, 4.833898], [45.767569, 4.833802], [45.767586, 4.8338], [45.767597, 4.833801]]"
1487.0,"[[45.767536, 4.833777], [45.767547, 4.833816], [45.767537, 4.833823], [45.767525, 4.833811], [45.76753, 4.833788]]"
1488.0,"[[45.767515, 4.833855], [45.767544, 4.833847], [45.767528, 4.833866]]"
1489.0,"[[45.767519, 4.833265], [45.767522, 4.833245], [45.767537, 4.833287], [45.767519, 4.83327]]"
1490.0,
1491.0,"[[45.76768, 4.833383], [45.767657, 4.833351], [45.767662, 4.833329], [45.767667, 4.833333]]"
1492.0,"[[45.765876, 4.827482], [45.765844, 4.827447], [45.765876, 4.827375], [45.765921, 4.827353], [45.76595, 4.827391], [45.765961, 4.827416], [45.765936, 4.827466]]"
1493.0,"[[45.766011, 4.827482], [45.766026, 4.827461], [45.766048, 4.827493], [45.766071, 4.827536], [45.766052, 4.82753]]"
1494.0,"[[45.76619, 4.827514], [45.76618, 4.827538], [45.76613, 4.827525], [45.766111, 4.8275], [45.766166, 4.8275]]"
1495.0,"[[45.764342, 4.82774], [45.764602, 4.827461], [45.764634, 4.827547], [45.764637, 4.827718], [45.764592, 4.82775], [45.764361, 4.827763]]"
1496.0,"[[45.764626, 4.827278], [45.764794, 4.827311], [45.764833, 4.827333], [45.764824, 4.827353], [45.764794, 4.827388], [45.764726, 4.827364], [45.764666, 4.827333], [45.764641, 4.827311]]"
1497.0,"[[45.764656, 4.827214], [45.764611, 4.82715], [45.764666, 4.827166], [45.764701, 4.827206], [45.764698, 4.827214]]"
1498.0,"[[45.762688, 4.828244], [45.762928, 4.828232], [45.762957, 4.828373], [45.762852, 4.828394], [45.76273, 4.828413], [45.76271, 4.828373], [45.762702, 4.828337]]"
1499.0,"[[45.762777, 4.825555], [45.762763, 4.825386], [45.762791, 4.825455], [45.762815, 4.825551]]"
1500.0,"[[45.765141, 4.827184], [45.765113, 4.827239], [45.765127, 4.827167]]"
1501.0,"[[45.765081, 4.827345], [45.765102, 4.827297], [45.765213, 4.827312], [45.765333, 4.827333], [45.76533, 4.827375], [45.765116, 4.827386]]"
1502.0,"[[45.762762, 4.825315], [45.76273, 4.825402], [45.762663, 4.825425], [45.762633, 4.825394], [45.762643, 4.825299], [45.762658, 4.825261], [45.762697, 4.825229], [45.76271, 4.82524]]"
1503.0,"[[45.762194, 4.826077], [45.762172, 4.826272], [45.762093, 4.826259], [45.761944, 4.826197], [45.761933, 4.826184], [45.762006, 4.82613]]"
1504.0,"[[45.762208, 4.826109], [45.762299, 4.826194], [45.762253, 4.826259], [45.762222, 4.8262]]"
1505.0,"[[45.767622, 4.833564], [45.76762, 4.833555], [45.767622, 4.833552], [45.767638, 4.833555]]"
1506.0,"[[45.76756, 4.8336], [45.767552, 4.833619], [45.767536, 4.833619], [45.767533, 4.833591], [45.767547, 4.833588]]"
1507.0,"[[45.762426, 4.825723], [45.762445, 4.825766], [45.762427, 4.825819], [45.762388, 4.825862], [45.762355, 4.825866], [45.762348, 4.825865], [45.762325, 4.82585], [45.76235, 4.8258], [45.762418, 4.825723]]"
1508.0,"[[45.762563, 4.825588], [45.762569, 4.825622], [45.762569, 4.82563], [45.762508, 4.825674], [45.76247, 4.825701], [45.762508, 4.825626], [45.762523, 4.825615]]"
1509.0,"[[45.767582, 4.833544], [45.767597, 4.833555], [45.767577, 4.833561], [45.767555, 4.833555], [45.767572, 4.833547]]"
1510.0,"[[45.767505, 4.833558], [45.767516, 4.833538], [45.767552, 4.83355], [45.767552, 4.833555], [45.767547, 4.833561], [45.767525, 4.833563]]"
1511.0,"[[45.7674, 4.833463], [45.767414, 4.833469], [45.767422, 4.833483], [45.767413, 4.833475]]"
1512.0,"[[45.761864, 4.828534], [45.761804, 4.828459], [45.761804, 4.828448], [45.761826, 4.828348], [45.761864, 4.828319], [45.761887, 4.828319], [45.761894, 4.828383]]"
1513.0,"[[45.759608, 4.828163], [45.759602, 4.82793], [45.759613, 4.827861], [45.759649, 4.827783], [45.759752, 4.82793], [45.759813, 4.828078], [45.759805, 4.828163], [45.759702, 4.828291], [45.759638, 4.828205]]"
1514.0,"[[45.767626, 4.833476], [45.76765, 4.833437], [45.767668, 4.833496], [45.767666, 4.8335], [45.767647, 4.833497], [45.767635, 4.83349]]"
1515.0,"[[45.767687, 4.833415], [45.767687, 4.833426], [45.767644, 4.833433], [45.767635, 4.833426], [45.767642, 4.833415], [45.76765, 4.833405], [45.767668, 4.833408]]"
1516.0,"[[45.763965, 4.827289], [45.764022, 4.827255], [45.764099, 4.827332], [45.764, 4.827333]]"
1517.0,"[[45.761258, 4.82774], [45.76125, 4.827568], [45.761258, 4.827568], [45.761363, 4.827589], [45.761443, 4.827622], [45.761479, 4.827643], [45.761537, 4.827677], [45.761537, 4.827699], [45.761533, 4.827761], [45.76152, 4.827772], [45.761477, 4.827806]]"
1518.0,"[[45.759958, 4.830116], [45.760002, 4.83008], [45.760058, 4.830227], [45.760038, 4.830325], [45.76, 4.830333], [45.75997, 4.830197]]"
1519.0,"[[45.767586, 4.833421], [45.767597, 4.833426], [45.767604, 4.833445], [45.767602, 4.833447], [45.767597, 4.833447], [45.76759, 4.833437]]"
1520.0,"[[45.75943, 4.82878], [45.759394, 4.828716], [45.759409, 4.828677], [45.759513, 4.828444], [45.759541, 4.828423], [45.759666, 4.8285], [45.759642, 4.828598], [45.759594, 4.828761], [45.759574, 4.828791], [45.75955, 4.828813]]"
1521.0,"[[45.759672, 4.828447], [45.7597, 4.82838], [45.759781, 4.828466], [45.759738, 4.828491]]"
1522.0,"[[45.763961, 4.827608], [45.764024, 4.827611], [45.764004, 4.827631], [45.763988, 4.827639], [45.763979, 4.827643]]"
1523.0,"[[45.764111, 4.827686], [45.764044, 4.827665], [45.764125, 4.827643], [45.764132, 4.827654]]"
1524.0,"[[45.764086, 4.827552], [45.764057, 4.827547], [45.764057, 4.827538], [45.764087, 4.827504], [45.764087, 4.827536]]"
1525.0,"[[45.764155, 4.827418], [45.764166, 4.827447], [45.764132, 4.827466], [45.764098, 4.827471], [45.76408, 4.827461], [45.764095, 4.827439]]"
1526.0,"[[45.761692, 4.828931], [45.761574, 4.828779], [45.76158, 4.828695], [45.761587, 4.828662], [45.761683, 4.828662], [45.761767, 4.828855], [45.761767, 4.828866]]"
1527.0,"[[45.759993, 4.829982], [45.760008, 4.829971], [45.760005, 4.829997], [45.76, 4.83]]"
1528.0,"[[45.759955, 4.829961], [45.759955, 4.829928], [45.759978, 4.829896], [45.76003, 4.829896]]"
1529.0,"[[45.763345, 4.827343], [45.763541, 4.827439], [45.763593, 4.827482], [45.763604, 4.827504], [45.763646, 4.827589], [45.763563, 4.827597], [45.763466, 4.827587], [45.763195, 4.827473], [45.7632, 4.827405], [45.763249, 4.827375]]"
1530.0,"[[45.763338, 4.827272], [45.763338, 4.827161], [45.763397, 4.827199], [45.763421, 4.827246]]"
1531.0,"[[45.767582, 4.833383], [45.767573, 4.833351], [45.767586, 4.833358], [45.767594, 4.833386]]"
1532.0,"[[45.767579, 4.833458], [45.767564, 4.833437], [45.767567, 4.833437], [45.767575, 4.833447]]"
1533.0,"[[45.767549, 4.833415], [45.767567, 4.833394], [45.767569, 4.833413], [45.767556, 4.833426]]"
1534.0,
1535.0,"[[45.760562, 4.830476], [45.76049, 4.830492], [45.760488, 4.830492], [45.760487, 4.830422], [45.760517, 4.830422]]"
1536.0,"[[45.760228, 4.830278], [45.76027, 4.830218], [45.76035, 4.830249], [45.760475, 4.830326], [45.760442, 4.830358], [45.760308, 4.8304], [45.760262, 4.830379], [45.760241, 4.830327]]"
1537.0,"[[45.761422, 4.830455], [45.761427, 4.830391], [45.76149, 4.830465], [45.76149, 4.830551], [45.761436, 4.830508]]"
1538.0,"[[45.761586, 4.828952], [45.761632, 4.828952], [45.76164, 4.828963], [45.761647, 4.828974], [45.761602, 4.829113], [45.761587, 4.829124], [45.76155, 4.829134], [45.761551, 4.829091]]"
1539.0,"[[45.76753, 4.833394], [45.767513, 4.833402], [45.767519, 4.833394]]"
1540.0,"[[45.761461, 4.82976], [45.7615, 4.829666], [45.761497, 4.829703], [45.761486, 4.82973]]"
1541.0,"[[45.767493, 4.833394], [45.767483, 4.833397], [45.767486, 4.833386]]"
1542.0,"[[45.7675, 4.833413], [45.767508, 4.833422], [45.767497, 4.833422], [45.767493, 4.833415], [45.767494, 4.833413]]"
1543.0,"[[45.76748, 4.833411], [45.767485, 4.833426], [45.767475, 4.83343], [45.76747, 4.833426], [45.767477, 4.833411]]"
1544.0,"[[45.760569, 4.826356], [45.760524, 4.826238], [45.760569, 4.826173], [45.760667, 4.826216], [45.760682, 4.826238], [45.760622, 4.826313]]"
1545.0,"[[45.767513, 4.833461], [45.767534, 4.833464], [45.767515, 4.83349], [45.767481, 4.833496], [45.76747, 4.83349], [45.767487, 4.833468], [45.767497, 4.833463]]"
1546.0,"[[45.76753, 4.833458], [45.767511, 4.833447], [45.767517, 4.833439], [45.767521, 4.833437], [45.76753, 4.833447]]"
1547.0,"[[45.759484, 4.828984], [45.759387, 4.829113], [45.759286, 4.829038], [45.759274, 4.829027], [45.759282, 4.828995], [45.759327, 4.828952], [45.759379, 4.82892], [45.759454, 4.828931], [45.759477, 4.828963]]"
1548.0,"[[45.760819, 4.830797], [45.760819, 4.830783], [45.760878, 4.830701], [45.761405, 4.830725], [45.761436, 4.830736], [45.76152, 4.830873], [45.761544, 4.830963], [45.761467, 4.831034], [45.761271, 4.831081], [45.76106, 4.83113]]"
1549.0,"[[45.760569, 4.830605], [45.760652, 4.830594], [45.760659, 4.830594], [45.760794, 4.830602], [45.760809, 4.830679], [45.760779, 4.830701], [45.760716, 4.830701]]"
1550.0,"[[45.759422, 4.829669], [45.759354, 4.829528], [45.759357, 4.829478], [45.759372, 4.829427], [45.759591, 4.829596], [45.759611, 4.829639], [45.759589, 4.829746], [45.75957, 4.829757], [45.759463, 4.829702]]"
1551.0,"[[45.759372, 4.829252], [45.759397, 4.829361], [45.759366, 4.829386], [45.759347, 4.82938], [45.759297, 4.829349], [45.759294, 4.829302], [45.759325, 4.829269]]"
1552.0,"[[45.759372, 4.829177], [45.759379, 4.829134], [45.7595, 4.829166], [45.759502, 4.829172], [45.759488, 4.829197], [45.759469, 4.82921], [45.759447, 4.82922], [45.759409, 4.829199]]"
1553.0,"[[45.761652, 4.829147], [45.761677, 4.829145], [45.761685, 4.829167], [45.761685, 4.829177], [45.761662, 4.829177]]"
1554.0,"[[45.761692, 4.829134], [45.761707, 4.829134], [45.761708, 4.829147], [45.761707, 4.829156]]"
1555.0,"[[45.764, 4.828167], [45.764012, 4.828147], [45.76405, 4.828126], [45.764155, 4.82818], [45.764163, 4.828227], [45.76413, 4.828248], [45.764088, 4.828252], [45.764015, 4.828244], [45.764002, 4.828197]]"
1556.0,"[[45.764634, 4.828372], [45.764544, 4.828362], [45.764577, 4.828319], [45.764626, 4.828287], [45.764641, 4.828308], [45.764641, 4.828333]]"
1557.0,"[[45.761606, 4.829939], [45.761611, 4.829961], [45.761583, 4.829971], [45.761565, 4.829971], [45.76158, 4.82995]]"
1558.0,"[[45.761535, 4.829982], [45.76155, 4.829997], [45.761547, 4.830019], [45.761542, 4.830046], [45.761527, 4.830046], [45.761513, 4.830041], [45.761505, 4.830036], [45.7615, 4.83002], [45.7615, 4.83], [45.761512, 4.829993]]"
1559.0,"[[45.76435, 4.828362], [45.764305, 4.828313], [45.764349, 4.828298], [45.76438, 4.828336]]"
1560.0,"[[45.764427, 4.828358], [45.764408, 4.828311], [45.764424, 4.828298], [45.764458, 4.828287], [45.764461, 4.828287], [45.764477, 4.828327], [45.764476, 4.828351]]"
1561.0,"[[45.764454, 4.828238], [45.764466, 4.828167], [45.76448, 4.828152], [45.764521, 4.828169], [45.764536, 4.82819], [45.764536, 4.8282], [45.764527, 4.828241], [45.7645, 4.828261], [45.764483, 4.828266]]"
1562.0,"[[45.763718, 4.828381], [45.763458, 4.827965], [45.763537, 4.827977], [45.763795, 4.828083], [45.763875, 4.828215], [45.763838, 4.828277]]"
1563.0,"[[45.760623, 4.826972], [45.7605, 4.827], [45.760533, 4.826883]]"
1564.0,"[[45.759952, 4.826177], [45.759884, 4.826055], [45.759913, 4.826002], [45.76, 4.826], [45.760004, 4.826087], [45.76, 4.826141]]"
1565.0,"[[45.762549, 4.826774], [45.76247, 4.82672], [45.762475, 4.826691], [45.762515, 4.826591], [45.762617, 4.826613]]"
1566.0,"[[45.762949, 4.828061], [45.763054, 4.827986], [45.763094, 4.828022], [45.763056, 4.828056]]"
1567.0,"[[45.762041, 4.826833], [45.7621, 4.826763], [45.762164, 4.826871], [45.762122, 4.826869]]"
1568.0,"[[45.761954, 4.82774], [45.761888, 4.827561], [45.762044, 4.827632], [45.762055, 4.827672]]"
1569.0,"[[45.759672, 4.826438], [45.7596, 4.826408], [45.759636, 4.826383], [45.759664, 4.826366], [45.759686, 4.826356], [45.759708, 4.826359], [45.759722, 4.826388], [45.759714, 4.826409]]"
1570.0,"[[45.762661, 4.8269], [45.762628, 4.826806], [45.762717, 4.826688], [45.762755, 4.826737], [45.762747, 4.826867], [45.762719, 4.82688]]"
1571.0,"[[45.762333, 4.827333], [45.762471, 4.827394], [45.762433, 4.827461], [45.762343, 4.827429]]"
1572.0,"[[45.76277, 4.827032], [45.762813, 4.827113], [45.762747, 4.827116], [45.762628, 4.827064], [45.762641, 4.826972], [45.762652, 4.826958], [45.762711, 4.826986]]"
1573.0,"[[45.76293, 4.827016], [45.762957, 4.827117], [45.762894, 4.827147], [45.762826, 4.82715], [45.762848, 4.827085], [45.762867, 4.827053]]"
1574.0,"[[45.762961, 4.827021], [45.76296, 4.826903], [45.762961, 4.826874], [45.762966, 4.826811], [45.763033, 4.826786], [45.763054, 4.826796], [45.763072, 4.826833], [45.76303, 4.82702]]"
1575.0,"[[45.763208, 4.827954], [45.763301, 4.827911], [45.763384, 4.827954], [45.763375, 4.828072], [45.76333, 4.828102], [45.763279, 4.828099], [45.76321, 4.827985]]"
1576.0,"[[45.760766, 4.827919], [45.760697, 4.827826], [45.760741, 4.827772], [45.760788, 4.8278], [45.760809, 4.827826]]"
1577.0,"[[45.759972, 4.826344], [45.759994, 4.826436], [45.759937, 4.82642], [45.759918, 4.826388], [45.759933, 4.826366]]"
1578.0,"[[45.760008, 4.826474], [45.760042, 4.826447], [45.76009, 4.82649], [45.760064, 4.826517], [45.760038, 4.826506], [45.760015, 4.826495]]"
1579.0,"[[45.760004, 4.826635], [45.759955, 4.826613], [45.759969, 4.826555], [45.759974, 4.826554], [45.760015, 4.826554], [45.760027, 4.826602], [45.760023, 4.826608]]"
1580.0,"[[45.760124, 4.826613], [45.760121, 4.826584], [45.760125, 4.826575], [45.760143, 4.82656], [45.760171, 4.82657], [45.760195, 4.826592]]"
1581.0,"[[45.760139, 4.826517], [45.760173, 4.826474], [45.760222, 4.826495], [45.760217, 4.826527]]"
1582.0,"[[45.762736, 4.827344], [45.762628, 4.827493], [45.762577, 4.827435], [45.762569, 4.8274], [45.762572, 4.827263], [45.76268, 4.827235], [45.76271, 4.827277]]"
1583.0,"[[45.762961, 4.827868], [45.762905, 4.827783], [45.762911, 4.827758], [45.762964, 4.827772], [45.763024, 4.827826]]"
1584.0,
1585.0,"[[45.762463, 4.827611], [45.762493, 4.827525], [45.762538, 4.827504], [45.762628, 4.827525], [45.762654, 4.827537], [45.762658, 4.827547], [45.762671, 4.827607], [45.762575, 4.827661], [45.762553, 4.827665], [45.7625, 4.827666], [45.762469, 4.827633]]"
1586.0,"[[45.762662, 4.827662], [45.762695, 4.827632], [45.76283, 4.827708], [45.762822, 4.827763], [45.762796, 4.827826], [45.762736, 4.827786]]"
1587.0,"[[45.76045, 4.826576], [45.760569, 4.826538], [45.760646, 4.826549], [45.760708, 4.826636], [45.760697, 4.826645], [45.760561, 4.826666], [45.760532, 4.82666], [45.760457, 4.826624]]"
1588.0,"[[45.76137, 4.827117], [45.761363, 4.827053], [45.761423, 4.827042], [45.761441, 4.827042], [45.761475, 4.827064], [45.76149, 4.827128]]"
1589.0,"[[45.761288, 4.827128], [45.761243, 4.827128], [45.761198, 4.827117], [45.761161, 4.827085], [45.761131, 4.827042], [45.761128, 4.826999], [45.761131, 4.826967], [45.761191, 4.826989], [45.76128, 4.827053]]"
1590.0,"[[45.761011, 4.827622], [45.760938, 4.827511], [45.760951, 4.827471], [45.761038, 4.827463]]"
1591.0,"[[45.761666, 4.827333], [45.761675, 4.827294], [45.761722, 4.827297], [45.761768, 4.827331], [45.761667, 4.827333]]"
1592.0,"[[45.76201, 4.82752], [45.761986, 4.827494], [45.762029, 4.827504], [45.762041, 4.827519]]"
1593.0,"[[45.761636, 4.827216], [45.761591, 4.827269], [45.761559, 4.827289], [45.76152, 4.827289], [45.761501, 4.827182], [45.7615, 4.827166], [45.761542, 4.827171]]"
1594.0,"[[45.761666, 4.827222], [45.761624, 4.827192], [45.761652, 4.827125], [45.761658, 4.827119], [45.761702, 4.827138], [45.761719, 4.827163], [45.761686, 4.827208]]"
1595.0,"[[45.762186, 4.827308], [45.762134, 4.8273], [45.762179, 4.827278]]"
1596.0,
1597.0,"[[45.761763, 4.826797], [45.761833, 4.826833], [45.761791, 4.826813]]"
1598.0,"[[45.760599, 4.827611], [45.760629, 4.827573], [45.76062, 4.82759]]"
1599.0,
1600.0,"[[45.762152, 4.827419], [45.762152, 4.827463], [45.762141, 4.827461], [45.7621, 4.827438], [45.7621, 4.827436], [45.762127, 4.827407], [45.762147, 4.827411]]"
1601.0,"[[45.762096, 4.827343], [45.762069, 4.827347], [45.76207, 4.827335], [45.762084, 4.827324], [45.762091, 4.827327]]"
1602.0,"[[45.762074, 4.827289], [45.7621, 4.827261], [45.7621, 4.827283]]"
1603.0,"[[45.761666, 4.827], [45.761652, 4.826938], [45.761752, 4.826892], [45.761769, 4.826891], [45.761819, 4.826933]]"
1604.0,"[[45.761864, 4.826946], [45.761887, 4.827064], [45.761864, 4.827075], [45.761857, 4.827075], [45.76178, 4.827047], [45.761769, 4.827022], [45.761833, 4.826967], [45.761858, 4.82695]]"
1605.0,"[[45.762, 4.827], [45.761864, 4.826946], [45.761909, 4.826935], [45.761939, 4.826935], [45.762014, 4.826977], [45.762011, 4.826983]]"
1606.0,"[[45.761859, 4.827382], [45.761808, 4.827349], [45.761812, 4.827343], [45.761838, 4.827327], [45.761848, 4.827326], [45.761858, 4.827328], [45.76188, 4.827352], [45.761875, 4.827369], [45.761867, 4.827382]]"
1607.0,
1608.0,
1609.0,
1610.0,"[[45.762, 4.827333], [45.761963, 4.827305], [45.761968, 4.827298], [45.761984, 4.827311]]"
1611.0,"[[45.760693, 4.827589], [45.760708, 4.82752], [45.760801, 4.827461], [45.760802, 4.827461], [45.760813, 4.827472], [45.760833, 4.8275], [45.7608, 4.827656], [45.760749, 4.82767], [45.760694, 4.827669]]"
1612.0,"[[45.760611, 4.827709], [45.760666, 4.827666], [45.760697, 4.827718], [45.760659, 4.827752], [45.760622, 4.827729]]"
1613.0,"[[45.761027, 4.826055], [45.761002, 4.8261], [45.761018, 4.826055]]"
1614.0,"[[45.760988, 4.826161], [45.760972, 4.826158], [45.760973, 4.826146]]"
1615.0,
1616.0,"[[45.760986, 4.826205], [45.76096, 4.826208], [45.760963, 4.826202], [45.760976, 4.826195]]"
1617.0,"[[45.761013, 4.826219], [45.760997, 4.826208], [45.761005, 4.826202]]"
1618.0,"[[45.760888, 4.826416], [45.760933, 4.826356], [45.760966, 4.826388], [45.760951, 4.82642], [45.760891, 4.826431]]"
1619.0,"[[45.760828, 4.827294], [45.760786, 4.827353], [45.760749, 4.827311], [45.760749, 4.827289], [45.76078, 4.827258], [45.760816, 4.827283]]"
1620.0,"[[45.760802, 4.826716], [45.760769, 4.826691], [45.7608, 4.826677], [45.760811, 4.826675], [45.760827, 4.826675], [45.760855, 4.826678]]"
1621.0,"[[45.760794, 4.827225], [45.760741, 4.827202], [45.760734, 4.827193], [45.760734, 4.827182], [45.760749, 4.827171], [45.760794, 4.82715], [45.760818, 4.827159], [45.760831, 4.827182], [45.760824, 4.827214]]"
1622.0,
1623.0,"[[45.760801, 4.827075], [45.760816, 4.827064], [45.760847, 4.827095], [45.760855, 4.827108], [45.760839, 4.827117], [45.760804, 4.827096]]"
1624.0,"[[45.760925, 4.827086], [45.760921, 4.827107], [45.760921, 4.827085]]"
1625.0,"[[45.760899, 4.827107], [45.760877, 4.827119], [45.760884, 4.827096], [45.760891, 4.827096]]"
1626.0,
1627.0,
1628.0,"[[45.760852, 4.826999], [45.760843, 4.826999], [45.76085, 4.826994]]"
1629.0,
1630.0,"[[45.761095, 4.826685], [45.761091, 4.826641], [45.761101, 4.826635], [45.761115, 4.826641], [45.761138, 4.826663]]"
1631.0,"[[45.760914, 4.826817], [45.760936, 4.826838], [45.760921, 4.826871], [45.760914, 4.826871], [45.760884, 4.826838], [45.76088, 4.826833], [45.760869, 4.826816], [45.760877, 4.826816]]"
1632.0,"[[45.760888, 4.826694], [45.76088, 4.826735], [45.760866, 4.826723], [45.760863, 4.826719], [45.760855, 4.826708], [45.760872, 4.826691], [45.760883, 4.826691]]"
1633.0,"[[45.760996, 4.826892], [45.760943, 4.826917], [45.760966, 4.82686], [45.760992, 4.826881]]"
1634.0,"[[45.760908, 4.826944], [45.760943, 4.826917], [45.76094, 4.826941], [45.760938, 4.826947], [45.760925, 4.826951]]"
1635.0,"[[45.760906, 4.826645], [45.7609, 4.826619], [45.760914, 4.826613], [45.760928, 4.826618], [45.760935, 4.826623]]"
1636.0,"[[45.76103, 4.826474], [45.761052, 4.826441], [45.761056, 4.826463], [45.76105, 4.82648]]"
1637.0,"[[45.761063, 4.826397], [45.76108, 4.826422], [45.761075, 4.826431], [45.761055, 4.826436], [45.76105, 4.826433], [45.761048, 4.82642], [45.761055, 4.8264]]"
1638.0,"[[45.760951, 4.826753], [45.760936, 4.826742], [45.760958, 4.826725], [45.760966, 4.82673]]"
1639.0,"[[45.760938, 4.82678], [45.760958, 4.826763], [45.760978, 4.826806], [45.760944, 4.826808]]"
1640.0,
1641.0,
1642.0,"[[45.760962, 4.826683], [45.760947, 4.826678], [45.760955, 4.826666], [45.760963, 4.826666], [45.760966, 4.826667], [45.760977, 4.826677], [45.760972, 4.82668]]"
1643.0,"[[45.760996, 4.826592], [45.760988, 4.826586], [45.761, 4.826581], [45.761003, 4.826581], [45.761009, 4.826584], [45.761008, 4.826591], [45.761003, 4.826592]]"
1644.0,
1645.0,"[[45.761, 4.826501], [45.760996, 4.826506], [45.761, 4.826499]]"
1646.0,"[[45.761041, 4.82656], [45.761038, 4.826555], [45.761041, 4.826538], [45.761047, 4.826527], [45.761048, 4.826527], [45.761047, 4.826549]]"
1647.0,"[[45.760977, 4.826624], [45.760986, 4.826622], [45.760985, 4.826635], [45.760977, 4.826636]]"
1648.0,"[[45.761, 4.826666], [45.760986, 4.826655], [45.760988, 4.826645], [45.761005, 4.82665], [45.761005, 4.826663]]"
1649.0,
1650.0,"[[45.761025, 4.826577], [45.761036, 4.826575], [45.761032, 4.826586]]"
