cluster_id,convex_hull
0.0,"[[45.769999, 4.857716], [45.770471, 4.859068], [45.770329, 4.860398], [45.768013, 4.8616], [45.766654, 4.861568], [45.765532, 4.859089], [45.76533, 4.858174], [45.765322, 4.857952], [45.765441, 4.857583], [45.765863, 4.857469], [45.767558, 4.857469]]"
1.0,"[[45.771077, 4.83466], [45.770247, 4.834628], [45.769985, 4.834595], [45.769455, 4.834508], [45.769083, 4.834446], [45.768998, 4.834425], [45.769022, 4.833975], [45.769341, 4.833523], [45.76973, 4.833072], [45.769833, 4.833], [45.770172, 4.832766], [45.770555, 4.832777], [45.77095, 4.8329], [45.771201, 4.83312], [45.77119, 4.833308]]"
2.0,"[[45.836836, 4.826377], [45.836666, 4.822777], [45.837889, 4.823083], [45.840038, 4.824308], [45.841511, 4.825855], [45.837652, 4.826752], [45.837455, 4.826774], [45.837155, 4.826766], [45.836911, 4.826711]]"
3.0,"[[45.730558, 4.952496], [45.730133, 4.950113], [45.730801, 4.950081], [45.731469, 4.950108], [45.731875, 4.95013], [45.732288, 4.950297], [45.732597, 4.950594], [45.732911, 4.951327], [45.731063, 4.952463], [45.7308, 4.952488]]"
4.0,"[[45.739535, 4.81967], [45.739666, 4.818166], [45.740865, 4.818191], [45.740936, 4.818194], [45.741262, 4.818234], [45.741972, 4.818322], [45.742019, 4.818341], [45.742071, 4.818363], [45.742864, 4.818792], [45.743216, 4.819363], [45.743433, 4.82055], [45.743344, 4.820752], [45.742666, 4.820833], [45.740433, 4.821008], [45.739734, 4.820895]]"
5.0,"[[45.780575, 4.772335], [45.775507, 4.769203], [45.775582, 4.766542], [45.775605, 4.766435], [45.776944, 4.76666], [45.781833, 4.770166]]"
6.0,"[[45.718502, 4.870444], [45.721671, 4.874968], [45.721416, 4.875826], [45.720499, 4.87618], [45.716163, 4.877802], [45.71609, 4.87598], [45.716626, 4.873732]]"
7.0,"[[45.798323, 4.943028], [45.798333, 4.939667], [45.798483, 4.937752], [45.801297, 4.9392], [45.802953, 4.942173], [45.800002, 4.944469], [45.799164, 4.944899], [45.798603, 4.943997]]"
8.0,"[[45.729584, 4.743106], [45.728688, 4.741438], [45.731344, 4.734613], [45.738055, 4.732222], [45.738047, 4.732872]]"
9.0,"[[45.752905, 4.828241], [45.752233, 4.825321], [45.753005, 4.824639], [45.753869, 4.824629], [45.755075, 4.825004], [45.755217, 4.825111], [45.755307, 4.825615], [45.755449, 4.82787], [45.755457, 4.828362], [45.754777, 4.828533], [45.753526, 4.828533]]"
10.0,"[[45.793052, 4.880998], [45.788888, 4.881111], [45.787846, 4.880043], [45.787333, 4.875833], [45.788235, 4.87529], [45.791048, 4.87853]]"
11.0,"[[45.783547, 4.85223], [45.783536, 4.851257], [45.783816, 4.850924], [45.783938, 4.850855], [45.786625, 4.849902], [45.787008, 4.850013], [45.786769, 4.851222], [45.786449, 4.852033], [45.784861, 4.853169], [45.784205, 4.853402], [45.783827, 4.853452], [45.78365, 4.852877]]"
12.0,"[[45.757622, 4.922122], [45.760906, 4.920576], [45.761097, 4.920898], [45.761272, 4.921852], [45.761557, 4.925313], [45.761557, 4.925318], [45.761093, 4.925833], [45.759731, 4.925458], [45.759158, 4.92519]]"
13.0,"[[45.765383, 4.9739], [45.768333, 4.978333], [45.766913, 4.981866], [45.766158, 4.983427], [45.766, 4.983744], [45.763611, 4.985277], [45.760258, 4.984877], [45.76236, 4.97794]]"
14.0,"[[45.760203, 4.830937], [45.759626, 4.830883], [45.759598, 4.830854], [45.759075, 4.830286], [45.758883, 4.829794], [45.759314, 4.829564], [45.759544, 4.829456], [45.760094, 4.829213], [45.760277, 4.829166], [45.760667, 4.829328], [45.760921, 4.829665], [45.76087, 4.829871], [45.760855, 4.829908], [45.760558, 4.830519], [45.760405, 4.830787], [45.760332, 4.830901]]"
15.0,"[[45.771, 4.804333], [45.772411, 4.803647], [45.773471, 4.804139], [45.774258, 4.805703], [45.774358, 4.805926], [45.774561, 4.806404], [45.77513, 4.808449], [45.77474, 4.808658], [45.771055, 4.805467]]"
16.0,"[[45.753, 4.854833], [45.753817, 4.854454], [45.754038, 4.854509], [45.755333, 4.856233], [45.754955, 4.857555], [45.751926, 4.858383], [45.751759, 4.85821], [45.750594, 4.856793], [45.750598, 4.85675]]"
17.0,"[[45.702833, 4.771833], [45.697375, 4.771445], [45.698799, 4.764525], [45.699952, 4.766365]]"
18.0,"[[45.733602, 4.817698], [45.734372, 4.817255], [45.734944, 4.817827], [45.7355, 4.819], [45.735069, 4.820225], [45.73458, 4.820419], [45.733017, 4.820036], [45.732902, 4.819986], [45.732647, 4.819709], [45.73263, 4.818847], [45.732808, 4.818575], [45.73313, 4.81817]]"
19.0,"[[45.822113, 4.901322], [45.828716, 4.909193], [45.822765, 4.908125], [45.818394, 4.905916], [45.815902, 4.904502], [45.8155, 4.904166], [45.815833, 4.904]]"
20.0,"[[45.664808, 4.85143], [45.672649, 4.851624], [45.669799, 4.85616], [45.666725, 4.858403]]"
21.0,"[[45.775287, 4.880159], [45.777098, 4.886035], [45.776121, 4.887923], [45.774797, 4.888304], [45.773674, 4.888004], [45.771545, 4.885708], [45.771172, 4.885059], [45.771265, 4.883603]]"
22.0,"[[45.763933, 4.822733], [45.763666, 4.824333], [45.762396, 4.8245], [45.762333, 4.8245], [45.760694, 4.82403], [45.7605, 4.823833], [45.760277, 4.823598], [45.760338, 4.823144], [45.760386, 4.823016], [45.761228, 4.822826], [45.761952, 4.822747], [45.762508, 4.82273], [45.76256, 4.822729], [45.76375, 4.822708]]"
23.0,"[[45.809686, 4.780269], [45.803791, 4.774577], [45.807129, 4.770061], [45.808165, 4.769802], [45.81058, 4.771544]]"
24.0,"[[45.7575, 4.844333], [45.757083, 4.844074], [45.756771, 4.84352], [45.756029, 4.842009], [45.75611, 4.841859], [45.756565, 4.841183], [45.757875, 4.840625], [45.758406, 4.841161], [45.758822, 4.841825], [45.758819, 4.841866], [45.75873, 4.842508], [45.758062, 4.843693]]"
25.0,"[[45.7514, 4.8759], [45.752754, 4.876588], [45.752934, 4.876835], [45.753333, 4.878333], [45.75262, 4.87927], [45.75125, 4.880341], [45.748364, 4.881287], [45.747196, 4.881566], [45.746616, 4.880144], [45.748082, 4.877699], [45.748791, 4.877039], [45.749275, 4.87678]]"
26.0,"[[45.847094, 4.85328], [45.847333, 4.850833], [45.85495, 4.848755], [45.853175, 4.851438], [45.847666, 4.8535], [45.847166, 4.8535]]"
27.0,"[[45.733931, 4.840486], [45.729444, 4.845], [45.729722, 4.839166], [45.730085, 4.838848], [45.731441, 4.837722], [45.733055, 4.838611]]"
28.0,"[[45.720534, 4.894483], [45.719877, 4.895653], [45.718422, 4.896194], [45.717736, 4.896038], [45.716248, 4.894924], [45.717888, 4.894294]]"
29.0,"[[45.792115, 4.835389], [45.795988, 4.83115], [45.797027, 4.831194], [45.798171, 4.831851], [45.799609, 4.83289], [45.7987, 4.834166], [45.798497, 4.834336], [45.796927, 4.835591], [45.792336, 4.835441]]"
30.0,"[[45.765758, 4.834466], [45.765782, 4.833416], [45.765803, 4.833198], [45.765861, 4.83275], [45.765866, 4.832738], [45.765976, 4.832677], [45.766563, 4.832405], [45.766684, 4.832514], [45.766801, 4.832653], [45.766858, 4.832751], [45.766955, 4.833055], [45.767111, 4.833576], [45.767145, 4.833737], [45.767091, 4.833875], [45.766752, 4.834424], [45.766667, 4.8345], [45.766115, 4.834799], [45.765833, 4.834722]]"
31.0,"[[45.70259, 4.867619], [45.698263, 4.873585], [45.692766, 4.872072], [45.687811, 4.866436], [45.688243, 4.865119], [45.697191, 4.861224], [45.701698, 4.865334], [45.702373, 4.866589]]"
32.0,"[[45.699027, 4.821405], [45.704757, 4.817703], [45.709255, 4.827547], [45.700934, 4.82598]]"
33.0,"[[45.764495, 4.849519], [45.76468, 4.847801], [45.76572, 4.84741], [45.767268, 4.847631], [45.768248, 4.848006], [45.76732, 4.850325], [45.766869, 4.851172], [45.766527, 4.851688], [45.765775, 4.851608], [45.765002, 4.850538], [45.764521, 4.849798]]"
34.0,"[[45.787502, 4.857471], [45.785814, 4.85917], [45.784958, 4.858919], [45.783342, 4.85822], [45.783376, 4.857077], [45.783761, 4.856085], [45.783978, 4.855881], [45.784833, 4.855644], [45.784919, 4.855633], [45.785167, 4.855624], [45.785308, 4.8557]]"
35.0,"[[45.775167, 4.854833], [45.775136, 4.854497], [45.775246, 4.853854], [45.777416, 4.853918], [45.777595, 4.853954], [45.778097, 4.85439], [45.778508, 4.855084], [45.777779, 4.855527], [45.777356, 4.855763], [45.777211, 4.855833], [45.776637, 4.856042], [45.776488, 4.855924]]"
36.0,"[[45.779166, 4.729444], [45.785317, 4.727854], [45.78608, 4.728412], [45.787936, 4.730652], [45.788288, 4.731216], [45.789166, 4.733611], [45.787777, 4.734166], [45.786944, 4.734444]]"
37.0,"[[45.812, 4.9545], [45.812963, 4.956979], [45.81211, 4.958674], [45.803741, 4.964318], [45.803375, 4.964243], [45.801188, 4.962758], [45.80229, 4.959747], [45.802787, 4.959294]]"
38.0,"[[45.724769, 4.832891], [45.724636, 4.833984], [45.724292, 4.834123], [45.724167, 4.834167], [45.723873, 4.834145], [45.72227, 4.832761], [45.720982, 4.831366], [45.720817, 4.831173], [45.721636, 4.830054], [45.722585, 4.830186], [45.724444, 4.831111], [45.724715, 4.831646]]"
39.0,"[[45.832578, 4.880375], [45.830286, 4.881663], [45.83072, 4.878669], [45.831811, 4.878036]]"
40.0,"[[45.719152, 4.914005], [45.723873, 4.916115], [45.722544, 4.921741], [45.717229, 4.922819], [45.718166, 4.9155]]"
41.0,"[[45.746907, 4.80654], [45.747, 4.8], [45.75, 4.798], [45.753167, 4.801333], [45.75413, 4.803267], [45.754222, 4.803557], [45.754198, 4.803718], [45.753907, 4.804115], [45.752573, 4.804675]]"
42.0,"[[45.778209, 4.870129], [45.780736, 4.868822], [45.781494, 4.868927], [45.782164, 4.869065], [45.782953, 4.869727], [45.782905, 4.870631], [45.781972, 4.871567], [45.781661, 4.871725], [45.780166, 4.871333], [45.778261, 4.870183]]"
43.0,"[[45.775333, 4.848333], [45.774898, 4.848221], [45.7755, 4.8465], [45.775694, 4.846091], [45.777251, 4.845378], [45.77982, 4.844496], [45.780841, 4.84488], [45.779394, 4.846788], [45.778755, 4.84743], [45.777605, 4.848472], [45.777442, 4.848505]]"
44.0,"[[45.767582, 4.825991], [45.76741, 4.82536], [45.767583, 4.825027], [45.767882, 4.824575], [45.768069, 4.824408], [45.768289, 4.824318], [45.769468, 4.824113], [45.770531, 4.824521], [45.770815, 4.825583], [45.770471, 4.826474], [45.769879, 4.827192], [45.769534, 4.827259], [45.7686, 4.826667], [45.768432, 4.82656], [45.767672, 4.826066]]"
45.0,"[[45.758878, 4.833329], [45.758955, 4.833358], [45.759147, 4.833769], [45.759619, 4.834847], [45.759471, 4.835042], [45.759297, 4.835153], [45.758438, 4.835634], [45.758211, 4.835743], [45.758152, 4.835743], [45.757697, 4.835641], [45.757402, 4.835511], [45.756951, 4.834585], [45.756955, 4.834441], [45.757301, 4.834184], [45.757796, 4.833886], [45.758111, 4.833713]]"
46.0,"[[45.735436, 4.814929], [45.735252, 4.813619], [45.735758, 4.812054], [45.73647, 4.811829], [45.736565, 4.811974], [45.737075, 4.812775], [45.737666, 4.8145], [45.737818, 4.814972], [45.737982, 4.815852], [45.737488, 4.816453], [45.73695, 4.816669], [45.735751, 4.816882]]"
47.0,"[[45.778667, 4.805], [45.778888, 4.803611], [45.780349, 4.802076], [45.783448, 4.803475], [45.784072, 4.804598], [45.783933, 4.806358], [45.782556, 4.807315], [45.781302, 4.807502], [45.778807, 4.80669]]"
48.0,"[[45.836095, 4.844083], [45.826362, 4.839831], [45.833358, 4.837941], [45.83638, 4.838255], [45.838307, 4.840346]]"
49.0,"[[45.750466, 4.832844], [45.750479, 4.834804], [45.750381, 4.835057], [45.749977, 4.835586], [45.748854, 4.836773], [45.747611, 4.835121], [45.747315, 4.832735], [45.74995, 4.832808]]"
50.0,"[[45.747929, 4.841967], [45.748602, 4.841827], [45.749122, 4.842427], [45.749752, 4.843951], [45.748869, 4.845571], [45.746862, 4.846558], [45.745988, 4.845919], [45.74504, 4.844988], [45.746458, 4.843383]]"
51.0,"[[45.762688, 4.767637], [45.76898, 4.756474], [45.770333, 4.766166], [45.768361, 4.767519]]"
52.0,"[[45.761261, 4.825394], [45.761692, 4.826259], [45.761348, 4.827042], [45.761288, 4.827128], [45.761146, 4.827235], [45.760932, 4.827182], [45.760427, 4.827032], [45.76009, 4.826881], [45.760352, 4.826474], [45.760861, 4.825737], [45.761056, 4.825465]]"
53.0,"[[45.735444, 4.872298], [45.7341, 4.86989], [45.734822, 4.868138], [45.737039, 4.86587], [45.740428, 4.867848], [45.740638, 4.868019], [45.739922, 4.86941]]"
54.0,"[[45.7625, 4.805555], [45.766772, 4.811422], [45.766445, 4.812891], [45.765247, 4.812483], [45.76305, 4.811416], [45.762403, 4.811046], [45.761175, 4.809488], [45.760963, 4.808591], [45.761294, 4.807633]]"
55.0,"[[45.752462, 4.870998], [45.751369, 4.869299], [45.75138, 4.86841], [45.751613, 4.86703], [45.754143, 4.863499], [45.755144, 4.86366], [45.755965, 4.866471], [45.756366, 4.870319]]"
56.0,"[[45.83747, 4.805295], [45.833102, 4.79988], [45.833297, 4.79978], [45.840419, 4.803273], [45.838544, 4.804647]]"
57.0,"[[45.666665, 4.888615], [45.663958, 4.893155], [45.665668, 4.885997]]"
58.0,"[[45.765791, 4.875113], [45.766902, 4.873163], [45.767829, 4.873321], [45.770516, 4.874271], [45.771362, 4.876191], [45.771369, 4.876502], [45.768234, 4.877447], [45.766677, 4.87678]]"
59.0,"[[45.698116, 4.956955], [45.710322, 4.950108], [45.712412, 4.964532], [45.706666, 4.966388], [45.7035, 4.966166], [45.701152, 4.96589]]"
60.0,"[[45.768533, 4.83879], [45.767127, 4.838316], [45.767122, 4.838311], [45.766759, 4.837471], [45.766725, 4.83724], [45.766752, 4.837216], [45.767762, 4.836881], [45.767934, 4.836826], [45.768301, 4.83672], [45.769417, 4.836773], [45.769453, 4.837342], [45.769333, 4.838], [45.769166, 4.838333], [45.768694, 4.83878]]"
61.0,"[[45.838629, 4.90606], [45.847058, 4.909755], [45.842418, 4.914665], [45.838225, 4.917022], [45.831983, 4.918363], [45.836475, 4.906783]]"
62.0,"[[45.811166, 4.762833], [45.817202, 4.758391], [45.822166, 4.7585], [45.824612, 4.761028], [45.81685, 4.764219]]"
63.0,"[[45.791166, 4.841972], [45.793086, 4.837816], [45.793347, 4.837425], [45.793575, 4.837474], [45.801774, 4.841194], [45.797735, 4.843887], [45.796164, 4.844434], [45.794306, 4.844023], [45.791263, 4.84233]]"
64.0,"[[45.753675, 4.895224], [45.763039, 4.894634], [45.763024, 4.89472], [45.758784, 4.901533], [45.75719, 4.901334], [45.75441, 4.897271]]"
65.0,"[[45.757064, 4.856294], [45.757613, 4.855484], [45.758102, 4.85493], [45.759068, 4.853843], [45.759828, 4.854165], [45.76074, 4.854623], [45.760861, 4.855163], [45.76083, 4.855638], [45.760667, 4.856622], [45.760277, 4.856944], [45.759213, 4.85724]]"
66.0,"[[45.783859, 4.989273], [45.781781, 4.992389], [45.776729, 4.991707], [45.7725, 4.987986], [45.781651, 4.98732], [45.78174, 4.987385]]"
67.0,"[[45.776173, 4.834842], [45.775208, 4.835937], [45.774856, 4.835904], [45.774497, 4.835808], [45.773547, 4.835507], [45.773245, 4.83468], [45.773378, 4.834279], [45.773629, 4.834091], [45.774411, 4.833519], [45.774526, 4.833486], [45.774717, 4.833518], [45.774931, 4.833573], [45.775829, 4.834038], [45.776099, 4.834606]]"
68.0,"[[45.723768, 4.765512], [45.719566, 4.759215], [45.721618, 4.759966], [45.722486, 4.760513], [45.724269, 4.761861]]"
69.0,"[[45.714808, 4.812977], [45.713888, 4.808333], [45.713888, 4.808055], [45.715049, 4.807859], [45.719544, 4.807844], [45.719744, 4.808025], [45.719481, 4.809945], [45.718016, 4.81288], [45.716491, 4.81298]]"
70.0,"[[45.727536, 4.826747], [45.726472, 4.823534], [45.728254, 4.822354], [45.729783, 4.822344], [45.731833, 4.823666], [45.73295, 4.824597], [45.733611, 4.825277], [45.734027, 4.825908], [45.734144, 4.826172], [45.73405, 4.826641], [45.731467, 4.827777], [45.730499, 4.828], [45.729875, 4.827883]]"
71.0,"[[45.764068, 4.781454], [45.765768, 4.779214], [45.770333, 4.78], [45.772216, 4.782016], [45.772011, 4.783922], [45.769044, 4.786794], [45.76613, 4.786605], [45.764463, 4.786047], [45.764199, 4.785447]]"
72.0,"[[45.763666, 4.843], [45.764199, 4.840968], [45.764409, 4.840722], [45.765622, 4.840136], [45.766752, 4.840689], [45.766804, 4.841301], [45.766609, 4.842395], [45.765996, 4.843039], [45.76515, 4.84335], [45.763666, 4.843333]]"
73.0,"[[45.774447, 4.829211], [45.775667, 4.828667], [45.776253, 4.828845], [45.776465, 4.829145], [45.777236, 4.8304], [45.776641, 4.830944], [45.775294, 4.831194], [45.774265, 4.831334], [45.773584, 4.831087], [45.77345, 4.830894], [45.77318, 4.830079], [45.773375, 4.829928], [45.7735, 4.82984]]"
74.0,"[[45.825836, 4.857461], [45.823296, 4.856815], [45.823594, 4.850838], [45.825225, 4.849669], [45.825375, 4.849712], [45.82727, 4.855216]]"
75.0,"[[45.842224, 4.836859], [45.842138, 4.835593], [45.844041, 4.833855], [45.844433, 4.833933], [45.844223, 4.834858], [45.843402, 4.836847]]"
76.0,"[[45.763819, 4.826286], [45.764269, 4.825936], [45.765172, 4.826474], [45.765277, 4.827353], [45.765307, 4.82804], [45.765266, 4.82818], [45.76491, 4.828158], [45.764594, 4.828086], [45.764401, 4.82804], [45.76408, 4.827954], [45.764002, 4.82793], [45.763735, 4.827836], [45.763713, 4.827611], [45.763667, 4.827], [45.763652, 4.826458], [45.763741, 4.826363]]"
77.0,"[[45.743546, 4.87353], [45.741444, 4.868683], [45.74363, 4.868386], [45.746533, 4.868552], [45.746941, 4.868808], [45.747257, 4.872005], [45.745286, 4.873311], [45.744729, 4.873595]]"
78.0,"[[45.826938, 4.822425], [45.821076, 4.824285], [45.822078, 4.814511], [45.823483, 4.812698], [45.826047, 4.819361], [45.826852, 4.822113]]"
79.0,"[[45.683033, 4.794744], [45.666201, 4.798449], [45.672888, 4.779696], [45.673113, 4.779546], [45.679537, 4.785361]]"
80.0,"[[45.772372, 4.925651], [45.774516, 4.91887], [45.790277, 4.924793], [45.780833, 4.930667]]"
81.0,"[[45.781429, 4.963951], [45.773286, 4.958141], [45.774909, 4.954372], [45.775455, 4.953911], [45.77565, 4.953954], [45.785182, 4.959533]]"
82.0,"[[45.816618, 4.888273], [45.815804, 4.88545], [45.816014, 4.881295], [45.822166, 4.8805], [45.820091, 4.887894], [45.817688, 4.888273]]"
83.0,"[[45.682723, 4.917991], [45.686213, 4.915008], [45.685666, 4.916666], [45.678888, 4.925277], [45.679255, 4.924516]]"
84.0,"[[45.749303, 4.822096], [45.750246, 4.821732], [45.751611, 4.822141], [45.752313, 4.823126], [45.752611, 4.823552], [45.753016, 4.824607], [45.751919, 4.824872], [45.75092, 4.8248], [45.749266, 4.823544], [45.748929, 4.823223], [45.748966, 4.822579]]"
85.0,"[[45.766718, 4.914214], [45.761191, 4.907536], [45.768301, 4.903056], [45.770644, 4.902958], [45.770686, 4.90325], [45.768652, 4.912272]]"
86.0,"[[45.789, 4.792333], [45.79012, 4.796926], [45.789447, 4.797356], [45.787307, 4.797654], [45.783172, 4.797913], [45.784166, 4.794166], [45.786805, 4.790672]]"
87.0,"[[45.829616, 4.956405], [45.824485, 4.963974], [45.822333, 4.962166], [45.821831, 4.953471], [45.827946, 4.949469], [45.828613, 4.950088], [45.828814, 4.950724]]"
88.0,"[[45.756111, 4.832222], [45.7563, 4.831848], [45.756804, 4.830862], [45.756913, 4.830863], [45.756999, 4.830905], [45.758078, 4.831453], [45.758361, 4.831602], [45.758414, 4.831634], [45.758663, 4.831802], [45.758711, 4.832048], [45.75875, 4.832525], [45.758533, 4.832808], [45.7585, 4.832833], [45.758122, 4.832793], [45.75775, 4.832702], [45.757435, 4.832621], [45.756667, 4.832416]]"
89.0,"[[45.726172, 4.77828], [45.729408, 4.770491], [45.73413, 4.77424], [45.740527, 4.780468], [45.731172, 4.783355], [45.726506, 4.780147], [45.726261, 4.778833], [45.726196, 4.778441]]"
90.0,"[[45.729605, 4.86828], [45.723891, 4.863666], [45.723897, 4.863652], [45.723952, 4.863627], [45.73357, 4.86237], [45.734358, 4.86263], [45.734687, 4.863284], [45.734021, 4.866846], [45.732497, 4.867796]]"
91.0,"[[45.741651, 4.907455], [45.739147, 4.905077], [45.7436, 4.90335], [45.744722, 4.903333]]"
92.0,"[[45.731991, 4.845108], [45.736642, 4.843286], [45.738883, 4.844705], [45.740023, 4.845432], [45.739117, 4.846837], [45.736979, 4.84939], [45.733954, 4.848425]]"
93.0,"[[45.696129, 4.857209], [45.696068, 4.852159], [45.703244, 4.848624], [45.705864, 4.852201], [45.706044, 4.852706]]"
94.0,"[[45.766991, 4.828094], [45.767075, 4.827711], [45.767487, 4.826484], [45.76765, 4.826345], [45.767666, 4.826334], [45.767888, 4.826338], [45.769386, 4.827268], [45.769738, 4.827504], [45.769783, 4.827954], [45.769791, 4.828275], [45.769708, 4.828512], [45.769313, 4.828825], [45.768742, 4.829038], [45.768248, 4.829187], [45.767852, 4.82907], [45.767762, 4.829006], [45.767219, 4.828513]]"
95.0,"[[45.771883, 4.800236], [45.770552, 4.804088], [45.766075, 4.804329], [45.763825, 4.803171], [45.762999, 4.801652], [45.762833, 4.800833], [45.765683, 4.799452], [45.771466, 4.799834]]"
96.0,"[[45.782497, 4.899808], [45.780933, 4.895978], [45.78207, 4.8934], [45.784546, 4.892488], [45.787157, 4.892499], [45.787846, 4.894151], [45.788474, 4.896919], [45.785131, 4.899676]]"
97.0,"[[45.764238, 4.836816], [45.76384, 4.837138], [45.763103, 4.836977], [45.762455, 4.836752], [45.762244, 4.836669], [45.762201, 4.836494], [45.762251, 4.835983], [45.762324, 4.835601], [45.762426, 4.835485], [45.763375, 4.835204], [45.764199, 4.835357], [45.764207, 4.835368], [45.764229, 4.835422], [45.7643, 4.835725], [45.764327, 4.835955], [45.764309, 4.836401]]"
98.0,"[[45.755005, 4.878979], [45.753323, 4.876867], [45.754302, 4.873275], [45.7548, 4.872775], [45.756216, 4.871891], [45.758653, 4.872436], [45.759411, 4.874172], [45.757333, 4.877666]]"
99.0,"[[45.798932, 4.811496], [45.792091, 4.807577], [45.792388, 4.806274], [45.797915, 4.802366], [45.802795, 4.799298], [45.804791, 4.802836]]"
100.0,"[[45.782504, 4.879206], [45.781232, 4.875923], [45.781321, 4.875547], [45.78189, 4.874925], [45.783132, 4.874593], [45.784, 4.874597], [45.784505, 4.875086], [45.785384, 4.877296]]"
101.0,"[[45.76985, 4.815648], [45.769805, 4.81803], [45.769064, 4.818513], [45.768263, 4.818838], [45.768027, 4.818783], [45.767537, 4.81862], [45.766699, 4.817955], [45.76651, 4.817558], [45.766654, 4.816678], [45.766916, 4.815691], [45.767096, 4.815305], [45.767942, 4.814972], [45.769573, 4.815477]]"
102.0,"[[45.759648, 4.834714], [45.759409, 4.834295], [45.759213, 4.833875], [45.75896, 4.833265], [45.75902, 4.833158], [45.760217, 4.832718], [45.760666, 4.832667], [45.761161, 4.833133], [45.761205, 4.83319], [45.761782, 4.834038], [45.761757, 4.834196], [45.761661, 4.834472], [45.761116, 4.834606]]"
103.0,"[[45.746371, 4.885534], [45.74946, 4.883991], [45.751177, 4.884952], [45.751662, 4.887907], [45.750243, 4.889028], [45.749133, 4.888144]]"
104.0,"[[45.782299, 4.815184], [45.785048, 4.815252], [45.785227, 4.815573], [45.786719, 4.821777], [45.781088, 4.821283], [45.780997, 4.820647], [45.78213, 4.815377]]"
105.0,"[[45.758625, 4.820252], [45.757867, 4.819929], [45.758294, 4.817429], [45.75896, 4.817225], [45.760532, 4.81685], [45.760502, 4.81877], [45.760161, 4.8192], [45.760083, 4.819275], [45.759841, 4.8195], [45.759416, 4.819886], [45.759106, 4.820111], [45.75888, 4.820247]]"
106.0,"[[45.750167, 4.8455], [45.749846, 4.844478], [45.750696, 4.843876], [45.752058, 4.843838], [45.753151, 4.844584], [45.753265, 4.844852], [45.753001, 4.846376], [45.752, 4.847166], [45.751819, 4.847057], [45.750833, 4.846166]]"
107.0,"[[45.698166, 4.978166], [45.698505, 4.977788], [45.704166, 4.984444], [45.706452, 4.98718], [45.705263, 4.991608], [45.705188, 4.991627], [45.705055, 4.991644], [45.704994, 4.991613], [45.704838, 4.991441]]"
108.0,"[[45.806944, 4.973333], [45.80677, 4.971377], [45.80683, 4.97113], [45.807877, 4.971034], [45.810053, 4.972641], [45.811751, 4.975605], [45.811953, 4.977053], [45.811886, 4.977107]]"
109.0,"[[45.685477, 4.807537], [45.692916, 4.805874], [45.702043, 4.80978], [45.70475, 4.813099], [45.704605, 4.813405], [45.699883, 4.81395]]"
110.0,"[[45.745122, 4.81255], [45.745372, 4.813777], [45.744818, 4.81552], [45.7435, 4.816669], [45.743119, 4.816989], [45.742812, 4.816968], [45.742685, 4.816904], [45.742519, 4.816752], [45.741973, 4.816249], [45.741673, 4.815948], [45.741621, 4.815884], [45.741863, 4.815397], [45.74237, 4.8145], [45.743138, 4.8138]]"
111.0,"[[45.753046, 4.836076], [45.753913, 4.835713], [45.754667, 4.836667], [45.754873, 4.838232], [45.754843, 4.838265], [45.754723, 4.83834], [45.752986, 4.839241], [45.752373, 4.839348], [45.751636, 4.838781], [45.751277, 4.838266], [45.751175, 4.837866], [45.751194, 4.837841], [45.751897, 4.837127], [45.752328, 4.83672], [45.75235, 4.8367]]"
112.0,"[[45.763333, 4.920277], [45.764186, 4.916821], [45.766722, 4.915738], [45.766955, 4.916961], [45.766941, 4.917438], [45.765333, 4.923733], [45.76491, 4.923419], [45.763715, 4.922377]]"
113.0,"[[45.723633, 4.817311], [45.724297, 4.813669], [45.729616, 4.809397], [45.731055, 4.813599], [45.731132, 4.81411], [45.73108, 4.814283], [45.730846, 4.814876], [45.730186, 4.815819], [45.72945, 4.816549], [45.728897, 4.816713]]"
114.0,"[[45.75896, 4.857759], [45.760363, 4.856976], [45.761453, 4.857153], [45.761616, 4.857269], [45.761909, 4.858124], [45.761983, 4.858391], [45.762014, 4.859218], [45.761355, 4.859218], [45.760661, 4.859208], [45.759961, 4.858958], [45.759449, 4.858449]]"
115.0,
116.0,"[[45.704081, 4.872146], [45.713259, 4.867458], [45.715837, 4.86993], [45.7158, 4.871041], [45.709685, 4.873509]]"
117.0,"[[45.736944, 4.795555], [45.7375, 4.794722], [45.737222, 4.795555]]"
118.0,"[[45.749314, 4.854755], [45.749011, 4.853543], [45.749892, 4.85246], [45.752183, 4.851602], [45.752714, 4.851772], [45.752904, 4.851912], [45.753177, 4.852116], [45.753666, 4.8525], [45.754173, 4.853524], [45.752275, 4.855144], [45.751085, 4.855924], [45.750741, 4.855785]]"
119.0,"[[45.763255, 4.879027], [45.763166, 4.878], [45.763556, 4.87721], [45.764095, 4.876824], [45.766145, 4.877087], [45.767126, 4.877913], [45.768039, 4.878777], [45.768233, 4.879142], [45.768241, 4.879431], [45.768188, 4.880225], [45.766411, 4.8811], [45.764903, 4.88177], [45.764783, 4.881813], [45.764297, 4.881953]]"
120.0,"[[45.73525, 4.831788], [45.736238, 4.833991], [45.735646, 4.835046], [45.735211, 4.835775], [45.7325, 4.837], [45.731711, 4.835819], [45.732898, 4.832925], [45.734043, 4.832278]]"
121.0,"[[45.772513, 4.855308], [45.770458, 4.853939], [45.771025, 4.853467], [45.773056, 4.853111], [45.774056, 4.853242], [45.774501, 4.85336], [45.774785, 4.853487], [45.775027, 4.85375], [45.774991, 4.854648], [45.774833, 4.855], [45.774325, 4.855238], [45.773156, 4.855373]]"
122.0,"[[45.781907, 4.828742], [45.782958, 4.829236], [45.782848, 4.833984], [45.782407, 4.834642], [45.782311, 4.834622], [45.7815, 4.834333], [45.779511, 4.833308], [45.779333, 4.833166], [45.778471, 4.832074], [45.778186, 4.831634], [45.778474, 4.830552]]"
123.0,"[[45.785878, 4.86293], [45.783551, 4.86248], [45.781833, 4.8605], [45.781702, 4.859205], [45.782578, 4.858639], [45.78345, 4.85873], [45.784352, 4.858843], [45.784766, 4.858908], [45.785205, 4.859068], [45.785773, 4.859336], [45.786237, 4.859701], [45.786502, 4.860047], [45.786111, 4.862222]]"
124.0,"[[45.759038, 4.850861], [45.76045, 4.849731], [45.761823, 4.849621], [45.762167, 4.849833], [45.76268, 4.850399], [45.762665, 4.85189], [45.762545, 4.852395], [45.762126, 4.852298], [45.761288, 4.852083], [45.760758, 4.851911], [45.75911, 4.850935]]"
125.0,"[[45.745866, 4.731642], [45.747214, 4.720838], [45.753443, 4.720312], [45.756418, 4.724419], [45.758245, 4.727016], [45.756111, 4.730277]]"
126.0,"[[45.776705, 4.856311], [45.7765, 4.857666], [45.77598, 4.857755], [45.775844, 4.857741], [45.77488, 4.857513], [45.774494, 4.857419], [45.774497, 4.856363], [45.774525, 4.856111], [45.774605, 4.855675], [45.774758, 4.855336], [45.77486, 4.855209], [45.775047, 4.855052], [45.775328, 4.855109], [45.776241, 4.855774], [45.776427, 4.855916], [45.776688, 4.856136]]"
127.0,"[[45.737758, 4.877111], [45.73807, 4.876359], [45.740408, 4.873852], [45.743419, 4.874166], [45.74416, 4.874957], [45.744137, 4.875526], [45.743606, 4.876835], [45.742928, 4.877934], [45.738441, 4.878455]]"
128.0,"[[45.756, 4.824666], [45.75615, 4.8245], [45.757564, 4.823003], [45.757861, 4.823024], [45.758761, 4.823136], [45.758982, 4.823169], [45.760111, 4.823591], [45.759731, 4.824467], [45.759003, 4.825369], [45.758818, 4.825519], [45.758601, 4.825658], [45.758421, 4.825723], [45.757933, 4.825794], [45.757575, 4.825626], [45.756576, 4.82509], [45.756145, 4.824811]]"
129.0,"[[45.716677, 4.946708], [45.718386, 4.94359], [45.721294, 4.940572], [45.721311, 4.940572], [45.721344, 4.940663], [45.721586, 4.941686], [45.721477, 4.941927], [45.716713, 4.946797]]"
130.0,"[[45.748061, 4.823805], [45.748569, 4.823362], [45.748846, 4.823405], [45.750186, 4.824613], [45.750254, 4.824693], [45.750314, 4.8248], [45.750606, 4.825787], [45.750381, 4.826152], [45.750067, 4.826538], [45.749618, 4.827053], [45.749535, 4.827085], [45.748833, 4.826833], [45.747177, 4.825916], [45.746834, 4.82569], [45.747409, 4.8248]]"
131.0,"[[45.707, 4.7455], [45.716042, 4.734397], [45.710666, 4.7465], [45.7075, 4.746]]"
132.0,"[[45.767283, 4.844112], [45.766647, 4.842986], [45.767695, 4.841773], [45.768302, 4.841663], [45.768651, 4.841619], [45.770555, 4.841666], [45.771333, 4.843166], [45.771347, 4.843232], [45.768988, 4.844897], [45.768636, 4.845052]]"
133.0,"[[45.756069, 4.841269], [45.755919, 4.84123], [45.755621, 4.840528], [45.75509, 4.839258], [45.754903, 4.838801], [45.754873, 4.83864], [45.754997, 4.838341], [45.755038, 4.838308], [45.755292, 4.838147], [45.756797, 4.838195], [45.756904, 4.838225], [45.756927, 4.838236], [45.757822, 4.83878], [45.7579, 4.838944], [45.757938, 4.839718], [45.757856, 4.840023], [45.757783, 4.840269], [45.757687, 4.840539], [45.757625, 4.840677], [45.757011, 4.840965]]"
134.0,"[[45.668397, 4.845586], [45.661852, 4.842363], [45.667281, 4.837865]]"
135.0,"[[45.704396, 4.890031], [45.704789, 4.887443], [45.708888, 4.887777], [45.704995, 4.889785]]"
136.0,"[[45.727969, 4.854108], [45.7275, 4.848999], [45.727775, 4.847953], [45.729303, 4.848318], [45.73468, 4.851601], [45.735564, 4.852872], [45.734762, 4.853639], [45.728722, 4.857542]]"
137.0,"[[45.730555, 4.974444], [45.731111, 4.975], [45.735361, 4.984813], [45.730833, 4.975555]]"
138.0,"[[45.743928, 4.933859], [45.740666, 4.9365], [45.7363, 4.934463], [45.731333, 4.931666], [45.73568, 4.93133]]"
139.0,"[[45.764476, 4.83025], [45.764362, 4.831886], [45.764068, 4.832375], [45.763301, 4.832761], [45.763166, 4.832666], [45.762366, 4.831763], [45.762306, 4.831688], [45.762272, 4.831638], [45.762233, 4.831516], [45.762253, 4.831248], [45.762306, 4.831097], [45.763092, 4.829843], [45.763301, 4.829896]]"
140.0,"[[45.80333, 4.860248], [45.800027, 4.857636], [45.801833, 4.855833], [45.809722, 4.858449]]"
141.0,"[[45.770157, 4.830958], [45.769947, 4.830915], [45.76988, 4.830465], [45.769761, 4.829409], [45.769753, 4.828984], [45.769783, 4.828705], [45.771003, 4.828678], [45.771463, 4.828813], [45.771532, 4.828852], [45.772267, 4.829682], [45.772387, 4.830025], [45.772364, 4.830175], [45.772357, 4.830207], [45.771639, 4.830873], [45.771422, 4.830905]]"
142.0,"[[45.695449, 4.943869], [45.68547, 4.933954], [45.69215, 4.933686], [45.694265, 4.940006]]"
143.0,"[[45.782172, 4.997713], [45.78557, 5.002936], [45.785438, 5.003397], [45.785351, 5.003608], [45.785044, 5.003486]]"
144.0,"[[45.811164, 4.844346], [45.8065, 4.8445], [45.810147, 4.842205], [45.816008, 4.839369], [45.816925, 4.840208], [45.817644, 4.842024]]"
145.0,"[[45.763832, 4.891033], [45.763481, 4.889141], [45.764701, 4.887821], [45.766677, 4.886287], [45.768436, 4.88574], [45.771017, 4.886466], [45.772141, 4.888205], [45.767444, 4.893133], [45.76468, 4.89385]]"
146.0,"[[45.778044, 4.813642], [45.776677, 4.810044], [45.777333, 4.807833], [45.780552, 4.807847], [45.781666, 4.808833], [45.782279, 4.810488], [45.78201, 4.812954]]"
147.0,"[[45.785624, 4.78188], [45.788883, 4.782844], [45.785447, 4.785763], [45.778171, 4.786798], [45.78109, 4.783548], [45.78265, 4.78278]]"
148.0,"[[45.770775, 4.796551], [45.774886, 4.794341], [45.776027, 4.794236], [45.780731, 4.79425], [45.776529, 4.796519], [45.773584, 4.797452], [45.771897, 4.797327]]"
149.0,"[[45.745833, 4.859166], [45.74345, 4.861447], [45.741774, 4.860724], [45.740979, 4.859771], [45.740618, 4.856353], [45.744716, 4.857808], [45.745605, 4.858167]]"
150.0,"[[45.749675, 4.917358], [45.747798, 4.911575], [45.751235, 4.907519], [45.754139, 4.908775], [45.753945, 4.90983], [45.752814, 4.913444]]"
151.0,"[[45.732777, 4.881091], [45.732802, 4.877161], [45.734852, 4.875698], [45.736575, 4.878475], [45.736679, 4.882079], [45.736333, 4.882]]"
152.0,"[[45.695606, 4.840046], [45.698738, 4.843352], [45.698508, 4.844352], [45.694991, 4.843658], [45.695316, 4.840777], [45.69555, 4.840174]]"
153.0,"[[45.763694, 4.827584], [45.763694, 4.827622], [45.763653, 4.827911], [45.763578, 4.828062], [45.763333, 4.828333], [45.763203, 4.828476], [45.762831, 4.828652], [45.762572, 4.828459], [45.762225, 4.828163], [45.762238, 4.82789], [45.762381, 4.827517], [45.7625, 4.827222], [45.762638, 4.826885], [45.762679, 4.826804], [45.762755, 4.826737], [45.763586, 4.82656]]"
154.0,"[[45.779182, 4.980958], [45.7777, 4.975776], [45.777958, 4.97538], [45.782534, 4.975281], [45.781232, 4.979853]]"
155.0,"[[45.7328, 4.753099], [45.746605, 4.748011], [45.746084, 4.756393]]"
156.0,"[[45.726741, 4.832388], [45.726472, 4.831237], [45.72648, 4.830538], [45.729358, 4.828155], [45.729891, 4.828183], [45.729961, 4.82826], [45.730094, 4.830311], [45.728787, 4.831367]]"
157.0,"[[45.730509, 4.956979], [45.728113, 4.955827], [45.728314, 4.953095], [45.730591, 4.952656], [45.73097, 4.953845], [45.730666, 4.955983]]"
158.0,"[[45.75273, 4.799283], [45.75209, 4.796252], [45.756402, 4.79679], [45.760571, 4.797386], [45.760828, 4.797973], [45.761079, 4.799544], [45.76, 4.801111], [45.758668, 4.80199], [45.756666, 4.802222], [45.7545, 4.8015]]"
159.0,"[[45.771736, 4.999144], [45.771494, 4.999347], [45.76637, 4.997406], [45.757942, 4.991027], [45.769008, 4.99214]]"
160.0,"[[45.779537, 4.851125], [45.780216, 4.849847], [45.780873, 4.849433], [45.781344, 4.849144], [45.781988, 4.84983], [45.782541, 4.85056], [45.782788, 4.850968], [45.782586, 4.851171], [45.782388, 4.851344], [45.781786, 4.851755], [45.781718, 4.851783], [45.780666, 4.852166], [45.780481, 4.852146]]"
161.0,"[[45.780936, 4.868444], [45.779705, 4.866417], [45.779833, 4.866], [45.779915, 4.865806], [45.780038, 4.86572], [45.781196, 4.865334], [45.784778, 4.865097], [45.785841, 4.865716], [45.785871, 4.868413], [45.782201, 4.868647], [45.781172, 4.8685]]"
162.0,"[[45.799327, 4.756502], [45.805828, 4.766306], [45.799472, 4.766555]]"
163.0,"[[45.735981, 4.883429], [45.741352, 4.885214], [45.741218, 4.886373], [45.740648, 4.888057], [45.7379, 4.890536], [45.736744, 4.890663], [45.736097, 4.890213]]"
164.0,"[[45.752679, 4.834692], [45.751324, 4.832975], [45.751594, 4.832205], [45.75173, 4.832072], [45.751777, 4.832027], [45.753132, 4.831747], [45.753199, 4.831735], [45.753902, 4.831761], [45.75413, 4.831774], [45.755434, 4.832707], [45.754763, 4.834183], [45.754627, 4.834423], [45.754244, 4.834864], [45.752933, 4.834823]]"
165.0,"[[45.743052, 4.831688], [45.742662, 4.828217], [45.744526, 4.828491], [45.746653, 4.830057], [45.747222, 4.831237], [45.746653, 4.832643], [45.744808, 4.83285], [45.744761, 4.832836]]"
166.0,"[[45.777713, 4.858124], [45.776622, 4.857745], [45.776652, 4.857147], [45.776697, 4.856579], [45.77675, 4.856177], [45.776817, 4.856096], [45.777, 4.856], [45.778418, 4.85527], [45.778777, 4.855184], [45.779586, 4.855613], [45.779915, 4.857387], [45.77996, 4.858392], [45.779818, 4.858478], [45.779406, 4.858424], [45.777927, 4.858163]]"
167.0,"[[45.778774, 4.881177], [45.776158, 4.878461], [45.776398, 4.876095], [45.776712, 4.875816], [45.779194, 4.875322], [45.780064, 4.875612], [45.78136, 4.877283], [45.781015, 4.878637], [45.779623, 4.881201], [45.778836, 4.881241]]"
168.0,"[[45.788455, 4.820368], [45.793038, 4.817677], [45.796938, 4.82025], [45.795125, 4.825047], [45.793464, 4.825821], [45.790133, 4.82513], [45.788802, 4.821738]]"
169.0,"[[45.759514, 4.853757], [45.759273, 4.853056], [45.759333, 4.852167], [45.76002, 4.851944], [45.760822, 4.851986], [45.761681, 4.852191], [45.762388, 4.852404], [45.763608, 4.853371], [45.763622, 4.853802], [45.762905, 4.85433], [45.761251, 4.854652], [45.761166, 4.854666], [45.760741, 4.854562]]"
170.0,"[[45.80103, 4.854105], [45.797193, 4.853607], [45.797383, 4.850677], [45.797447, 4.849708], [45.801483, 4.848222], [45.80148, 4.848327], [45.801402, 4.850827]]"
171.0,"[[45.746466, 4.820036], [45.746486, 4.814216], [45.750619, 4.815119], [45.75107, 4.815595], [45.751177, 4.815913], [45.751145, 4.816174], [45.7505, 4.817166], [45.749431, 4.818663], [45.749079, 4.819017], [45.74848, 4.819436]]"
172.0,"[[45.711903, 4.805552], [45.710091, 4.801758], [45.711266, 4.7987], [45.719918, 4.800553], [45.720875, 4.802736], [45.721391, 4.805022], [45.720583, 4.805452], [45.714298, 4.80669]]"
173.0,"[[45.72009, 4.827557], [45.718826, 4.821066], [45.719508, 4.820669], [45.721006, 4.820827], [45.724833, 4.821377], [45.725144, 4.821666], [45.724869, 4.825379], [45.724053, 4.826238]]"
174.0,"[[45.781827, 4.828687], [45.778652, 4.830207], [45.777479, 4.830151], [45.777176, 4.830079], [45.777124, 4.830025], [45.776512, 4.829134], [45.776147, 4.828508], [45.776913, 4.826511], [45.77761, 4.825648], [45.779503, 4.824897], [45.779657, 4.824913], [45.780208, 4.82555], [45.781543, 4.827268]]"
175.0,"[[45.7756, 4.839483], [45.776119, 4.840183], [45.775515, 4.841988], [45.775257, 4.842394], [45.774355, 4.842877], [45.774101, 4.842974], [45.771661, 4.843286], [45.771504, 4.843254], [45.77113, 4.842385], [45.770827, 4.841575], [45.770898, 4.841108], [45.771069, 4.840752], [45.77193, 4.839595], [45.772333, 4.839166], [45.772579, 4.838917]]"
176.0,"[[45.822066, 4.869688], [45.819805, 4.875087], [45.8165, 4.870166], [45.815081, 4.861435], [45.821335, 4.862501]]"
177.0,"[[45.763051, 4.843119], [45.761789, 4.841988], [45.761444, 4.841241], [45.761333, 4.840904], [45.761299, 4.840271], [45.761415, 4.839606], [45.763614, 4.839413], [45.763977, 4.839619], [45.764247, 4.840125], [45.764237, 4.840818], [45.763705, 4.842725], [45.763666, 4.842833], [45.763308, 4.843075]]"
178.0,"[[45.732119, 4.912959], [45.734148, 4.912957], [45.741202, 4.916112], [45.746933, 4.924345], [45.735438, 4.921888], [45.7333, 4.91667]]"
179.0,"[[45.770404, 4.81979], [45.772427, 4.817588], [45.77458, 4.818733], [45.775021, 4.820573], [45.774497, 4.821241], [45.773833, 4.821666], [45.77101, 4.821131]]"
180.0,"[[45.734508, 4.837288], [45.736087, 4.835581], [45.736725, 4.835397], [45.737938, 4.835636], [45.738986, 4.836419], [45.739647, 4.837169], [45.738091, 4.838716], [45.736191, 4.838766], [45.735333, 4.838666]]"
181.0,"[[45.719444, 4.838472], [45.717911, 4.833512], [45.718312, 4.832932], [45.719722, 4.831388]]"
182.0,"[[45.750788, 4.859475], [45.752081, 4.859025], [45.753088, 4.861794], [45.753189, 4.862147], [45.75327, 4.862953], [45.753227, 4.863503], [45.75256, 4.863649], [45.748727, 4.861936], [45.748675, 4.861672], [45.749969, 4.860302], [45.750363, 4.859897]]"
183.0,"[[45.760753, 4.837964], [45.760355, 4.837047], [45.759634, 4.835207], [45.75958, 4.835033], [45.759649, 4.834939], [45.761168, 4.834617], [45.761718, 4.834755], [45.762216, 4.8354], [45.762257, 4.835658], [45.76218, 4.836447], [45.762049, 4.836737], [45.761967, 4.836859]]"
184.0,"[[45.817794, 4.766694], [45.821666, 4.7635], [45.824225, 4.766983], [45.823633, 4.767476], [45.823349, 4.767487], [45.818967, 4.767411]]"
185.0,"[[45.768967, 4.836021], [45.769002, 4.836204], [45.768994, 4.836215], [45.76875, 4.836494], [45.768529, 4.836623], [45.768331, 4.836693], [45.768252, 4.83672], [45.767476, 4.836955], [45.766778, 4.837101], [45.766711, 4.837105], [45.766563, 4.837075], [45.766579, 4.836494], [45.766843, 4.836141], [45.767762, 4.835754], [45.767904, 4.8357], [45.768436, 4.835507], [45.768735, 4.835422]]"
186.0,"[[45.776711, 4.810472], [45.774722, 4.813888], [45.773666, 4.813499], [45.772673, 4.812574], [45.772083, 4.811538], [45.772652, 4.810752], [45.7743, 4.809697], [45.775874, 4.809994]]"
187.0,"[[45.739779, 4.815734], [45.740005, 4.814113], [45.740532, 4.811561], [45.741337, 4.81184], [45.74261, 4.812505], [45.742736, 4.813186], [45.74264, 4.813438], [45.742286, 4.814313], [45.741834, 4.81529], [45.741666, 4.815555], [45.741388, 4.815833], [45.741096, 4.815913], [45.740573, 4.816045], [45.740064, 4.816153]]"
188.0,"[[45.7605, 4.846833], [45.761602, 4.847845], [45.761075, 4.848947], [45.760875, 4.849295], [45.760771, 4.849337], [45.760475, 4.849447], [45.758152, 4.85012], [45.757655, 4.849466], [45.757659, 4.848264], [45.757666, 4.847666], [45.757792, 4.846086], [45.75787, 4.845779], [45.758803, 4.846097]]"
189.0,"[[45.751391, 4.825611], [45.752103, 4.826431], [45.752333, 4.827333], [45.752399, 4.827791], [45.752016, 4.828425], [45.751467, 4.829167], [45.750359, 4.829435], [45.74937, 4.828845], [45.749423, 4.827772], [45.74949, 4.827235], [45.750009, 4.826624]]"
190.0,"[[45.769772, 4.857258], [45.76723, 4.857402], [45.766609, 4.857394], [45.765499, 4.857166], [45.765159, 4.856564], [45.764888, 4.856032], [45.7647, 4.853838], [45.766608, 4.852828], [45.767416, 4.852893], [45.76973, 4.854041], [45.769783, 4.854255], [45.769906, 4.856632], [45.769884, 4.856901], [45.769869, 4.857066]]"
191.0,"[[45.726756, 4.827246], [45.725894, 4.830299], [45.724166, 4.830277], [45.723919, 4.830247], [45.722719, 4.8298], [45.723012, 4.827064], [45.724447, 4.826171], [45.726202, 4.825433], [45.726754, 4.827028]]"
192.0,"[[45.766061, 4.871619], [45.766291, 4.873908], [45.764555, 4.876207], [45.763803, 4.876481], [45.763309, 4.876266], [45.76012, 4.874045], [45.760652, 4.872436], [45.761295, 4.870827], [45.76208, 4.870358], [45.763675, 4.870226], [45.765277, 4.871111]]"
193.0,"[[45.742286, 4.844258], [45.743197, 4.840319], [45.744369, 4.839295], [45.745642, 4.839155], [45.746445, 4.839338], [45.747222, 4.840833], [45.746743, 4.842545], [45.745694, 4.843468], [45.744407, 4.843811]]"
194.0,"[[45.754166, 4.809333], [45.753833, 4.808833], [45.75393, 4.805856], [45.754333, 4.805299], [45.760173, 4.803364], [45.760277, 4.805], [45.758811, 4.811183], [45.758411, 4.811661], [45.757597, 4.811336]]"
195.0,"[[45.78486, 4.990518], [45.792986, 4.989361], [45.795555, 4.99048], [45.797571, 4.992899], [45.794881, 4.99472]]"
196.0,"[[45.76673, 4.851963], [45.768016, 4.848833], [45.768616, 4.84833], [45.769311, 4.848543], [45.770062, 4.848809], [45.771858, 4.849774], [45.771537, 4.851858], [45.771469, 4.852058], [45.770987, 4.852756], [45.76964, 4.853435], [45.767503, 4.852599]]"
197.0,"[[45.711666, 4.968888], [45.7155, 4.963333], [45.720802, 4.96788], [45.723055, 4.97], [45.716262, 4.971858]]"
198.0,"[[45.765591, 4.852044], [45.76518, 4.85306], [45.764162, 4.853124], [45.763762, 4.853101], [45.762813, 4.852386], [45.7628, 4.852373], [45.762766, 4.852319], [45.762729, 4.852112], [45.76271, 4.851858], [45.762689, 4.850957], [45.762699, 4.8505], [45.762711, 4.850465], [45.763052, 4.850208], [45.76353, 4.850036], [45.764323, 4.850023], [45.764579, 4.850196]]"
199.0,"[[45.852713, 4.860824], [45.854438, 4.878852], [45.851305, 4.870344], [45.85, 4.864833], [45.850333, 4.863]]"
200.0,"[[45.809799, 4.950982], [45.803554, 4.949169], [45.807773, 4.942109], [45.808405, 4.941766], [45.80943, 4.941366], [45.80998, 4.942141], [45.810068, 4.942275], [45.809956, 4.948182]]"
201.0,"[[45.673727, 4.858306], [45.671969, 4.857477], [45.672997, 4.855452], [45.680849, 4.853221], [45.67705, 4.857652], [45.676066, 4.85805]]"
202.0,"[[45.841021, 4.801454], [45.840869, 4.798868], [45.8411, 4.79639], [45.841111, 4.796389], [45.842191, 4.797552], [45.845986, 4.802822]]"
203.0,"[[45.768458, 4.833866], [45.768952, 4.834284], [45.768946, 4.834359], [45.768894, 4.834477], [45.768697, 4.834595], [45.768675, 4.834607], [45.767536, 4.834686], [45.767052, 4.834699], [45.766774, 4.834703], [45.766703, 4.834574], [45.767073, 4.83392], [45.767163, 4.83378], [45.767478, 4.833737], [45.76775, 4.833719], [45.767983, 4.833716]]"
204.0,"[[45.760933, 4.829613], [45.760671, 4.829126], [45.760682, 4.82892], [45.760734, 4.828716], [45.760811, 4.828641], [45.761167, 4.828333], [45.761453, 4.828126], [45.761595, 4.828104], [45.761848, 4.828082], [45.761991, 4.828083], [45.762116, 4.828102], [45.762261, 4.828202], [45.762732, 4.828662], [45.762858, 4.828804], [45.763, 4.829], [45.763017, 4.829328], [45.763017, 4.829435], [45.763016, 4.829577], [45.76289, 4.82972], [45.762732, 4.829864], [45.761565, 4.829843], [45.76146, 4.829821]]"
205.0,"[[45.8087, 4.787979], [45.815999, 4.78712], [45.815849, 4.795682], [45.813994, 4.797077], [45.810379, 4.79816]]"
206.0,"[[45.766382, 4.864733], [45.768151, 4.867179], [45.767055, 4.869893], [45.763997, 4.870167], [45.762463, 4.869763], [45.761989, 4.868389], [45.763129, 4.866192], [45.7635, 4.865833]]"
207.0,"[[45.764346, 4.832198], [45.76448, 4.830577], [45.7646, 4.830208], [45.764794, 4.830183], [45.765868, 4.830443], [45.766199, 4.830537], [45.766288, 4.830572], [45.766774, 4.830851], [45.767073, 4.831055], [45.767195, 4.83123], [45.767216, 4.831324], [45.767255, 4.831613], [45.767231, 4.831666], [45.767105, 4.831827], [45.766385, 4.832417], [45.76616, 4.832546], [45.766047, 4.832597], [45.765455, 4.832583]]"
208.0,"[[45.7891, 4.855236], [45.787718, 4.85659], [45.786309, 4.855628], [45.786061, 4.854713], [45.786075, 4.853675], [45.786697, 4.852625], [45.788433, 4.85328], [45.788541, 4.853382]]"
209.0,"[[45.73, 4.822166], [45.729969, 4.821774], [45.730233, 4.820916], [45.730284, 4.820798], [45.73077, 4.819996], [45.73163, 4.81985], [45.732033, 4.819802], [45.732523, 4.819929], [45.732777, 4.819999], [45.733333, 4.820166], [45.73463, 4.820561], [45.735691, 4.821097], [45.735713, 4.821111], [45.735626, 4.822418], [45.734262, 4.825166], [45.732077, 4.823758]]"
210.0,"[[45.731752, 5.005086], [45.73161, 4.999594], [45.731845, 4.999513], [45.7333, 5.0], [45.733708, 5.002362]]"
211.0,"[[45.790558, 4.915672], [45.787936, 4.916236], [45.788936, 4.911416], [45.789261, 4.911072], [45.789986, 4.911322]]"
212.0,"[[45.769528, 4.82892], [45.769633, 4.828984], [45.769704, 4.829306], [45.769842, 4.830325], [45.769704, 4.831259], [45.769666, 4.831333], [45.769163, 4.831427], [45.768322, 4.831544], [45.76768, 4.831591], [45.767524, 4.831546], [45.767418, 4.831269], [45.767403, 4.830926], [45.767537, 4.830508], [45.767994, 4.829456], [45.768099, 4.829328], [45.768197, 4.829286], [45.768682, 4.829113], [45.769167, 4.829]]"
213.0,"[[45.756656, 4.865526], [45.756909, 4.863767], [45.761415, 4.865441], [45.761733, 4.866494], [45.760997, 4.868575], [45.759476, 4.870934], [45.758518, 4.871149], [45.757583, 4.870505], [45.756505, 4.868144], [45.756583, 4.86661]]"
214.0,"[[45.761063, 4.777143], [45.764095, 4.777271], [45.763803, 4.778612], [45.763249, 4.779197], [45.756363, 4.782603], [45.760371, 4.777505], [45.760891, 4.777228]]"
215.0,"[[45.736934, 4.826307], [45.736769, 4.823584], [45.738428, 4.821635], [45.739555, 4.8214], [45.740416, 4.821238], [45.742213, 4.820966], [45.743871, 4.820932], [45.744036, 4.821111], [45.742866, 4.825841], [45.741666, 4.827471], [45.740776, 4.827415], [45.737586, 4.82668]]"
216.0,"[[45.755681, 4.891448], [45.755876, 4.890246], [45.757167, 4.889167], [45.757667, 4.888833], [45.759061, 4.888333], [45.759555, 4.889083], [45.760173, 4.891405], [45.759654, 4.892646], [45.757291, 4.893593], [45.756175, 4.893164], [45.755833, 4.892499]]"
217.0,"[[45.7581, 4.827847], [45.758055, 4.82628], [45.758062, 4.826087], [45.758211, 4.825916], [45.758451, 4.825755], [45.758888, 4.825555], [45.759274, 4.826066], [45.759548, 4.826463], [45.759878, 4.826944], [45.759888, 4.826989], [45.759873, 4.827021], [45.759529, 4.827611], [45.759454, 4.827675], [45.758361, 4.827858]]"
218.0,"[[45.778501, 4.835561], [45.776518, 4.834949], [45.776548, 4.833061], [45.776838, 4.832354], [45.777418, 4.831036], [45.778513, 4.832311], [45.77984, 4.834048], [45.780259, 4.835196]]"
219.0,"[[45.8167, 4.9], [45.815404, 4.896233], [45.816634, 4.895447], [45.818263, 4.895447], [45.820599, 4.896436], [45.821263, 4.897507], [45.821761, 4.898397]]"
220.0,"[[45.844896, 4.830418], [45.84926, 4.819221], [45.851098, 4.822643], [45.850654, 4.829628], [45.84895, 4.832804], [45.845227, 4.83175], [45.845213, 4.831727]]"
221.0,"[[45.76123, 5.006709], [45.761694, 5.001731], [45.76643, 5.003081], [45.767666, 5.003858], [45.766085, 5.005044]]"
222.0,"[[45.782317, 4.812641], [45.783293, 4.808599], [45.785797, 4.80725], [45.788385, 4.809672], [45.789085, 4.810629], [45.788599, 4.8121], [45.787, 4.813792], [45.783319, 4.814222], [45.782466, 4.81332]]"
223.0,"[[45.770924, 4.832788], [45.770321, 4.83245], [45.769798, 4.831624], [45.7697, 4.83142], [45.769962, 4.831001], [45.77094, 4.83098], [45.771388, 4.831111], [45.771666, 4.831388], [45.771723, 4.831536], [45.771727, 4.831647], [45.771661, 4.832588], [45.771451, 4.832707]]"
224.0,"[[45.783394, 4.855087], [45.783166, 4.854833], [45.783174, 4.854615], [45.783543, 4.85395], [45.783658, 4.85385], [45.78408, 4.853549], [45.784344, 4.853366], [45.784977, 4.853133], [45.785994, 4.853618], [45.78598, 4.85398], [45.785601, 4.855012], [45.785384, 4.85556], [45.784769, 4.85563], [45.783948, 4.855345]]"
225.0,"[[45.772677, 4.844251], [45.773013, 4.847811], [45.772993, 4.848371], [45.771405, 4.848544], [45.76878, 4.847821], [45.768174, 4.847427], [45.768697, 4.845517], [45.769036, 4.844944], [45.77092, 4.843671], [45.771137, 4.843682], [45.771848, 4.84394]]"
226.0,"[[45.75777, 4.822965], [45.756879, 4.821528], [45.756894, 4.82078], [45.757702, 4.820251], [45.758335, 4.820278], [45.758888, 4.820413], [45.75918, 4.820686], [45.759997, 4.821644], [45.760315, 4.82215], [45.760352, 4.822365], [45.760337, 4.822488], [45.760232, 4.822901], [45.759777, 4.823083], [45.758885, 4.823083], [45.758391, 4.823041]]"
227.0,"[[45.713461, 4.913806], [45.705452, 4.918988], [45.705433, 4.918952], [45.704291, 4.912476], [45.704666, 4.912133], [45.713371, 4.913635]]"
228.0,"[[45.790479, 4.88589], [45.784629, 4.891029], [45.780455, 4.891763], [45.779333, 4.890333], [45.778794, 4.886244], [45.785494, 4.885935]]"
229.0,"[[45.761797, 4.795607], [45.761602, 4.791755], [45.765291, 4.791822], [45.765808, 4.791908], [45.768897, 4.794377], [45.770166, 4.796166], [45.770161, 4.796349], [45.766911, 4.797258], [45.762448, 4.797828]]"
230.0,"[[45.699241, 4.779438], [45.694658, 4.79433], [45.692144, 4.795285], [45.690706, 4.791392], [45.690379, 4.787034], [45.691203, 4.784663], [45.69356, 4.78197]]"
231.0,"[[45.758219, 4.837213], [45.758107, 4.837996], [45.757891, 4.838377], [45.756969, 4.8382], [45.756804, 4.838157], [45.755797, 4.83776], [45.755526, 4.837591], [45.755577, 4.837321], [45.756275, 4.836527], [45.756654, 4.83613], [45.757272, 4.835733], [45.757636, 4.835686], [45.758055, 4.835833], [45.758122, 4.835904], [45.758188, 4.836102], [45.758202, 4.836205], [45.758204, 4.836271]]"
232.0,"[[45.727881, 4.906119], [45.728347, 4.910186], [45.72378, 4.913463], [45.720591, 4.912825], [45.719905, 4.911708], [45.72, 4.9085], [45.720323, 4.905567], [45.720682, 4.904708]]"
233.0,"[[45.691666, 4.9125], [45.689722, 4.908055], [45.691992, 4.901915], [45.698484, 4.90061], [45.698669, 4.904163], [45.698325, 4.905152], [45.697922, 4.906097]]"
234.0,"[[45.772596, 4.864314], [45.772103, 4.860763], [45.776433, 4.861858], [45.777519, 4.862839], [45.777166, 4.863666], [45.775894, 4.864809], [45.774241, 4.865827]]"
235.0,"[[45.756714, 4.822007], [45.756833, 4.822167], [45.756797, 4.822397], [45.756565, 4.823427], [45.756276, 4.824167], [45.756115, 4.824424], [45.755277, 4.824897], [45.754044, 4.824605], [45.753627, 4.824178], [45.754103, 4.822002], [45.754337, 4.821318], [45.754467, 4.821081], [45.754633, 4.820841], [45.755063, 4.820658]]"
236.0,"[[45.693081, 4.978619], [45.684733, 4.962208], [45.694287, 4.958417], [45.69446, 4.958503], [45.697516, 4.965177]]"
237.0,"[[45.833015, 4.844498], [45.835755, 4.846011], [45.834286, 4.850807], [45.83213, 4.852383], [45.829502, 4.849666], [45.829008, 4.846397], [45.829308, 4.84583]]"
238.0,"[[45.767212, 4.822225], [45.767688, 4.821472], [45.768929, 4.820938], [45.769166, 4.821], [45.769521, 4.822847], [45.769558, 4.823756], [45.769431, 4.823856], [45.768346, 4.824006], [45.768114, 4.823985], [45.767388, 4.823405]]"
239.0,"[[45.731677, 4.914708], [45.732313, 4.920115], [45.731793, 4.921779], [45.7255, 4.921833], [45.726487, 4.915341]]"
240.0,"[[45.837785, 4.833951], [45.835413, 4.837055], [45.833363, 4.837052], [45.830055, 4.834585], [45.834899, 4.833297], [45.837263, 4.833683]]"
241.0,"[[45.687801, 4.770115], [45.678203, 4.776697], [45.678777, 4.772647], [45.684833, 4.770166], [45.687816, 4.769187]]"
242.0,"[[45.781212, 4.84625], [45.781684, 4.848114], [45.7812, 4.849022], [45.780955, 4.84924], [45.780281, 4.849723], [45.78015, 4.849782], [45.778792, 4.849605], [45.778628, 4.849143], [45.778351, 4.848091], [45.779062, 4.847202], [45.779219, 4.84703], [45.779855, 4.846429], [45.780555, 4.845833]]"
243.0,"[[45.775779, 4.827474], [45.774123, 4.827761], [45.772903, 4.827429], [45.772888, 4.827418], [45.772761, 4.82716], [45.77251, 4.825508], [45.772956, 4.824864], [45.773711, 4.824423], [45.773944, 4.824321], [45.774, 4.824333], [45.775161, 4.82483], [45.776069, 4.825379], [45.776001, 4.826012], [45.775837, 4.827096]]"
244.0,"[[45.827233, 4.892772], [45.8266, 4.9008], [45.82353, 4.897063], [45.822869, 4.895766], [45.823008, 4.894794]]"
245.0,"[[45.787726, 4.767723], [45.791563, 4.778286], [45.788167, 4.778167], [45.78552, 4.775466], [45.782601, 4.770383], [45.782947, 4.769347]]"
246.0,"[[45.758904, 4.832718], [45.75872, 4.83186], [45.759065, 4.83126], [45.759484, 4.830926], [45.759521, 4.830915], [45.759862, 4.830937], [45.760169, 4.831023], [45.760344, 4.831147], [45.760861, 4.831913], [45.760786, 4.832181], [45.760667, 4.832407], [45.759821, 4.832814], [45.759002, 4.832974]]"
247.0,"[[45.847695, 4.841344], [45.841333, 4.844166], [45.842419, 4.842068], [45.845445, 4.838519]]"
248.0,"[[45.776001, 4.833523], [45.774452, 4.833433], [45.773988, 4.833029], [45.77373, 4.832686], [45.773689, 4.832117], [45.773745, 4.832031], [45.774415, 4.831387], [45.7753, 4.831222], [45.776615, 4.831334], [45.776787, 4.831602], [45.776263, 4.83305], [45.776237, 4.83311]]"
249.0,"[[45.812371, 4.891582], [45.80436, 4.890346], [45.811097, 4.887844], [45.813656, 4.886972], [45.815404, 4.888273], [45.815404, 4.889564]]"
250.0,"[[45.677183, 4.900095], [45.676708, 4.898066], [45.677216, 4.897836], [45.6814, 4.899425]]"
251.0,"[[45.771077, 4.836162], [45.77107, 4.835937], [45.771097, 4.835517], [45.771125, 4.835288], [45.771163, 4.835144], [45.771288, 4.834841], [45.771983, 4.834799], [45.772646, 4.834777], [45.773171, 4.834813], [45.773517, 4.835572], [45.773509, 4.835615], [45.772925, 4.836605], [45.772683, 4.836977], [45.772352, 4.837288], [45.77226, 4.837278]]"
252.0,"[[45.798944, 4.962858], [45.794325, 4.958611], [45.798416, 4.95567], [45.800204, 4.959468], [45.79977, 4.962258]]"
253.0,"[[45.768008, 4.870055], [45.771556, 4.868075], [45.77568, 4.874045], [45.774849, 4.875011], [45.77133, 4.874294], [45.769146, 4.872672]]"
254.0,"[[45.815498, 4.749666], [45.812394, 4.752888], [45.803435, 4.757122], [45.802302, 4.756572], [45.803333, 4.745277], [45.804796, 4.744098], [45.813588, 4.747448]]"
255.0,"[[45.763402, 4.965906], [45.7535, 4.956667], [45.763797, 4.961288], [45.763852, 4.964238]]"
256.0,"[[45.764494, 4.834797], [45.763818, 4.833375], [45.763833, 4.833061], [45.76399, 4.832568], [45.764027, 4.832466], [45.764348, 4.832337], [45.764544, 4.83231], [45.76478, 4.832366], [45.765592, 4.832653], [45.765733, 4.83278], [45.765779, 4.832943], [45.765694, 4.834277], [45.765625, 4.834497], [45.765472, 4.83478], [45.764959, 4.834798]]"
257.0,"[[45.763811, 4.738732], [45.761565, 4.728906], [45.761595, 4.728841], [45.765951, 4.721739], [45.770232, 4.732639], [45.77083, 4.734163], [45.770255, 4.735827]]"
258.0,"[[45.725835, 4.843726], [45.721416, 4.841958], [45.725588, 4.838833], [45.726169, 4.838608], [45.727955, 4.840102], [45.727946, 4.840139]]"
259.0,"[[45.762077, 4.863105], [45.761385, 4.864625], [45.759177, 4.864316], [45.757867, 4.863874], [45.757148, 4.863143], [45.757523, 4.862008], [45.759055, 4.861055], [45.761296, 4.86156], [45.76137, 4.861654]]"
260.0,"[[45.808864, 4.817183], [45.816776, 4.816389], [45.816278, 4.818399], [45.814826, 4.821442]]"
261.0,"[[45.767777, 4.814515], [45.767403, 4.813213], [45.767762, 4.81287], [45.770626, 4.811325], [45.771392, 4.811448], [45.771799, 4.811979], [45.771407, 4.814393], [45.771313, 4.814801], [45.771197, 4.815026], [45.770209, 4.815359], [45.768765, 4.814929], [45.768255, 4.814725]]"
262.0,"[[45.830189, 4.827439], [45.829722, 4.831111], [45.822569, 4.829083], [45.819125, 4.8254], [45.828769, 4.826152]]"
263.0,"[[45.776828, 4.874082], [45.777984, 4.872205], [45.779, 4.872], [45.780575, 4.871713], [45.782, 4.871833], [45.782369, 4.872082], [45.782495, 4.872575], [45.78247, 4.873831], [45.782018, 4.874321], [45.781524, 4.874517], [45.779722, 4.875], [45.7795, 4.875044], [45.779461, 4.875036]]"
264.0,"[[45.759963, 4.930404], [45.758663, 4.928411], [45.758675, 4.928086], [45.758997, 4.926027], [45.76161, 4.926209], [45.7636, 4.92815], [45.763669, 4.928269], [45.763611, 4.928888], [45.761026, 4.931756]]"
265.0,"[[45.789863, 4.837758], [45.787, 4.8395], [45.784594, 4.83695], [45.7833, 4.83333], [45.783825, 4.829186], [45.787927, 4.828372], [45.789073, 4.833211]]"
266.0,"[[45.719761, 4.887692], [45.721167, 4.892667], [45.72078, 4.893438], [45.718711, 4.894155], [45.717955, 4.89428], [45.717911, 4.89428], [45.714722, 4.893888], [45.715615, 4.889527], [45.717333, 4.8885]]"
267.0,"[[45.7777, 4.840861], [45.776667, 4.84], [45.77668, 4.839923], [45.777872, 4.837363], [45.779009, 4.836012], [45.779623, 4.835947], [45.77993, 4.835937], [45.78103, 4.836065], [45.783344, 4.83815], [45.782622, 4.84128], [45.781067, 4.842138]]"
268.0,"[[45.715886, 4.854927], [45.722499, 4.848499], [45.726475, 4.854008], [45.725453, 4.856645], [45.716736, 4.859938]]"
269.0,"[[45.754547, 4.851284], [45.757059, 4.850131], [45.759283, 4.852047], [45.759222, 4.852609], [45.758597, 4.853877], [45.758017, 4.854905], [45.757145, 4.855404], [45.7564, 4.855753], [45.755651, 4.855023], [45.755066, 4.853827]]"
270.0,"[[45.760461, 4.8311], [45.760397, 4.830958], [45.760443, 4.83084], [45.760532, 4.830615], [45.760544, 4.830586], [45.760607, 4.830443], [45.760899, 4.829885], [45.761355, 4.829849], [45.761482, 4.829843], [45.761535, 4.829843], [45.762223, 4.830068], [45.762395, 4.830317], [45.762194, 4.831312], [45.762127, 4.83146], [45.761722, 4.831634], [45.761, 4.831833]]"
271.0,"[[45.709197, 4.932136], [45.713, 4.928], [45.715666, 4.929], [45.71663, 4.936519], [45.711168, 4.936552]]"
272.0,"[[45.763316, 4.818861], [45.764529, 4.820165], [45.764364, 4.821184], [45.764179, 4.821388], [45.763703, 4.821753], [45.763541, 4.82186], [45.762912, 4.821882], [45.762686, 4.821886], [45.762602, 4.821886], [45.762508, 4.821883], [45.762179, 4.82186], [45.761877, 4.821816], [45.761214, 4.821362], [45.761161, 4.820916], [45.761166, 4.820833], [45.761827, 4.819661], [45.762238, 4.819039], [45.762527, 4.818695]]"
273.0,"[[45.738297, 4.841405], [45.738102, 4.842395], [45.733961, 4.841591], [45.733931, 4.84129], [45.734833, 4.839333], [45.735333, 4.838999], [45.736975, 4.839055], [45.73784, 4.839885]]"
274.0,"[[45.723, 4.871], [45.7257, 4.86896], [45.728741, 4.875], [45.728487, 4.875129], [45.725333, 4.875333], [45.725, 4.875], [45.723186, 4.871499]]"
275.0,"[[45.803916, 4.864436], [45.801947, 4.86898], [45.797994, 4.86643], [45.79785, 4.866158], [45.797855, 4.866124], [45.797933, 4.866008]]"
276.0,"[[45.77202, 4.850528], [45.7725, 4.848888], [45.772808, 4.848731], [45.774437, 4.848017], [45.775178, 4.849369], [45.775516, 4.850313], [45.775792, 4.85144], [45.775051, 4.853167], [45.774955, 4.853336], [45.774905, 4.853352], [45.774752, 4.853317], [45.774355, 4.853221], [45.773884, 4.853103], [45.772971, 4.852824]]"
277.0,"[[45.754738, 4.828727], [45.755262, 4.828705], [45.756018, 4.828909], [45.756797, 4.830465], [45.756737, 4.830883], [45.756142, 4.831876], [45.755555, 4.8325], [45.754316, 4.831761], [45.753947, 4.831483], [45.753855, 4.831355], [45.754177, 4.830108]]"
278.0,"[[45.742919, 4.774808], [45.74325, 4.769243], [45.744562, 4.767837], [45.750555, 4.7625], [45.75558, 4.765322], [45.75622, 4.7668], [45.752073, 4.771735], [45.744422, 4.775155]]"
279.0,"[[45.753391, 4.843876], [45.753937, 4.842615], [45.754562, 4.842306], [45.755644, 4.841977], [45.7575, 4.845], [45.7575, 4.845277], [45.756078, 4.845528], [45.755457, 4.845528], [45.754416, 4.845386], [45.753465, 4.844498]]"
280.0,"[[45.768356, 4.879478], [45.768416, 4.878077], [45.769947, 4.877371], [45.771888, 4.876613], [45.772073, 4.876792], [45.773554, 4.878886], [45.773375, 4.879603], [45.772, 4.8814], [45.768833, 4.880666], [45.768512, 4.880201]]"
281.0,"[[45.781748, 4.766542], [45.776757, 4.763281], [45.779333, 4.761], [45.781113, 4.76073], [45.787051, 4.763879]]"
282.0,"[[45.725206, 4.819922], [45.725986, 4.818619], [45.727875, 4.817316], [45.729086, 4.817483], [45.729587, 4.818148], [45.729685, 4.818298], [45.730194, 4.819478], [45.73008, 4.82086], [45.7295, 4.821499], [45.72881, 4.821749], [45.728089, 4.821955], [45.725865, 4.821699], [45.725468, 4.820927]]"
283.0,"[[45.781678, 4.848949], [45.782077, 4.847888], [45.783669, 4.844847], [45.784038, 4.844302], [45.784408, 4.844519], [45.786514, 4.849294], [45.786275, 4.849755], [45.784816, 4.850388], [45.783491, 4.85085], [45.783312, 4.85086], [45.782688, 4.850558], [45.782397, 4.85014]]"
284.0,"[[45.761453, 4.828019], [45.76135, 4.828122], [45.760704, 4.828695], [45.760491, 4.828613], [45.760033, 4.828244], [45.75965, 4.827861], [45.759532, 4.827675], [45.759592, 4.827536], [45.759624, 4.827476], [45.759741, 4.827283], [45.76, 4.826944], [45.760066, 4.826927], [45.760105, 4.826935], [45.760794, 4.82715], [45.761033, 4.827225], [45.761106, 4.827253], [45.761172, 4.82728], [45.761205, 4.8273], [45.761235, 4.827343], [45.761344, 4.827672]]"
285.0,"[[45.787614, 4.864346], [45.791137, 4.862415], [45.791516, 4.863524], [45.791752, 4.864922], [45.792433, 4.869591], [45.788536, 4.866775]]"
286.0,"[[45.681643, 4.853349], [45.684166, 4.8445], [45.69193, 4.84553], [45.693036, 4.84909], [45.692597, 4.853152]]"
287.0,"[[45.747836, 4.854755], [45.748161, 4.855686], [45.747, 4.856333], [45.744526, 4.856772], [45.744136, 4.856669], [45.742018, 4.855366], [45.741972, 4.855191], [45.742125, 4.854555], [45.742488, 4.853611], [45.744311, 4.852575], [45.746219, 4.852373]]"
288.0,"[[45.763616, 4.846612], [45.763286, 4.843736], [45.763666, 4.843666], [45.764955, 4.843554], [45.767043, 4.844251], [45.767952, 4.845277], [45.768088, 4.845666], [45.768097, 4.845736], [45.768088, 4.845819], [45.767894, 4.846111], [45.766295, 4.847121]]"
289.0,"[[45.780816, 4.859052], [45.780064, 4.857866], [45.779922, 4.857115], [45.779825, 4.856386], [45.779915, 4.85527], [45.780005, 4.855206], [45.781161, 4.854627], [45.781666, 4.85439], [45.782182, 4.854497], [45.782848, 4.854766], [45.783086, 4.854927], [45.78317, 4.855066], [45.783416, 4.855699], [45.783513, 4.856161], [45.783521, 4.856289], [45.783447, 4.856558], [45.783387, 4.856708], [45.782677, 4.858038], [45.781719, 4.858872]]"
290.0,"[[45.840555, 4.83], [45.839002, 4.830862], [45.837222, 4.830555], [45.835302, 4.827182], [45.836944, 4.826766], [45.837258, 4.826775], [45.837486, 4.826786], [45.840555, 4.828888]]"
291.0,"[[45.736666, 4.8225], [45.735877, 4.821213], [45.735786, 4.820355], [45.735625, 4.817912], [45.735919, 4.817222], [45.738432, 4.816646], [45.738993, 4.81698], [45.739405, 4.817333], [45.73957, 4.817998], [45.739585, 4.818341], [45.739, 4.820333], [45.738783, 4.820991]]"
292.0,
293.0,"[[45.78001, 4.85191], [45.78098, 4.854252], [45.780364, 4.854851], [45.779496, 4.855377], [45.779256, 4.855313], [45.778538, 4.854841], [45.778089, 4.854111], [45.778034, 4.853575], [45.778194, 4.852738], [45.77838, 4.852083], [45.778422, 4.852058], [45.779301, 4.851547]]"
294.0,"[[45.7495, 4.841833], [45.751197, 4.840689], [45.751976, 4.840239], [45.753114, 4.841859], [45.753131, 4.84245], [45.75201, 4.843822], [45.750628, 4.843801], [45.749741, 4.843638]]"
295.0,"[[45.769004, 4.835014], [45.769117, 4.83451], [45.769543, 4.834542], [45.770541, 4.834677], [45.771115, 4.834853], [45.771122, 4.834917], [45.771115, 4.835025], [45.771062, 4.835765], [45.771032, 4.835862], [45.770943, 4.83613], [45.770905, 4.836162], [45.769908, 4.836555], [45.769513, 4.836677], [45.769272, 4.836527], [45.769101, 4.836272], [45.769027, 4.836065]]"
296.0,"[[45.713155, 4.879603], [45.715213, 4.878413], [45.716961, 4.882216], [45.718, 4.887333], [45.713811, 4.886855]]"
297.0,"[[45.763271, 4.818599], [45.761484, 4.816349], [45.761666, 4.815833], [45.763376, 4.814329], [45.765786, 4.813833], [45.766213, 4.81408], [45.766411, 4.814211], [45.766362, 4.815316], [45.7655, 4.818333], [45.764183, 4.81875]]"
298.0,"[[45.677982, 4.831688], [45.6714, 4.836285], [45.671857, 4.83511], [45.67691, 4.83128]]"
299.0,"[[45.657352, 4.82569], [45.671219, 4.810258], [45.665789, 4.828684], [45.661949, 4.827557]]"
300.0,"[[45.811557, 4.853979], [45.810577, 4.853764], [45.815602, 4.843936], [45.819125, 4.841998], [45.823608, 4.840044], [45.819707, 4.85012]]"
301.0,"[[45.796886, 4.780138], [45.798293, 4.776096], [45.805912, 4.781366], [45.807735, 4.783816], [45.802288, 4.784702], [45.796955, 4.780433]]"
302.0,"[[45.763481, 4.839348], [45.761608, 4.839277], [45.761116, 4.838911], [45.760723, 4.838136], [45.760816, 4.837996], [45.761636, 4.837191], [45.761863, 4.836977], [45.76213, 4.836788], [45.762327, 4.836766], [45.762462, 4.836787], [45.763563, 4.837155], [45.76375, 4.837223], [45.764282, 4.837428], [45.76438, 4.837541], [45.764267, 4.83849], [45.763675, 4.839316]]"
303.0,"[[45.764657, 4.856038], [45.765172, 4.857319], [45.764948, 4.858403], [45.764502, 4.858577], [45.76327, 4.859043], [45.763167, 4.859079], [45.762665, 4.858907], [45.761853, 4.857898], [45.761677, 4.857233], [45.761662, 4.857169], [45.761666, 4.857166], [45.762375, 4.856718], [45.763646, 4.85601]]"
304.0,"[[45.74273, 4.811797], [45.740393, 4.811217], [45.74045, 4.810241], [45.740833, 4.807], [45.745665, 4.806261], [45.746563, 4.807376], [45.746416, 4.808236], [45.744038, 4.811738], [45.74388, 4.811852]]"
305.0,"[[45.733611, 4.8025], [45.7333, 4.8], [45.734494, 4.798344], [45.736333, 4.797333], [45.739808, 4.798173], [45.742909, 4.799458], [45.736969, 4.802297]]"
306.0,"[[45.733286, 4.812602], [45.73492, 4.812419], [45.735382, 4.814935], [45.735511, 4.815852], [45.735566, 4.817], [45.735361, 4.817365], [45.733376, 4.816703], [45.733, 4.8165], [45.732238, 4.815836], [45.732209, 4.815809], [45.731772, 4.815227], [45.7314, 4.814457], [45.731437, 4.813814], [45.731759, 4.813535]]"
307.0,"[[45.813127, 4.918275], [45.807966, 4.913359], [45.812552, 4.914526], [45.825255, 4.918427]]"
308.0,"[[45.777225, 4.741463], [45.777311, 4.730772], [45.777438, 4.730772], [45.785555, 4.735], [45.785669, 4.735511], [45.780473, 4.74063]]"
309.0,"[[45.72934, 4.796133], [45.728594, 4.801991], [45.72045, 4.799311], [45.719941, 4.797269], [45.719936, 4.797147], [45.721445, 4.795882], [45.725828, 4.792882], [45.726255, 4.792721]]"
310.0,"[[45.838819, 4.790441], [45.832798, 4.793246], [45.828638, 4.789405], [45.825674, 4.782142], [45.8327, 4.783072], [45.837538, 4.78525]]"
311.0,"[[45.75771, 4.90562], [45.764199, 4.894999], [45.768225, 4.899163], [45.767912, 4.901586], [45.759688, 4.905827]]"
312.0,"[[45.747916, 4.872189], [45.752745, 4.872069], [45.752094, 4.873269], [45.750037, 4.875912], [45.74845, 4.876856], [45.746563, 4.876556], [45.745979, 4.87632], [45.747669, 4.872422]]"
313.0,"[[45.75443, 4.809938], [45.756969, 4.812076], [45.755658, 4.815238], [45.754738, 4.815756], [45.752333, 4.816], [45.751566, 4.814827], [45.752775, 4.811388]]"
314.0,"[[45.741478, 4.732425], [45.736861, 4.727597], [45.737333, 4.722833], [45.745391, 4.721788], [45.74562, 4.722071]]"
315.0,"[[45.79608, 4.830833], [45.791291, 4.827813], [45.79135, 4.827602], [45.795356, 4.825315], [45.80164, 4.827504], [45.803106, 4.828169], [45.803195, 4.828405], [45.801176, 4.829885], [45.796977, 4.831144]]"
316.0,"[[45.755519, 4.763655], [45.757886, 4.750319], [45.762238, 4.755127], [45.764627, 4.758511], [45.761666, 4.761111], [45.756444, 4.763569]]"
317.0,"[[45.76393, 4.769665], [45.764263, 4.775691], [45.763608, 4.776844], [45.760651, 4.776207], [45.754427, 4.7747], [45.756771, 4.772044]]"
318.0,"[[45.730988, 4.937753], [45.731205, 4.938919], [45.730284, 4.939877], [45.725019, 4.939792], [45.728027, 4.938022]]"
319.0,"[[45.740955, 4.963122], [45.75, 4.96667], [45.746653, 4.979767], [45.746428, 4.979714], [45.743469, 4.972179]]"
320.0,"[[45.758166, 4.835833], [45.758301, 4.835722], [45.759289, 4.835175], [45.759405, 4.835111], [45.759566, 4.83512], [45.759589, 4.835143], [45.760697, 4.837996], [45.760599, 4.838125], [45.760577, 4.838147], [45.760063, 4.838216], [45.759544, 4.838082], [45.758691, 4.837536], [45.758406, 4.837267], [45.758266, 4.836505]]"
321.0,"[[45.758666, 4.833252], [45.758601, 4.833393], [45.757867, 4.833812], [45.757014, 4.834284], [45.756425, 4.834113], [45.756372, 4.834083], [45.756033, 4.833834], [45.755636, 4.83311], [45.755565, 4.832912], [45.756091, 4.832661], [45.75661, 4.832446], [45.756944, 4.8325], [45.758019, 4.832772], [45.75805, 4.83278], [45.758294, 4.832868]]"
322.0,"[[45.768146, 4.866233], [45.766833, 4.863188], [45.768338, 4.861707], [45.768578, 4.861621], [45.770285, 4.861562], [45.770868, 4.861664], [45.772327, 4.864819], [45.772513, 4.865413], [45.772582, 4.866321], [45.770943, 4.867479]]"
323.0,"[[45.750941, 4.813558], [45.746091, 4.812183], [45.747044, 4.81133], [45.747666, 4.810833], [45.751923, 4.808664]]"
324.0,"[[45.771862, 4.970927], [45.768888, 4.970277], [45.769333, 4.9675], [45.770833, 4.966833], [45.778748, 4.966721], [45.778427, 4.968741], [45.778089, 4.970433]]"
325.0,"[[45.759011, 4.844671], [45.758711, 4.844732], [45.75883, 4.841866], [45.758836, 4.841808], [45.758933, 4.841663], [45.759679, 4.841322], [45.760427, 4.841065], [45.760933, 4.840945], [45.761294, 4.841125], [45.761879, 4.842266], [45.762418, 4.84339]]"
326.0,"[[45.7427, 4.837224], [45.742827, 4.835228], [45.743372, 4.834445], [45.744087, 4.833698], [45.745665, 4.833812], [45.74783, 4.835919], [45.747889, 4.836782], [45.747506, 4.837803], [45.747274, 4.838072], [45.746185, 4.83857], [45.745728, 4.838769], [45.744152, 4.838297]]"
327.0,"[[45.798999, 4.844831], [45.804333, 4.8445], [45.804166, 4.844666], [45.800092, 4.848017], [45.795581, 4.848543], [45.795469, 4.848521], [45.795401, 4.84842], [45.795207, 4.847862], [45.795229, 4.847728], [45.795869, 4.8466]]"
328.0,"[[45.810689, 4.969757], [45.812813, 4.964768], [45.813055, 4.970555], [45.812933, 4.974811], [45.810809, 4.970916]]"
329.0,"[[45.745833, 4.864166], [45.747586, 4.865612], [45.747667, 4.865833], [45.747881, 4.867801], [45.747851, 4.868177], [45.74643, 4.868363], [45.742069, 4.868], [45.740693, 4.867501], [45.743295, 4.865114], [45.745666, 4.864166]]"
330.0,"[[45.798401, 4.973309], [45.795917, 4.969725], [45.798214, 4.964414], [45.803958, 4.966677], [45.801221, 4.972128]]"
331.0,"[[45.75785, 4.883869], [45.7565, 4.88], [45.75881, 4.878519], [45.762623, 4.880738], [45.761625, 4.882028]]"
332.0,"[[45.76036, 4.824017], [45.761167, 4.824833], [45.761086, 4.825275], [45.761011, 4.825422], [45.760472, 4.826281], [45.76021, 4.826667], [45.760094, 4.826827], [45.760038, 4.826902], [45.759905, 4.826933], [45.759833, 4.826833], [45.759559, 4.826452], [45.759237, 4.826002], [45.759162, 4.825884], [45.758981, 4.825552], [45.75899, 4.825465], [45.759027, 4.825412], [45.759213, 4.825163], [45.759638, 4.82465]]"
333.0,"[[45.778861, 4.819461], [45.780262, 4.823136], [45.777797, 4.824958], [45.776024, 4.824929], [45.775313, 4.824736], [45.774996, 4.82453], [45.774333, 4.823833], [45.774392, 4.822375], [45.775343, 4.820669], [45.776486, 4.819608]]"
334.0,"[[45.747627, 4.860963], [45.745991, 4.859155], [45.7465, 4.858], [45.747192, 4.85763], [45.750097, 4.856686], [45.750516, 4.857158], [45.75013, 4.858986], [45.74985, 4.860216], [45.74845, 4.86133], [45.74765, 4.860975]]"
335.0,"[[45.737061, 4.810895], [45.740041, 4.811249], [45.740079, 4.81184], [45.740136, 4.813013], [45.739794, 4.815294], [45.7396, 4.815562], [45.738252, 4.815359], [45.738166, 4.815325], [45.737907, 4.815005], [45.737666, 4.814316], [45.737451, 4.813181]]"
336.0,"[[45.735147, 4.955363], [45.733738, 4.957816], [45.730923, 4.953461], [45.73091, 4.953373], [45.730841, 4.95286], [45.731033, 4.9525], [45.731052, 4.952488], [45.73308, 4.951405], [45.73474, 4.951572]]"
337.0,"[[45.699945, 4.808009], [45.70363, 4.798629], [45.708186, 4.806541], [45.70703, 4.808847], [45.706927, 4.808905], [45.702708, 4.809069]]"
338.0,"[[45.764444, 4.825277], [45.764413, 4.822536], [45.764723, 4.822053], [45.765262, 4.821882], [45.766318, 4.822493], [45.766666, 4.822777], [45.767478, 4.824135], [45.767567, 4.824306], [45.767612, 4.82465], [45.76758, 4.824811], [45.767533, 4.825011], [45.767373, 4.825379], [45.767277, 4.82545], [45.767252, 4.825461], [45.766138, 4.825615], [45.764604, 4.825415]]"
339.0,"[[45.756394, 4.85985], [45.756, 4.857666], [45.757701, 4.856867], [45.758327, 4.857166], [45.758833, 4.857666], [45.758855, 4.857823], [45.759041, 4.859378], [45.759027, 4.859604], [45.75896, 4.859991], [45.758872, 4.860419], [45.757748, 4.861557], [45.756916, 4.861955]]"
340.0,"[[45.742819, 4.817225], [45.742691, 4.818044], [45.742475, 4.818234], [45.742101, 4.818234], [45.741333, 4.818166], [45.741244, 4.818158], [45.74005, 4.818016], [45.739854, 4.817934], [45.739615, 4.817676], [45.739225, 4.816796], [45.740427, 4.816142], [45.740731, 4.816045], [45.740961, 4.816001], [45.741532, 4.815981], [45.741833, 4.816166], [45.742141, 4.81645], [45.742662, 4.816957]]"
341.0,"[[45.708197, 4.901807], [45.713025, 4.897266], [45.715498, 4.897713], [45.715933, 4.89782], [45.718922, 4.903113], [45.71809, 4.904851]]"
342.0,"[[45.75256, 4.788547], [45.754543, 4.783151], [45.7554, 4.783387], [45.757861, 4.786197], [45.757958, 4.78638], [45.758451, 4.792485], [45.75615, 4.79141]]"
343.0,"[[45.801483, 4.825658], [45.8, 4.81667], [45.80467, 4.819715], [45.804736, 4.822901], [45.80431, 4.8251], [45.802163, 4.825605]]"
344.0,
345.0,"[[45.799516, 4.788672], [45.795333, 4.797666], [45.791833, 4.795], [45.791833, 4.794833], [45.791874, 4.794641], [45.793333, 4.790277]]"
346.0,"[[45.777777, 4.8625], [45.780452, 4.860594], [45.782242, 4.862008], [45.782347, 4.864277], [45.780394, 4.865344], [45.7791, 4.86573]]"
347.0,"[[45.764547, 4.830216], [45.763333, 4.829833], [45.763114, 4.829585], [45.763084, 4.829488], [45.763046, 4.829173], [45.763062, 4.828779], [45.763354, 4.828351], [45.763608, 4.828051], [45.763752, 4.827889], [45.764143, 4.827981], [45.765015, 4.828212], [45.765122, 4.828286], [45.765505, 4.828627], [45.765533, 4.828655], [45.765422, 4.829061], [45.765338, 4.829308], [45.7649, 4.829994]]"
348.0,"[[45.699561, 4.843913], [45.703182, 4.840657], [45.707404, 4.843672], [45.706748, 4.844058], [45.700865, 4.845114]]"
349.0,"[[45.67533, 4.924688], [45.668462, 4.925754], [45.66851, 4.925405], [45.670474, 4.913849]]"
350.0,"[[45.787674, 4.860581], [45.78688, 4.859905], [45.787472, 4.858052], [45.788, 4.857333], [45.789244, 4.856866], [45.794247, 4.85568], [45.794315, 4.85569], [45.793333, 4.860333], [45.79315, 4.861047], [45.790886, 4.861955]]"
351.0,"[[45.761276, 4.827217], [45.761341, 4.827074], [45.7617, 4.826388], [45.761924, 4.826399], [45.762402, 4.826613], [45.762519, 4.826675], [45.76259, 4.82672], [45.762665, 4.826785], [45.762343, 4.827579], [45.762167, 4.828], [45.761924, 4.828062], [45.761909, 4.828062], [45.761512, 4.827997], [45.761475, 4.827986], [45.761469, 4.82797], [45.761325, 4.827557]]"
352.0,"[[45.758397, 4.83873], [45.760166, 4.838333], [45.760277, 4.838333], [45.76039, 4.83836], [45.761205, 4.840207], [45.761252, 4.840416], [45.7612, 4.840478], [45.761086, 4.840582], [45.760936, 4.840711], [45.760247, 4.841043], [45.760077, 4.841083], [45.759229, 4.841247], [45.7585, 4.840999], [45.758097, 4.840788], [45.757942, 4.8404], [45.757932, 4.840355], [45.757927, 4.8403], [45.75793, 4.840244], [45.758002, 4.839842]]"
353.0,"[[45.776899, 4.86145], [45.776181, 4.859422], [45.77695, 4.858166], [45.777577, 4.858172], [45.777812, 4.858188], [45.780516, 4.859266], [45.780636, 4.859622], [45.780463, 4.859955], [45.780205, 4.860147], [45.777446, 4.861364]]"
354.0,"[[45.755666, 4.827666], [45.755427, 4.825716], [45.755555, 4.825], [45.756186, 4.825063], [45.757344, 4.825527], [45.757478, 4.825583], [45.757875, 4.825798], [45.757934, 4.825841], [45.757987, 4.825887], [45.758017, 4.825959], [45.758039, 4.826216], [45.758032, 4.827885], [45.757933, 4.828], [45.757652, 4.828272], [45.757166, 4.828615], [45.756744, 4.828749], [45.75619, 4.828587]]"
355.0,"[[45.768705, 4.839026], [45.770951, 4.840207], [45.770785, 4.840561], [45.770381, 4.841398], [45.768664, 4.841601], [45.767455, 4.841364], [45.767021, 4.840872], [45.766863, 4.840288], [45.76701, 4.8401]]"
356.0,"[[45.791233, 4.842636], [45.794572, 4.848802], [45.793908, 4.850549], [45.792672, 4.851957], [45.787552, 4.848169], [45.788055, 4.84703]]"
357.0,"[[45.771972, 4.776866], [45.774333, 4.773833], [45.779369, 4.774932], [45.77892, 4.778312], [45.77745, 4.780177], [45.775784, 4.781284], [45.774211, 4.77985]]"
358.0,"[[45.746395, 4.882625], [45.743883, 4.885461], [45.741244, 4.884886], [45.737533, 4.88168], [45.737511, 4.881655], [45.737566, 4.881594], [45.742722, 4.878133], [45.744141, 4.878594], [45.745333, 4.879225], [45.745934, 4.880805]]"
359.0,"[[45.732718, 4.832882], [45.731596, 4.835143], [45.731273, 4.834907], [45.730094, 4.832938], [45.730086, 4.832922], [45.730105, 4.831852]]"
360.0,"[[45.736567, 4.861718], [45.738677, 4.856986], [45.739806, 4.858982], [45.74, 4.859333], [45.741142, 4.86175], [45.73721, 4.862521]]"
361.0,"[[45.771744, 4.831613], [45.771758, 4.830915], [45.772132, 4.830561], [45.772417, 4.830347], [45.772432, 4.830336], [45.773188, 4.830626], [45.773345, 4.83083], [45.773547, 4.831172], [45.773659, 4.831638], [45.773689, 4.83201], [45.773675, 4.832111], [45.773367, 4.832589], [45.773282, 4.832631], [45.772712, 4.832772], [45.772357, 4.832739], [45.7722, 4.832713], [45.771901, 4.83261], [45.771785, 4.832513], [45.771765, 4.83247], [45.771758, 4.832305]]"
362.0,"[[45.730094, 4.949719], [45.730711, 4.946089], [45.73275, 4.947102], [45.732816, 4.948052], [45.731861, 4.950066], [45.730338, 4.94988]]"
363.0,"[[45.770404, 4.947689], [45.773005, 4.954641], [45.77079, 4.959109], [45.766505, 4.959039], [45.762575, 4.954172], [45.763167, 4.952167]]"
364.0,"[[45.766861, 4.828253], [45.765638, 4.828625], [45.765539, 4.828512], [45.765372, 4.828295], [45.765347, 4.828175], [45.765333, 4.827999], [45.765292, 4.827353], [45.765292, 4.826903], [45.765382, 4.826431], [45.765936, 4.825701], [45.76603, 4.825669], [45.76728, 4.825591], [45.76747, 4.825991], [45.767414, 4.826334], [45.767171, 4.827332], [45.767058, 4.827722], [45.766991, 4.827944], [45.766878, 4.828221]]"
365.0,"[[45.742932, 4.838082], [45.742061, 4.842519], [45.738611, 4.840555], [45.738394, 4.839187], [45.738589, 4.838731], [45.74045, 4.838168]]"
366.0,"[[45.761647, 4.824541], [45.762666, 4.8245], [45.763888, 4.825], [45.764166, 4.825277], [45.76384, 4.826216], [45.763758, 4.826302], [45.763215, 4.82657], [45.762957, 4.826645], [45.762722, 4.82671], [45.76262, 4.826699], [45.761954, 4.826409], [45.761822, 4.826294], [45.761641, 4.826019], [45.761391, 4.825461], [45.76134, 4.825315], [45.761307, 4.825176], [45.761341, 4.824961]]"
367.0,"[[45.769828, 4.83172], [45.770169, 4.832471], [45.770045, 4.832707], [45.76981, 4.832975], [45.769158, 4.833533], [45.769109, 4.833544], [45.76863, 4.833391], [45.768386, 4.833075], [45.768226, 4.832718], [45.767897, 4.831922], [45.767918, 4.831706], [45.768204, 4.831602], [45.768525, 4.831547], [45.769483, 4.831409]]"
368.0,"[[45.766811, 4.83084], [45.765307, 4.830014], [45.765472, 4.829008], [45.765532, 4.828823], [45.765749, 4.828619], [45.76634, 4.828426], [45.766856, 4.828276], [45.766946, 4.828276], [45.767584, 4.828877], [45.767964, 4.829306], [45.767575, 4.830315], [45.767298, 4.830991], [45.767096, 4.830969]]"
369.0,"[[45.779189, 4.86822], [45.777176, 4.871122], [45.775485, 4.870376], [45.773663, 4.8688], [45.773547, 4.868638], [45.773491, 4.868504], [45.77365, 4.867123], [45.77378, 4.866444], [45.773808, 4.866366], [45.774819, 4.865816], [45.776462, 4.865999], [45.778485, 4.86662], [45.778552, 4.866694]]"
370.0,"[[45.75561, 4.889141], [45.754049, 4.894151], [45.753555, 4.891641], [45.75295, 4.886569], [45.754227, 4.885825], [45.755236, 4.886566]]"
371.0,"[[45.766085, 4.884452], [45.764742, 4.882682], [45.767136, 4.88168], [45.768929, 4.881877], [45.76914, 4.882329], [45.76878, 4.884248]]"
372.0,"[[45.761213, 4.820466], [45.760607, 4.821281], [45.760068, 4.821131], [45.759613, 4.820911], [45.759469, 4.82083], [45.759141, 4.8206], [45.759022, 4.820441], [45.758963, 4.820316], [45.759708, 4.819629], [45.7601, 4.819278], [45.762102, 4.818344], [45.762222, 4.818611], [45.762172, 4.818708]]"
373.0,"[[45.758106, 4.921209], [45.757433, 4.918956], [45.757485, 4.916542], [45.763065, 4.91592], [45.760719, 4.92034], [45.75914, 4.920898]]"
374.0,"[[45.760861, 4.856169], [45.760831, 4.855914], [45.760833, 4.855833], [45.761, 4.854833], [45.761041, 4.854766], [45.763625, 4.854305], [45.76393, 4.855012], [45.763855, 4.855699], [45.762154, 4.856793], [45.761565, 4.857137]]"
375.0,"[[45.758608, 4.829617], [45.757253, 4.828968], [45.757842, 4.828126], [45.757994, 4.827966], [45.758062, 4.827922], [45.759491, 4.827697], [45.759634, 4.827858], [45.759828, 4.828083], [45.759933, 4.828219], [45.759995, 4.828306], [45.76006, 4.828437], [45.76007, 4.828556], [45.760097, 4.829005], [45.760063, 4.829188], [45.759394, 4.829516], [45.759229, 4.829574], [45.759075, 4.829615]]"
376.0,"[[45.774, 4.857666], [45.77202, 4.85883], [45.771429, 4.858564], [45.770748, 4.857437], [45.770359, 4.856686], [45.770636, 4.856514], [45.773066, 4.855438], [45.774041, 4.855354], [45.774475, 4.855409], [45.774508, 4.855888], [45.774482, 4.856235], [45.774469, 4.856341]]"
377.0,"[[45.779009, 4.841644], [45.779147, 4.84453], [45.777558, 4.845238], [45.777071, 4.845421], [45.775455, 4.845869], [45.77505, 4.845847], [45.774467, 4.845668], [45.775014, 4.842856], [45.775047, 4.842769], [45.77575, 4.842244], [45.776142, 4.841988]]"
378.0,"[[45.829116, 4.816577], [45.830277, 4.808888], [45.841311, 4.813975], [45.835048, 4.819715]]"
379.0,"[[45.730272, 4.81898], [45.729931, 4.81854], [45.729833, 4.818277], [45.729566, 4.817311], [45.729775, 4.816497], [45.730433, 4.815669], [45.731025, 4.814994], [45.731594, 4.815383], [45.732058, 4.815811], [45.732096, 4.815863], [45.732321, 4.816195], [45.73187, 4.817651], [45.731608, 4.818477], [45.731249, 4.818838]]"
380.0,"[[45.746111, 4.8175], [45.745977, 4.820283], [45.744847, 4.820447], [45.744279, 4.820455], [45.742827, 4.81832], [45.742761, 4.818105], [45.742858, 4.817491], [45.743166, 4.817], [45.743333, 4.816833], [45.744438, 4.815902], [45.745619, 4.814955], [45.745788, 4.81515], [45.746084, 4.816324]]"
381.0,"[[45.775027, 4.853377], [45.775762, 4.85203], [45.776563, 4.851837], [45.777, 4.851833], [45.778074, 4.852073], [45.778074, 4.852588], [45.777939, 4.853446], [45.777866, 4.853608], [45.777755, 4.853819], [45.777341, 4.853897], [45.776225, 4.853836], [45.775178, 4.853682], [45.775066, 4.853532]]"
382.0,"[[45.7755, 4.838666], [45.775515, 4.835969], [45.775818, 4.835647], [45.776383, 4.835346], [45.777505, 4.835422], [45.778688, 4.83614], [45.777801, 4.837359], [45.777086, 4.838308], [45.777015, 4.838372], [45.775859, 4.839112]]"
383.0,"[[45.752166, 4.816333], [45.752253, 4.817354], [45.752197, 4.819843], [45.751714, 4.821002], [45.751008, 4.821322], [45.750198, 4.821656], [45.749258, 4.82171], [45.748156, 4.821166], [45.74788, 4.820938], [45.748809, 4.8195]]"
384.0,"[[45.743369, 4.792672], [45.73928, 4.79303], [45.740146, 4.788794], [45.741726, 4.789438]]"
385.0,"[[45.786261, 4.956015], [45.79448, 4.946213], [45.798575, 4.94968], [45.798334, 4.951937], [45.798206, 4.952076], [45.793307, 4.954737]]"
386.0,"[[45.74656, 4.904472], [45.746333, 4.899667], [45.746883, 4.897155], [45.748704, 4.894827], [45.749236, 4.895294], [45.751834, 4.897971], [45.752018, 4.903273]]"
387.0,"[[45.735346, 4.810252], [45.730359, 4.806818], [45.733036, 4.80383], [45.741681, 4.803321], [45.740541, 4.80699], [45.738963, 4.808836]]"
388.0,"[[45.786851, 4.918742], [45.777446, 4.916896], [45.781532, 4.912162]]"
389.0,"[[45.815034, 4.941444], [45.809156, 4.93962], [45.812977, 4.933655], [45.813037, 4.933569], [45.814176, 4.937691], [45.815011, 4.940779]]"
390.0,"[[45.693815, 4.754076], [45.7, 4.75], [45.707437, 4.751243], [45.709167, 4.7525], [45.708816, 4.757924], [45.707378, 4.760198], [45.706179, 4.760456], [45.700225, 4.757747]]"
391.0,"[[45.724622, 4.834413], [45.724884, 4.833995], [45.726294, 4.83378], [45.726936, 4.833855], [45.727258, 4.837718], [45.72704, 4.837952], [45.725833, 4.837777], [45.725555, 4.837222]]"
392.0,"[[45.735759, 4.966179], [45.726027, 4.964469], [45.726947, 4.961886], [45.72847, 4.95997], [45.735005, 4.964147]]"
393.0,"[[45.74733, 4.830875], [45.747344, 4.830358], [45.749267, 4.829026], [45.749393, 4.828974], [45.750833, 4.830333], [45.750995, 4.831752], [45.7509, 4.832508], [45.750825, 4.832558], [45.748305, 4.832563], [45.74809, 4.832525], [45.748051, 4.832508], [45.747647, 4.831613]]"
394.0,"[[45.80336, 4.986891], [45.79943, 4.979738], [45.804706, 4.983651], [45.807683, 4.987363]]"
395.0,"[[45.734904, 4.826712], [45.736875, 4.828125], [45.735613, 4.831345], [45.733437, 4.832428], [45.732344, 4.832058], [45.732291, 4.832036], [45.730511, 4.83073], [45.730591, 4.830063], [45.731486, 4.828386]]"
396.0,"[[45.75649, 4.861106], [45.756385, 4.863123], [45.755195, 4.863456], [45.754244, 4.863209], [45.753305, 4.861825], [45.752751, 4.859896], [45.752697, 4.859266], [45.754447, 4.85875], [45.755936, 4.858381], [45.75649, 4.860935]]"
397.0,"[[45.718974, 4.820487], [45.71221, 4.816528], [45.714869, 4.814232], [45.715289, 4.81405], [45.717019, 4.813356], [45.718033, 4.813044], [45.721214, 4.814983], [45.722086, 4.817727]]"
398.0,"[[45.815922, 4.765916], [45.82, 4.772166], [45.818262, 4.774941], [45.817666, 4.775666], [45.810882, 4.769428], [45.809333, 4.767666], [45.8105, 4.765333], [45.811047, 4.765263]]"
399.0,"[[45.764486, 4.839615], [45.764405, 4.838427], [45.764454, 4.838211], [45.76501, 4.837593], [45.765463, 4.837492], [45.765711, 4.837481], [45.766205, 4.837476], [45.766881, 4.838061], [45.767005, 4.838305], [45.766815, 4.83967], [45.766063, 4.840196], [45.7655, 4.840058]]"
400.0,"[[45.754547, 4.836263], [45.754371, 4.834864], [45.75454, 4.834638], [45.754641, 4.834531], [45.755681, 4.833812], [45.755786, 4.833823], [45.756088, 4.833919], [45.756301, 4.834041], [45.756429, 4.834122], [45.756672, 4.834291], [45.756733, 4.834359], [45.756931, 4.834611], [45.756969, 4.8347], [45.756972, 4.834713], [45.757003, 4.835681], [45.756834, 4.835872], [45.756542, 4.836183], [45.756227, 4.836436], [45.755566, 4.83678], [45.755322, 4.836838], [45.754761, 4.83658]]"
401.0,"[[45.766091, 4.835097], [45.766407, 4.836022], [45.7664, 4.83687], [45.766385, 4.836913], [45.766163, 4.837192], [45.765367, 4.837481], [45.765008, 4.837481], [45.764435, 4.83717], [45.76437, 4.83693], [45.764319, 4.836602], [45.764327, 4.836376], [45.764338, 4.836122], [45.764363, 4.835846], [45.764446, 4.835218], [45.764594, 4.835011], [45.765029, 4.834828], [45.765752, 4.834972], [45.765833, 4.835], [45.765975, 4.835052]]"
402.0,"[[45.753196, 4.816646], [45.755187, 4.816045], [45.756632, 4.816796], [45.757238, 4.819908], [45.756565, 4.820412], [45.754911, 4.820358], [45.75375, 4.819216]]"
403.0,"[[45.712016, 4.82868], [45.711522, 4.82408], [45.711744, 4.823636], [45.71385, 4.820938], [45.716438, 4.820069], [45.716989, 4.823479], [45.716132, 4.825465]]"
404.0,"[[45.725833, 4.881], [45.72424, 4.881169], [45.720833, 4.880833], [45.720517, 4.880794], [45.719958, 4.878786], [45.719969, 4.878677], [45.719994, 4.878661]]"
405.0,"[[45.773169, 4.802988], [45.772215, 4.799813], [45.773541, 4.799602], [45.775871, 4.800439], [45.777012, 4.801282], [45.777725, 4.801813], [45.7785, 4.803166], [45.778386, 4.80358], [45.777408, 4.803986], [45.77539, 4.80396], [45.775315, 4.803954], [45.773205, 4.803005]]"
406.0,"[[45.730263, 4.952176], [45.729963, 4.952563], [45.729166, 4.952333], [45.728833, 4.952], [45.729819, 4.950227], [45.730083, 4.950133], [45.730166, 4.950633]]"
407.0,"[[45.6833, 4.88333], [45.695633, 4.877197], [45.696977, 4.885346], [45.697007, 4.887285], [45.696999, 4.888916], [45.6956, 4.893663]]"
408.0,"[[45.670256, 4.87176], [45.675444, 4.860689], [45.67715, 4.860986], [45.67791, 4.861149], [45.680898, 4.861932], [45.680579, 4.86351]]"
409.0,"[[45.771354, 4.794078], [45.769887, 4.787914], [45.773574, 4.785817], [45.777214, 4.7908], [45.773841, 4.793647], [45.773541, 4.793827]]"
410.0,"[[45.810659, 4.806336], [45.818833, 4.799833], [45.815939, 4.805145]]"
411.0,"[[45.714336, 4.847877], [45.714166, 4.844833], [45.714333, 4.8445], [45.717833, 4.842333], [45.718015, 4.842234], [45.719166, 4.842333], [45.719843, 4.845024], [45.719484, 4.846504], [45.714749, 4.852566]]"
412.0,"[[45.730217, 4.89207], [45.726166, 4.887316], [45.726457, 4.886684], [45.7333, 4.88333], [45.733886, 4.884871], [45.730434, 4.891963]]"
413.0,"[[45.771841, 4.817107], [45.771333, 4.816], [45.7733, 4.814508], [45.773819, 4.814125], [45.774669, 4.814022], [45.778, 4.814667], [45.775833, 4.8185], [45.77475, 4.818552]]"
414.0,"[[45.707078, 4.880526], [45.70384, 4.882029], [45.704405, 4.87668], [45.706, 4.876833], [45.707057, 4.87794]]"
415.0,"[[45.785805, 4.944419], [45.781, 4.936833], [45.781845, 4.937238]]"
416.0,"[[45.803269, 4.926772], [45.804198, 4.933612], [45.803719, 4.935146], [45.803149, 4.936197], [45.801677, 4.938215], [45.801425, 4.938299], [45.801425, 4.937542], [45.801454, 4.93629], [45.802905, 4.925875], [45.802952, 4.92585]]"
417.0,"[[45.753945, 4.88574], [45.751265, 4.88324], [45.751405, 4.881347], [45.752979, 4.880719], [45.7536, 4.8807], [45.75475, 4.880788], [45.756759, 4.88405], [45.754263, 4.885599]]"
418.0,"[[45.849697, 4.83879], [45.847246, 4.835357], [45.848055, 4.834722], [45.852787, 4.837761]]"
419.0,"[[45.763365, 4.832818], [45.763666, 4.833166], [45.76378, 4.833383], [45.764444, 4.834722], [45.764486, 4.834861], [45.764261, 4.834986], [45.7625, 4.835333], [45.762222, 4.835277], [45.762164, 4.835207], [45.762122, 4.835148], [45.761737, 4.834553], [45.761797, 4.834349], [45.762762, 4.833254], [45.76329, 4.832852]]"
420.0,"[[45.751836, 4.848244], [45.748884, 4.84879], [45.747497, 4.848313], [45.746956, 4.84806], [45.747499, 4.847352], [45.748713, 4.846055], [45.749655, 4.846202], [45.751006, 4.846612], [45.751676, 4.847255]]"
421.0,"[[45.687555, 4.832966], [45.684833, 4.818], [45.694753, 4.825422], [45.697562, 4.831076], [45.695943, 4.832696]]"
422.0,"[[45.785003, 4.881191], [45.787108, 4.88283], [45.784108, 4.883563], [45.779997, 4.884356], [45.781486, 4.881416], [45.782578, 4.879678]]"
423.0,"[[45.762343, 4.86072], [45.762732, 4.859626], [45.763547, 4.859259], [45.764305, 4.859286], [45.764722, 4.859808], [45.766396, 4.862126], [45.766361, 4.863036], [45.765869, 4.863477], [45.76366, 4.863121], [45.762999, 4.862533], [45.762343, 4.86175]]"
424.0,"[[45.764244, 4.822032], [45.764205, 4.822633], [45.7628, 4.822719], [45.7617, 4.822751], [45.76037, 4.822693], [45.760669, 4.821975], [45.760702, 4.821922], [45.761692, 4.821876], [45.761927, 4.821874], [45.762327, 4.821877], [45.762566, 4.821888], [45.763189, 4.821925]]"
425.0,"[[45.791579, 4.811829], [45.793112, 4.814425], [45.790786, 4.818494], [45.789713, 4.819233], [45.7885, 4.8195], [45.786763, 4.816936], [45.785938, 4.81548], [45.787913, 4.813841]]"
426.0,"[[45.751167, 4.8305], [45.751252, 4.829375], [45.752669, 4.828491], [45.753383, 4.828609], [45.753636, 4.828727], [45.75387, 4.82892], [45.754169, 4.829766], [45.75387, 4.830722], [45.75363, 4.831237], [45.753211, 4.831565], [45.75312, 4.83163], [45.753084, 4.831644], [45.751682, 4.831975]]"
427.0,"[[45.7615, 4.744833], [45.765466, 4.741021], [45.77565, 4.745342], [45.776222, 4.748925], [45.775863, 4.749513], [45.773041, 4.750427], [45.768532, 4.748446]]"
428.0,"[[45.754297, 4.747313], [45.734436, 4.744227], [45.741412, 4.73608]]"
429.0,"[[45.771366, 4.834778], [45.771107, 4.834606], [45.771145, 4.834129], [45.771227, 4.833195], [45.771383, 4.83288], [45.771878, 4.832729], [45.772694, 4.832927], [45.772791, 4.832954], [45.773532, 4.833287], [45.773539, 4.833319], [45.773375, 4.834091], [45.773173, 4.834553], [45.773055, 4.834727], [45.772647, 4.834744], [45.772058, 4.834762]]"
430.0,"[[45.748521, 4.862469], [45.751459, 4.863831], [45.749969, 4.866396], [45.74966, 4.866478], [45.747616, 4.865452], [45.747522, 4.865248], [45.748292, 4.862469]]"
431.0,"[[45.688681, 4.777765], [45.689176, 4.777861], [45.687308, 4.785372], [45.684499, 4.789406], [45.687404, 4.778913]]"
432.0,"[[45.769936, 4.828392], [45.770486, 4.826613], [45.771998, 4.825122], [45.7725, 4.826111], [45.77257, 4.827182], [45.772155, 4.828201], [45.771564, 4.828641], [45.771145, 4.828662], [45.770741, 4.828587]]"
433.0,"[[45.730628, 4.872779], [45.732802, 4.872391], [45.735061, 4.87265], [45.736222, 4.873402], [45.735721, 4.874281], [45.729775, 4.876095], [45.729925, 4.874249]]"
434.0,"[[45.743928, 4.824714], [45.74389, 4.823319], [45.743957, 4.821903], [45.744077, 4.821603], [45.744414, 4.821284], [45.745094, 4.820719], [45.745931, 4.820494], [45.748086, 4.82255], [45.748333, 4.822999], [45.747333, 4.824666], [45.746086, 4.825697], [45.744217, 4.826463]]"
435.0,"[[45.770552, 4.82385], [45.770919, 4.821705], [45.771616, 4.821388], [45.773566, 4.821796], [45.774198, 4.822046], [45.774119, 4.822504], [45.773805, 4.824087], [45.772618, 4.824928], [45.77193, 4.824907], [45.770803, 4.824236]]"
436.0,"[[45.782683, 4.871942], [45.786802, 4.868509], [45.787273, 4.870451], [45.787666, 4.872584], [45.787704, 4.873605], [45.785616, 4.87455], [45.785602, 4.874552], [45.783802, 4.874083], [45.783155, 4.873799], [45.782713, 4.872827], [45.782698, 4.872457]]"
437.0,"[[45.710494, 4.837417], [45.712337, 4.834585], [45.712607, 4.834756], [45.712502, 4.835357], [45.712082, 4.836087], [45.711588, 4.836537]]"
438.0,"[[45.848666, 4.859333], [45.845833, 4.861166], [45.846854, 4.854913], [45.846999, 4.8545], [45.847792, 4.853801], [45.849122, 4.854208], [45.8495, 4.854833]]"
439.0,"[[45.762396, 4.860119], [45.761984, 4.86145], [45.76077, 4.861296], [45.760661, 4.861272], [45.7603, 4.861149], [45.759011, 4.860419], [45.758949, 4.860345], [45.75914, 4.859883], [45.759499, 4.85954], [45.760191, 4.859162], [45.76155, 4.85939], [45.762336, 4.860012]]"
440.0,"[[45.782302, 4.851477], [45.782973, 4.851298], [45.783125, 4.8513], [45.783413, 4.851558], [45.78353, 4.852208], [45.783611, 4.852836], [45.783666, 4.853333], [45.783611, 4.853467], [45.783461, 4.853789], [45.783162, 4.854304], [45.782975, 4.85458], [45.782728, 4.854497], [45.781902, 4.853708], [45.781716, 4.853308], [45.781546, 4.85248], [45.781888, 4.851875]]"
441.0,"[[45.763055, 4.843888], [45.763322, 4.845033], [45.763312, 4.845517], [45.76316, 4.846281], [45.762958, 4.847014], [45.762255, 4.847355], [45.760666, 4.846833], [45.759542, 4.845989], [45.758833, 4.845], [45.759238, 4.844666], [45.759941, 4.844454], [45.762006, 4.843972]]"
442.0,"[[45.679302, 4.95983], [45.669529, 4.940451], [45.685717, 4.946352], [45.689238, 4.948822]]"
443.0,"[[45.726734, 4.893014], [45.732461, 4.899983], [45.723453, 4.901382], [45.721873, 4.900739], [45.720457, 4.898207], [45.72236, 4.896104]]"
444.0,"[[45.7695, 4.838182], [45.769483, 4.837675], [45.769491, 4.836827], [45.769908, 4.83658], [45.769919, 4.836575], [45.770149, 4.836484], [45.770988, 4.836169], [45.771, 4.836166], [45.771302, 4.836455], [45.771564, 4.83673], [45.772387, 4.837782], [45.772364, 4.838168], [45.772166, 4.8385], [45.771384, 4.839549]]"
445.0,"[[45.767265, 4.810082], [45.764633, 4.806104], [45.766075, 4.804458], [45.770149, 4.804986], [45.770568, 4.806068], [45.769977, 4.807897], [45.769545, 4.808674], [45.768825, 4.809823]]"
446.0,"[[45.779354, 4.851129], [45.779256, 4.851365], [45.778478, 4.851837], [45.778269, 4.851902], [45.77761, 4.851901], [45.777336, 4.85183], [45.776851, 4.851665], [45.775986, 4.851147], [45.775567, 4.850195], [45.77532, 4.849305], [45.775073, 4.848403], [45.777049, 4.848522], [45.77749, 4.848554], [45.777835, 4.848735], [45.778887, 4.84983], [45.7791, 4.8503]]"
447.0,"[[45.732516, 4.816303], [45.73356, 4.81745], [45.733227, 4.818005], [45.733178, 4.818084], [45.73293, 4.818411], [45.73252, 4.818906], [45.731407, 4.819736], [45.731494, 4.818897], [45.73153, 4.818769], [45.731797, 4.817955], [45.7321, 4.817097], [45.732366, 4.816517]]"
448.0,"[[45.77656, 4.804262], [45.777621, 4.805285], [45.77718, 4.807822], [45.776933, 4.807866], [45.77623, 4.807645], [45.775032, 4.807049], [45.774452, 4.805833], [45.774003, 4.804093], [45.774167, 4.804], [45.775783, 4.804158], [45.776535, 4.804254]]"
449.0,"[[45.752782, 4.834821], [45.752822, 4.835443], [45.752772, 4.835697], [45.752395, 4.83658], [45.752088, 4.836881], [45.75153, 4.837411], [45.751094, 4.837788], [45.749813, 4.837072], [45.749633, 4.836945], [45.7497, 4.836586], [45.750041, 4.835797], [45.750333, 4.835205], [45.750591, 4.834831], [45.751339, 4.833909]]"
450.0,"[[45.733636, 4.769672], [45.731747, 4.76328], [45.733624, 4.75841], [45.743448, 4.759268], [45.744166, 4.760833], [45.742131, 4.764944]]"
451.0,"[[45.761666, 4.910166], [45.759238, 4.915127], [45.756691, 4.914336], [45.756565, 4.91415], [45.756455, 4.913358], [45.756356, 4.910971], [45.758026, 4.90767]]"
452.0,"[[45.73593, 4.786863], [45.732168, 4.794058], [45.733074, 4.78958]]"
453.0,"[[45.763937, 4.847052], [45.764312, 4.849423], [45.764065, 4.849895], [45.763611, 4.85], [45.76286, 4.85012], [45.762598, 4.850077], [45.761947, 4.849644], [45.761535, 4.848806], [45.761779, 4.848166], [45.762328, 4.847524], [45.762912, 4.847245]]"
454.0,"[[45.745305, 4.892542], [45.743126, 4.897606], [45.73645, 4.896439], [45.735721, 4.893894], [45.738944, 4.892127], [45.742168, 4.892059]]"
455.0,"[[45.744244, 4.826558], [45.747177, 4.825966], [45.749116, 4.827375], [45.749251, 4.827557], [45.749195, 4.828158], [45.749049, 4.828555], [45.748861, 4.828823], [45.747963, 4.829488], [45.747806, 4.829599], [45.74673, 4.829513], [45.74528, 4.827922]]"
456.0,"[[45.8454, 4.854766], [45.8435, 4.857666], [45.841832, 4.85457], [45.841333, 4.85], [45.841666, 4.847833]]"
457.0,"[[45.831056, 4.87412], [45.823727, 4.874202], [45.826975, 4.873605], [45.831056, 4.874099]]"
458.0,"[[45.671141, 4.90988], [45.668055, 4.901944], [45.669, 4.8975], [45.670569, 4.897827], [45.673316, 4.900013]]"
459.0,"[[45.756834, 4.830594], [45.756894, 4.830143], [45.757358, 4.829113], [45.757619, 4.82922], [45.758765, 4.829789], [45.758885, 4.829971], [45.759065, 4.830336], [45.759287, 4.830849], [45.759226, 4.831012], [45.758679, 4.831752], [45.758226, 4.831527], [45.75746, 4.831118], [45.756925, 4.830813], [45.75687, 4.830733]]"
460.0,"[[45.754155, 4.946544], [45.751661, 4.941215], [45.766108, 4.941251], [45.766931, 4.944389], [45.761236, 4.946363]]"
461.0,"[[45.846701, 4.835271], [45.845329, 4.838283], [45.844204, 4.837449], [45.843888, 4.836944], [45.843888, 4.836388]]"
462.0,"[[45.7785, 4.891833], [45.777294, 4.89894], [45.769435, 4.89664], [45.767882, 4.894752], [45.77199, 4.88982], [45.774871, 4.889162], [45.777996, 4.890069]]"
463.0,"[[45.757957, 4.812183], [45.759052, 4.811676], [45.760083, 4.813275], [45.760738, 4.815461], [45.760386, 4.816038], [45.758938, 4.816957], [45.758841, 4.816961], [45.758249, 4.816914], [45.756825, 4.816316], [45.755771, 4.815702], [45.755932, 4.815167]]"
464.0,"[[45.736711, 4.834275], [45.73673, 4.833438], [45.737428, 4.832589], [45.738833, 4.8315], [45.742041, 4.833352], [45.742347, 4.834011], [45.73933, 4.83554], [45.738494, 4.835622], [45.738169, 4.835507], [45.737938, 4.835397]]"
465.0,"[[45.785833, 4.75], [45.789444, 4.754722], [45.786666, 4.754722], [45.777439, 4.754135], [45.781333, 4.750166]]"
466.0,"[[45.815932, 4.890684], [45.81772, 4.889564], [45.818698, 4.893153], [45.818008, 4.894918], [45.817809, 4.894918]]"
467.0,"[[45.797066, 4.835688], [45.798019, 4.834864], [45.802148, 4.83172], [45.803835, 4.833383], [45.806448, 4.836222], [45.803001, 4.838855], [45.798519, 4.838819], [45.798122, 4.838305], [45.798016, 4.838147], [45.797333, 4.836802]]"
468.0,"[[45.801284, 4.878645], [45.808517, 4.871041], [45.8095, 4.881666], [45.805447, 4.885369], [45.803726, 4.884763], [45.803069, 4.883588]]"
469.0,"[[45.741558, 4.847674], [45.744886, 4.846386], [45.745021, 4.84644], [45.74562, 4.847567], [45.746638, 4.850083], [45.746069, 4.850828], [45.745642, 4.851354], [45.739622, 4.852684], [45.738866, 4.852137], [45.738926, 4.850442]]"
470.0,"[[45.825563, 4.8025], [45.822188, 4.797355], [45.823055, 4.795], [45.825166, 4.792], [45.829666, 4.797666], [45.830787, 4.79926]]"
471.0,"[[45.766388, 4.835849], [45.766138, 4.835116], [45.766152, 4.835055], [45.766872, 4.834756], [45.767372, 4.834709], [45.768802, 4.834705], [45.768832, 4.834853], [45.76881, 4.835132], [45.76875, 4.835186], [45.768555, 4.835336], [45.767764, 4.835743], [45.767147, 4.835986], [45.766741, 4.83613], [45.766616, 4.836038]]"
472.0,"[[45.772477, 4.838438], [45.772529, 4.837321], [45.77339, 4.83584], [45.773723, 4.835711], [45.774388, 4.8358], [45.775055, 4.836016], [45.77529, 4.836913], [45.775433, 4.838522], [45.775178, 4.838946], [45.774204, 4.839101], [45.77258, 4.838697]]"
473.0,"[[45.7155, 4.793597], [45.715243, 4.783826], [45.716952, 4.777743], [45.722222, 4.788127], [45.7215, 4.790333], [45.721, 4.791333], [45.718615, 4.793064]]"
474.0,"[[45.724873, 4.932845], [45.721455, 4.933055], [45.716833, 4.928666], [45.714772, 4.925715], [45.714824, 4.925544], [45.723722, 4.925025], [45.726332, 4.925696], [45.726303, 4.929429], [45.724993, 4.932598]]"
475.0,"[[45.763101, 4.832694], [45.762966, 4.83305], [45.762363, 4.833558], [45.761878, 4.833894], [45.7617, 4.833801], [45.761348, 4.833319], [45.76122, 4.833126], [45.760951, 4.832589], [45.760951, 4.83245], [45.761166, 4.831833], [45.761191, 4.831795], [45.762104, 4.83157], [45.762222, 4.831666], [45.762313, 4.831763]]"
476.0,"[[45.790277, 4.871666], [45.790612, 4.870774], [45.794653, 4.871685], [45.795102, 4.874217], [45.795401, 4.877114], [45.794574, 4.877186], [45.792566, 4.87662]]"
477.0,"[[45.764105, 4.923119], [45.771155, 4.932358], [45.769558, 4.931895], [45.761886, 4.925516], [45.762014, 4.923602]]"
478.0,"[[45.703055, 4.931666], [45.706555, 4.94035], [45.699631, 4.941516], [45.699221, 4.941077], [45.701594, 4.933516]]"
479.0,"[[45.764993, 4.812805], [45.762212, 4.814055], [45.761463, 4.813861], [45.760794, 4.81253], [45.761711, 4.8115], [45.76248, 4.811163], [45.763463, 4.811686], [45.763994, 4.81203]]"
480.0,"[[45.788394, 4.79788], [45.789469, 4.79992], [45.788556, 4.800671], [45.788399, 4.800757], [45.787712, 4.800796], [45.787025, 4.799438], [45.787302, 4.798875], [45.788222, 4.797916]]"
481.0,"[[45.765217, 4.818631], [45.76672, 4.818572], [45.766944, 4.818602], [45.768989, 4.819028], [45.769, 4.8205], [45.7689, 4.820747], [45.768719, 4.820866], [45.767823, 4.821286], [45.767169, 4.821494], [45.766018, 4.821474], [45.765457, 4.820938], [45.764888, 4.819805], [45.764961, 4.819408]]"
482.0,"[[45.755352, 4.839971], [45.755927, 4.841422], [45.75591, 4.841498], [45.755833, 4.841667], [45.755599, 4.841773], [45.755304, 4.84188], [45.754522, 4.842038], [45.754316, 4.842063], [45.753211, 4.841687], [45.752837, 4.840764], [45.752798, 4.83984], [45.752833, 4.839667], [45.753488, 4.839166], [45.754326, 4.83879], [45.754708, 4.838667]]"
483.0,"[[45.703936, 4.834155], [45.70171, 4.833898], [45.702504, 4.832106], [45.703568, 4.830218], [45.707914, 4.828555], [45.706808, 4.831677]]"
484.0,"[[45.658372, 4.840338], [45.6552, 4.838911], [45.655641, 4.83386], [45.656047, 4.834155]]"
485.0,"[[45.753395, 4.819478], [45.754063, 4.821955], [45.753316, 4.824063], [45.752402, 4.82315], [45.751504, 4.821496], [45.751676, 4.821105], [45.751961, 4.820805]]"
486.0,"[[45.75887, 4.88712], [45.7575, 4.885833], [45.757819, 4.885133], [45.758061, 4.884827], [45.759656, 4.883712], [45.760203, 4.883615], [45.764293, 4.884572], [45.764723, 4.885203], [45.764005, 4.886196], [45.760262, 4.887671]]"
487.0,"[[45.75328, 4.850111], [45.753181, 4.849283], [45.753241, 4.846462], [45.754444, 4.845555], [45.754738, 4.845528], [45.757335, 4.846277], [45.757012, 4.848616], [45.756887, 4.848918], [45.755681, 4.85026]]"
488.0,"[[45.766752, 4.832278], [45.767373, 4.83157], [45.767463, 4.831559], [45.767691, 4.831651], [45.768333, 4.833], [45.768406, 4.833254], [45.768398, 4.83337], [45.768167, 4.833667], [45.767494, 4.833733], [45.767343, 4.833737], [45.767167, 4.833716], [45.767133, 4.833633], [45.766975, 4.833083]]"
489.0,"[[45.838243, 4.833254], [45.840011, 4.831666], [45.841237, 4.83305], [45.8415, 4.834779], [45.840759, 4.835918], [45.839365, 4.836117]]"
490.0,"[[45.771841, 4.859647], [45.773929, 4.857831], [45.77562, 4.85778], [45.776003, 4.857913], [45.776151, 4.858413], [45.776069, 4.85924], [45.775653, 4.859648], [45.775438, 4.859816], [45.77458, 4.860146], [45.772593, 4.860538], [45.772088, 4.860388]]"
491.0,"[[45.734815, 4.85498], [45.736732, 4.855281], [45.735874, 4.857008], [45.734837, 4.857845], [45.732333, 4.858991], [45.732272, 4.858977], [45.730688, 4.857673], [45.730797, 4.857319]]"
492.0,"[[45.779391, 4.801626], [45.77456, 4.798924], [45.776255, 4.797751], [45.780628, 4.798341], [45.7799, 4.801266], [45.779559, 4.801536]]"
493.0,"[[45.802851, 4.770029], [45.794591, 4.76976], [45.800666, 4.769666], [45.802829, 4.769976]]"
494.0,"[[45.751308, 4.848783], [45.75248, 4.849136], [45.752899, 4.849605], [45.75303, 4.850344], [45.752455, 4.851021], [45.749891, 4.852331], [45.747841, 4.851788], [45.747241, 4.851436], [45.747572, 4.85053], [45.748528, 4.849031], [45.750239, 4.848814]]"
495.0,"[[45.770724, 4.987092], [45.765713, 4.985361], [45.765811, 4.985008], [45.766847, 4.982341], [45.768319, 4.979369], [45.771438, 4.980247], [45.773611, 4.981944], [45.773297, 4.985797]]"
496.0,"[[45.751601, 4.839241], [45.751261, 4.840263], [45.749183, 4.841719], [45.748712, 4.841698], [45.748122, 4.84138], [45.74808, 4.84133], [45.747065, 4.839584], [45.747722, 4.837847], [45.748438, 4.837283], [45.749497, 4.837305], [45.751349, 4.838814]]"
497.0,"[[45.773345, 4.80787], [45.774628, 4.808739], [45.773738, 4.809655], [45.772713, 4.810488], [45.771212, 4.810069], [45.769887, 4.809313], [45.7725, 4.808008]]"
498.0,"[[45.772252, 4.829564], [45.771911, 4.828855], [45.772159, 4.828485], [45.772574, 4.827933], [45.772654, 4.827867], [45.772956, 4.827654], [45.773719, 4.827729], [45.774125, 4.827836], [45.775612, 4.828373], [45.774447, 4.829183], [45.77327, 4.82995]]"
499.0,"[[45.811003, 4.897327], [45.810775, 4.893986], [45.812645, 4.891813], [45.815569, 4.893314], [45.814735, 4.895447]]"
